station_id,station_name,wmo_id,data_source,timestamp,temperature_c,humidity_percent,pressure_hpa,anomaly_type,anomaly_class,is_injected_anomaly
AWS-KOL-ALP-01,Kolkata / Alipore,42807,SYNTHETIC_NEIGHBOR,2026-09-04 00:00:00,28.65,92.03,1005.32,,,0
AWS-KOL-CAN-01,Canning,42812,SYNTHETIC_NEIGHBOR,2026-09-04 00:00:00,29.55,90.38,1004.85,,,0
AWS-KOL-DUM-01,Kolkata / Dum Dum,42809,REAL_BASELINE,2026-09-04 00:00:00,28.00,94.00,1005.00,,,0
AWS-KOL-ULB-01,Uluberia,42805,SYNTHETIC_NEIGHBOR,2026-09-04 00:00:00,28.52,92.59,1005.05,,,0
AWS-KOL-ALP-01,Kolkata / Alipore,42807,SYNTHETIC_NEIGHBOR,2026-09-04 00:30:00,28.74,92.73,1006.21,,,0
AWS-KOL-CAN-01,Canning,42812,SYNTHETIC_NEIGHBOR,2026-09-04 00:30:00,29.53,90.82,1005.38,,,0
AWS-KOL-DUM-01,Kolkata / Dum Dum,42809,REAL_BASELINE,2026-09-04 00:30:00,28.00,94.00,1005.00,,,0
AWS-KOL-ULB-01,Uluberia,42805,SYNTHETIC_NEIGHBOR,2026-09-04 00:30:00,28.04,93.63,1006.12,,,0
AWS-KOL-ALP-01,Kolkata / Alipore,42807,SYNTHETIC_NEIGHBOR,2026-09-04 01:00:00,28.71,87.13,1005.77,,,0
AWS-KOL-CAN-01,Canning,42812,SYNTHETIC_NEIGHBOR,2026-09-04 01:00:00,28.79,85.24,1006.24,,,0
AWS-KOL-DUM-01,Kolkata / Dum Dum,42809,REAL_BASELINE,2026-09-04 01:00:00,28.00,89.00,1005.00,,,0
AWS-KOL-ULB-01,Uluberia,42805,SYNTHETIC_NEIGHBOR,2026-09-04 01:00:00,28.71,87.59,1005.46,,,0
AWS-KOL-ALP-01,Kolkata / Alipore,42807,SYNTHETIC_NEIGHBOR,2026-09-04 01:30:00,26.79,93.71,1003.62,,,0
AWS-KOL-CAN-01,Canning,42812,SYNTHETIC_NEIGHBOR,2026-09-04 01:30:00,27.50,87.90,1003.07,,,0
AWS-KOL-DUM-01,Kolkata / Dum Dum,42809,REAL_BASELINE,2026-09-04 01:30:00,26.00,94.00,1004.00,,,0
AWS-KOL-ULB-01,Uluberia,42805,SYNTHETIC_NEIGHBOR,2026-09-04 01:30:00,26.19,91.50,1004.81,,,0
AWS-KOL-ALP-01,Kolkata / Alipore,42807,SYNTHETIC_NEIGHBOR,2026-09-04 02:00:00,26.93,90.07,1004.99,,,0
AWS-KOL-CAN-01,Canning,42812,SYNTHETIC_NEIGHBOR,2026-09-04 02:00:00,26.95,90.61,1004.69,,,0
AWS-KOL-DUM-01,Kolkata / Dum Dum,42809,REAL_BASELINE,2026-09-04 02:00:00,26.00,94.00,1004.00,,,0
AWS-KOL-ULB-01,Uluberia,42805,SYNTHETIC_NEIGHBOR,2026-09-04 02:00:00,26.44,94.56,1004.65,,,0
AWS-KOL-ALP-01,Kolkata / Alipore,42807,SYNTHETIC_NEIGHBOR,2026-09-04 02:30:00,26.82,93.46,1004.73,,,0
AWS-KOL-CAN-01,Canning,42812,SYNTHETIC_NEIGHBOR,2026-09-04 02:30:00,27.08,89.44,1004.57,,,0
AWS-KOL-DUM-01,Kolkata / Dum Dum,42809,REAL_BASELINE,2026-09-04 02:30:00,26.00,94.00,1004.00,,,0
AWS-KOL-ULB-01,Uluberia,42805,SYNTHETIC_NEIGHBOR,2026-09-04 02:30:00,26.57,92.61,1005.84,,,0
AWS-KOL-ALP-01,Kolkata / Alipore,42807,SYNTHETIC_NEIGHBOR,2026-09-04 03:00:00,26.41,90.42,1004.94,,,0
AWS-KOL-CAN-01,Canning,42812,SYNTHETIC_NEIGHBOR,2026-09-04 03:00:00,27.80,91.46,1005.49,,,0
AWS-KOL-DUM-01,Kolkata / Dum Dum,42809,REAL_BASELINE,2026-09-04 03:00:00,26.00,94.00,1004.00,,,0
AWS-KOL-ULB-01,Uluberia,42805,SYNTHETIC_NEIGHBOR,2026-09-04 03:00:00,26.90,92.81,1003.20,,,0
AWS-KOL-ALP-01,Kolkata / Alipore,42807,SYNTHETIC_NEIGHBOR,2026-09-04 03:30:00,26.51,94.09,1003.39,,,0
AWS-KOL-CAN-01,Canning,42812,SYNTHETIC_NEIGHBOR,2026-09-04 03:30:00,27.31,91.13,1004.68,,,0
AWS-KOL-DUM-01,Kolkata / Dum Dum,42809,REAL_BASELINE,2026-09-04 03:30:00,26.00,94.00,1004.00,,,0
AWS-KOL-ULB-01,Uluberia,42805,SYNTHETIC_NEIGHBOR,2026-09-04 03:30:00,26.65,94.08,1005.82,,,0
AWS-KOL-ALP-01,Kolkata / Alipore,42807,SYNTHETIC_NEIGHBOR,2026-09-04 04:00:00,26.92,91.17,1004.01,,,0
AWS-KOL-CAN-01,Canning,42812,SYNTHETIC_NEIGHBOR,2026-09-04 04:00:00,27.01,92.46,1004.50,,,0
AWS-KOL-DUM-01,Kolkata / Dum Dum,42809,REAL_BASELINE,2026-09-04 04:00:00,26.00,94.00,1004.00,,,0
AWS-KOL-ULB-01,Uluberia,42805,SYNTHETIC_NEIGHBOR,2026-09-04 04:00:00,26.38,94.45,1003.69,,,0
AWS-KOL-ALP-01,Kolkata / Alipore,42807,SYNTHETIC_NEIGHBOR,2026-09-04 04:30:00,26.60,89.04,1003.64,,,0
AWS-KOL-CAN-01,Canning,42812,SYNTHETIC_NEIGHBOR,2026-09-04 04:30:00,27.10,91.47,1005.74,,,0
AWS-KOL-DUM-01,Kolkata / Dum Dum,42809,REAL_BASELINE,2026-09-04 04:30:00,26.00,94.00,1004.00,,,0
AWS-KOL-ULB-01,Uluberia,42805,SYNTHETIC_NEIGHBOR,2026-09-04 04:30:00,26.39,93.57,1004.32,,,0
AWS-KOL-ALP-01,Kolkata / Alipore,42807,SYNTHETIC_NEIGHBOR,2026-09-04 05:00:00,27.08,93.84,1004.59,,,0
AWS-KOL-CAN-01,Canning,42812,SYNTHETIC_NEIGHBOR,2026-09-04 05:00:00,26.95,92.39,1005.17,,,0
AWS-KOL-DUM-01,Kolkata / Dum Dum,42809,REAL_BASELINE,2026-09-04 05:00:00,26.00,94.00,1004.00,,,0
AWS-KOL-ULB-01,Uluberia,42805,SYNTHETIC_NEIGHBOR,2026-09-04 05:00:00,26.83,92.94,1005.57,,,0
AWS-KOL-ALP-01,Kolkata / Alipore,42807,SYNTHETIC_NEIGHBOR,2026-09-04 05:30:00,27.57,95.22,1005.48,,,0
AWS-KOL-CAN-01,Canning,42812,SYNTHETIC_NEIGHBOR,2026-09-04 05:30:00,28.12,88.69,1005.79,,,0
AWS-KOL-DUM-01,Kolkata / Dum Dum,42809,REAL_BASELINE,2026-09-04 05:30:00,27.00,94.00,1005.00,,,0
AWS-KOL-ULB-01,Uluberia,42805,SYNTHETIC_NEIGHBOR,2026-09-04 05:30:00,27.90,94.44,1005.68,,,0
AWS-KOL-ALP-01,Kolkata / Alipore,42807,SYNTHETIC_NEIGHBOR,2026-09-04 06:00:00,26.87,93.81,1005.79,,,0
AWS-KOL-CAN-01,Canning,42812,SYNTHETIC_NEIGHBOR,2026-09-04 06:00:00,28.11,89.59,1005.90,,,0
AWS-KOL-DUM-01,Kolkata / Dum Dum,42809,REAL_BASELINE,2026-09-04 06:00:00,27.00,94.00,1005.00,,,0
AWS-KOL-ULB-01,Uluberia,42805,SYNTHETIC_NEIGHBOR,2026-09-04 06:00:00,28.00,91.05,1004.90,,,0
AWS-KOL-ALP-01,Kolkata / Alipore,42807,SYNTHETIC_NEIGHBOR,2026-09-04 06:30:00,28.18,91.40,1005.15,,,0
AWS-KOL-CAN-01,Canning,42812,SYNTHETIC_NEIGHBOR,2026-09-04 06:30:00,28.33,88.43,1006.05,,,0
AWS-KOL-DUM-01,Kolkata / Dum Dum,42809,REAL_BASELINE,2026-09-04 06:30:00,27.00,94.00,1005.00,,,0
AWS-KOL-ULB-01,Uluberia,42805,SYNTHETIC_NEIGHBOR,2026-09-04 06:30:00,26.98,94.80,1005.20,,,0
AWS-KOL-ALP-01,Kolkata / Alipore,42807,SYNTHETIC_NEIGHBOR,2026-09-04 07:00:00,29.50,92.63,1007.36,,,0
AWS-KOL-CAN-01,Canning,42812,SYNTHETIC_NEIGHBOR,2026-09-04 07:00:00,28.84,90.57,1007.13,,,0
AWS-KOL-DUM-01,Kolkata / Dum Dum,42809,REAL_BASELINE,2026-09-04 07:00:00,28.00,94.00,1006.00,,,0
AWS-KOL-ULB-01,Uluberia,42805,SYNTHETIC_NEIGHBOR,2026-09-04 07:00:00,29.01,89.92,1006.89,,,0
AWS-KOL-ALP-01,Kolkata / Alipore,42807,SYNTHETIC_NEIGHBOR,2026-09-04 07:30:00,29.91,85.03,1006.90,,,0
AWS-KOL-CAN-01,Canning,42812,SYNTHETIC_NEIGHBOR,2026-09-04 07:30:00,30.32,79.73,1006.03,,,0
AWS-KOL-DUM-01,Kolkata / Dum Dum,42809,REAL_BASELINE,2026-09-04 07:30:00,29.00,84.00,1006.00,,,0
AWS-KOL-ULB-01,Uluberia,42805,SYNTHETIC_NEIGHBOR,2026-09-04 07:30:00,29.47,82.74,1007.61,,,0
AWS-KOL-ALP-01,Kolkata / Alipore,42807,SYNTHETIC_NEIGHBOR,2026-09-04 08:00:00,29.49,82.96,1005.30,,,0
AWS-KOL-CAN-01,Canning,42812,SYNTHETIC_NEIGHBOR,2026-09-04 08:00:00,30.16,81.18,1007.48,,,0
AWS-KOL-DUM-01,Kolkata / Dum Dum,42809,REAL_BASELINE,2026-09-04 08:00:00,29.00,84.00,1006.00,,,0
AWS-KOL-ULB-01,Uluberia,42805,SYNTHETIC_NEIGHBOR,2026-09-04 08:00:00,29.91,82.89,1005.42,,,0
AWS-KOL-ALP-01,Kolkata / Alipore,42807,SYNTHETIC_NEIGHBOR,2026-09-04 08:30:00,30.86,83.22,1007.74,,,0
AWS-KOL-CAN-01,Canning,42812,SYNTHETIC_NEIGHBOR,2026-09-04 08:30:00,31.05,82.78,1007.96,,,0
AWS-KOL-DUM-01,Kolkata / Dum Dum,42809,REAL_BASELINE,2026-09-04 08:30:00,30.00,84.00,1007.00,,,0
AWS-KOL-ULB-01,Uluberia,42805,SYNTHETIC_NEIGHBOR,2026-09-04 08:30:00,30.64,85.33,1007.63,,,0
AWS-KOL-ALP-01,Kolkata / Alipore,42807,SYNTHETIC_NEIGHBOR,2026-09-04 09:00:00,30.80,86.17,1007.57,,,0
AWS-KOL-CAN-01,Canning,42812,SYNTHETIC_NEIGHBOR,2026-09-04 09:00:00,31.20,80.90,1008.94,,,0
AWS-KOL-DUM-01,Kolkata / Dum Dum,42809,REAL_BASELINE,2026-09-04 09:00:00,30.00,84.00,1007.00,,,0
AWS-KOL-ULB-01,Uluberia,42805,SYNTHETIC_NEIGHBOR,2026-09-04 09:00:00,30.44,84.02,1008.04,,,0
AWS-KOL-ALP-01,Kolkata / Alipore,42807,SYNTHETIC_NEIGHBOR,2026-09-04 09:30:00,30.52,79.26,1007.61,,,0
AWS-KOL-CAN-01,Canning,42812,SYNTHETIC_NEIGHBOR,2026-09-04 09:30:00,31.38,79.56,1008.51,,,0
AWS-KOL-DUM-01,Kolkata / Dum Dum,42809,REAL_BASELINE,2026-09-04 09:30:00,30.00,84.00,1007.00,,,0
AWS-KOL-ULB-01,Uluberia,42805,SYNTHETIC_NEIGHBOR,2026-09-04 09:30:00,30.61,81.26,1007.56,,,0
AWS-KOL-ALP-01,Kolkata / Alipore,42807,SYNTHETIC_NEIGHBOR,2026-09-04 10:00:00,30.63,70.67,1007.72,,,0
AWS-KOL-CAN-01,Canning,42812,SYNTHETIC_NEIGHBOR,2026-09-04 10:00:00,31.28,70.34,1008.27,,,0
AWS-KOL-DUM-01,Kolkata / Dum Dum,42809,REAL_BASELINE,2026-09-04 10:00:00,30.00,75.00,1007.00,,,0
AWS-KOL-ULB-01,Uluberia,42805,SYNTHETIC_NEIGHBOR,2026-09-04 10:00:00,30.57,73.02,1007.48,,,0
AWS-KOL-ALP-01,Kolkata / Alipore,42807,SYNTHETIC_NEIGHBOR,2026-09-04 10:30:00,31.06,75.95,1007.67,,,0
AWS-KOL-CAN-01,Canning,42812,SYNTHETIC_NEIGHBOR,2026-09-04 10:30:00,31.30,79.75,1006.60,,,0
AWS-KOL-DUM-01,Kolkata / Dum Dum,42809,REAL_BASELINE,2026-09-04 10:30:00,30.00,79.00,1007.00,,,0
AWS-KOL-ULB-01,Uluberia,42805,SYNTHETIC_NEIGHBOR,2026-09-04 10:30:00,30.64,77.49,1007.13,,,0
AWS-KOL-ALP-01,Kolkata / Alipore,42807,SYNTHETIC_NEIGHBOR,2026-09-04 11:00:00,32.37,73.14,1007.97,,,0
AWS-KOL-CAN-01,Canning,42812,SYNTHETIC_NEIGHBOR,2026-09-04 11:00:00,32.15,72.34,1006.56,,,0
AWS-KOL-DUM-01,Kolkata / Dum Dum,42809,REAL_BASELINE,2026-09-04 11:00:00,31.00,75.00,1006.00,,,0
AWS-KOL-ULB-01,Uluberia,42805,SYNTHETIC_NEIGHBOR,2026-09-04 11:00:00,31.16,74.27,1006.00,,,0
AWS-KOL-ALP-01,Kolkata / Alipore,42807,SYNTHETIC_NEIGHBOR,2026-09-04 11:30:00,31.77,64.52,1007.80,,,0
AWS-KOL-CAN-01,Canning,42812,SYNTHETIC_NEIGHBOR,2026-09-04 11:30:00,32.24,69.83,1006.20,,,0
AWS-KOL-DUM-01,Kolkata / Dum Dum,42809,REAL_BASELINE,2026-09-04 11:30:00,31.00,70.00,1006.00,,,0
AWS-KOL-ULB-01,Uluberia,42805,SYNTHETIC_NEIGHBOR,2026-09-04 11:30:00,31.50,74.77,1005.59,,,0
AWS-KOL-ALP-01,Kolkata / Alipore,42807,SYNTHETIC_NEIGHBOR,2026-09-04 12:00:00,32.18,64.47,1006.73,,,0
AWS-KOL-CAN-01,Canning,42812,SYNTHETIC_NEIGHBOR,2026-09-04 12:00:00,33.54,65.94,1006.72,,,0
AWS-KOL-DUM-01,Kolkata / Dum Dum,42809,REAL_BASELINE,2026-09-04 12:00:00,32.00,67.00,1006.00,,,0
AWS-KOL-ULB-01,Uluberia,42805,SYNTHETIC_NEIGHBOR,2026-09-04 12:00:00,31.84,65.46,1007.07,,,0
AWS-KOL-ALP-01,Kolkata / Alipore,42807,SYNTHETIC_NEIGHBOR,2026-09-04 12:30:00,32.86,61.76,1005.38,,,0
AWS-KOL-CAN-01,Canning,42812,SYNTHETIC_NEIGHBOR,2026-09-04 12:30:00,33.79,67.38,1006.29,,,0
AWS-KOL-DUM-01,Kolkata / Dum Dum,42809,REAL_BASELINE,2026-09-04 12:30:00,32.00,67.00,1005.00,,,0
AWS-KOL-ULB-01,Uluberia,42805,SYNTHETIC_NEIGHBOR,2026-09-04 12:30:00,32.51,63.84,1004.61,,,0
AWS-KOL-ALP-01,Kolkata / Alipore,42807,SYNTHETIC_NEIGHBOR,2026-09-04 13:00:00,32.72,66.23,1005.81,,,0
AWS-KOL-CAN-01,Canning,42812,SYNTHETIC_NEIGHBOR,2026-09-04 13:00:00,33.13,61.64,1005.36,,,0
AWS-KOL-DUM-01,Kolkata / Dum Dum,42809,REAL_BASELINE,2026-09-04 13:00:00,32.00,67.00,1005.00,,,0
AWS-KOL-ULB-01,Uluberia,42805,SYNTHETIC_NEIGHBOR,2026-09-04 13:00:00,32.00,67.36,1003.58,,,0
AWS-KOL-ALP-01,Kolkata / Alipore,42807,SYNTHETIC_NEIGHBOR,2026-09-04 13:30:00,32.58,66.16,1006.47,,,0
AWS-KOL-CAN-01,Canning,42812,SYNTHETIC_NEIGHBOR,2026-09-04 13:30:00,33.32,65.47,1005.62,,,0
AWS-KOL-DUM-01,Kolkata / Dum Dum,42809,REAL_BASELINE,2026-09-04 13:30:00,32.00,67.00,1005.00,,,0
AWS-KOL-ULB-01,Uluberia,42805,SYNTHETIC_NEIGHBOR,2026-09-04 13:30:00,32.14,64.95,1006.27,,,0
AWS-KOL-ALP-01,Kolkata / Alipore,42807,SYNTHETIC_NEIGHBOR,2026-09-04 14:00:00,33.05,70.12,1007.73,,,0
AWS-KOL-CAN-01,Canning,42812,SYNTHETIC_NEIGHBOR,2026-09-04 14:00:00,33.29,68.79,1006.12,,,0
AWS-KOL-DUM-01,Kolkata / Dum Dum,42809,REAL_BASELINE,2026-09-04 14:00:00,32.00,71.00,1005.00,,,0
AWS-KOL-ULB-01,Uluberia,42805,SYNTHETIC_NEIGHBOR,2026-09-04 14:00:00,32.32,74.29,1006.25,,,0
AWS-KOL-ALP-01,Kolkata / Alipore,42807,SYNTHETIC_NEIGHBOR,2026-09-04 14:30:00,32.21,64.73,1004.70,,,0
AWS-KOL-CAN-01,Canning,42812,SYNTHETIC_NEIGHBOR,2026-09-04 14:30:00,33.57,61.18,1003.32,,,0
AWS-KOL-DUM-01,Kolkata / Dum Dum,42809,REAL_BASELINE,2026-09-04 14:30:00,32.00,67.00,1004.00,,,0
AWS-KOL-ULB-01,Uluberia,42805,SYNTHETIC_NEIGHBOR,2026-09-04 14:30:00,31.73,66.14,1004.13,,,0
AWS-KOL-ALP-01,Kolkata / Alipore,42807,SYNTHETIC_NEIGHBOR,2026-09-04 15:00:00,31.82,71.91,1003.54,,,0
AWS-KOL-CAN-01,Canning,42812,SYNTHETIC_NEIGHBOR,2026-09-04 15:00:00,31.59,72.44,1005.16,,,0
AWS-KOL-DUM-01,Kolkata / Dum Dum,42809,REAL_BASELINE,2026-09-04 15:00:00,31.00,75.00,1004.00,,,0
AWS-KOL-ULB-01,Uluberia,42805,SYNTHETIC_NEIGHBOR,2026-09-04 15:00:00,31.75,75.44,1004.07,,,0
AWS-KOL-ALP-01,Kolkata / Alipore,42807,SYNTHETIC_NEIGHBOR,2026-09-04 15:30:00,32.17,67.96,1003.94,,,0
AWS-KOL-CAN-01,Canning,42812,SYNTHETIC_NEIGHBOR,2026-09-04 15:30:00,32.12,65.67,1003.38,,,0
AWS-KOL-DUM-01,Kolkata / Dum Dum,42809,REAL_BASELINE,2026-09-04 15:30:00,31.00,70.00,1004.00,,,0
AWS-KOL-ULB-01,Uluberia,42805,SYNTHETIC_NEIGHBOR,2026-09-04 15:30:00,31.45,69.54,1003.95,,,0
AWS-KOL-ALP-01,Kolkata / Alipore,42807,SYNTHETIC_NEIGHBOR,2026-09-04 16:00:00,31.45,74.06,1005.60,,,0
AWS-KOL-CAN-01,Canning,42812,SYNTHETIC_NEIGHBOR,2026-09-04 16:00:00,32.31,70.76,1004.49,,,0
AWS-KOL-DUM-01,Kolkata / Dum Dum,42809,REAL_BASELINE,2026-09-04 16:00:00,31.00,75.00,1004.00,,,0
AWS-KOL-ULB-01,Uluberia,42805,SYNTHETIC_NEIGHBOR,2026-09-04 16:00:00,31.38,71.83,1004.11,,,0
AWS-KOL-ALP-01,Kolkata / Alipore,42807,SYNTHETIC_NEIGHBOR,2026-09-04 16:30:00,31.72,76.64,1005.06,,,0
AWS-KOL-CAN-01,Canning,42812,SYNTHETIC_NEIGHBOR,2026-09-04 16:30:00,32.66,70.30,1005.37,,,0
AWS-KOL-DUM-01,Kolkata / Dum Dum,42809,REAL_BASELINE,2026-09-04 16:30:00,31.00,75.00,1004.00,,,0
AWS-KOL-ULB-01,Uluberia,42805,SYNTHETIC_NEIGHBOR,2026-09-04 16:30:00,31.00,74.76,1004.49,,,0
AWS-KOL-ALP-01,Kolkata / Alipore,42807,SYNTHETIC_NEIGHBOR,2026-09-04 17:00:00,30.43,80.99,1004.80,,,0
AWS-KOL-CAN-01,Canning,42812,SYNTHETIC_NEIGHBOR,2026-09-04 17:00:00,30.63,76.84,1004.61,,,0
AWS-KOL-DUM-01,Kolkata / Dum Dum,42809,REAL_BASELINE,2026-09-04 17:00:00,30.00,79.00,1004.00,,,0
AWS-KOL-ULB-01,Uluberia,42805,SYNTHETIC_NEIGHBOR,2026-09-04 17:00:00,30.40,78.94,1004.47,,,0
AWS-KOL-ALP-01,Kolkata / Alipore,42807,SYNTHETIC_NEIGHBOR,2026-09-04 17:30:00,29.99,71.42,1005.94,,,0
AWS-KOL-CAN-01,Canning,42812,SYNTHETIC_NEIGHBOR,2026-09-04 17:30:00,31.76,74.99,1007.16,,,0
AWS-KOL-DUM-01,Kolkata / Dum Dum,42809,REAL_BASELINE,2026-09-04 17:30:00,30.00,75.00,1005.00,,,0
AWS-KOL-ULB-01,Uluberia,42805,SYNTHETIC_NEIGHBOR,2026-09-04 17:30:00,29.68,75.66,1003.86,,,0
AWS-KOL-ALP-01,Kolkata / Alipore,42807,SYNTHETIC_NEIGHBOR,2026-09-04 18:00:00,30.26,77.64,1004.60,,,0
AWS-KOL-CAN-01,Canning,42812,SYNTHETIC_NEIGHBOR,2026-09-04 18:00:00,31.00,76.66,1004.58,,,0
AWS-KOL-DUM-01,Kolkata / Dum Dum,42809,REAL_BASELINE,2026-09-04 18:00:00,29.00,79.00,1005.00,,,0
AWS-KOL-ULB-01,Uluberia,42805,SYNTHETIC_NEIGHBOR,2026-09-04 18:00:00,29.50,76.76,1005.28,,,0
AWS-KOL-ALP-01,Kolkata / Alipore,42807,SYNTHETIC_NEIGHBOR,2026-09-04 18:30:00,29.54,84.84,1005.40,,,0
AWS-KOL-CAN-01,Canning,42812,SYNTHETIC_NEIGHBOR,2026-09-04 18:30:00,30.41,83.91,1006.32,,,0
AWS-KOL-DUM-01,Kolkata / Dum Dum,42809,REAL_BASELINE,2026-09-04 18:30:00,29.00,84.00,1006.00,,,0
AWS-KOL-ULB-01,Uluberia,42805,SYNTHETIC_NEIGHBOR,2026-09-04 18:30:00,29.47,83.45,1005.72,,,0
AWS-KOL-ALP-01,Kolkata / Alipore,42807,SYNTHETIC_NEIGHBOR,2026-09-04 19:00:00,29.93,82.44,1005.74,,,0
AWS-KOL-CAN-01,Canning,42812,SYNTHETIC_NEIGHBOR,2026-09-04 19:00:00,30.92,81.95,1006.78,,,0
AWS-KOL-DUM-01,Kolkata / Dum Dum,42809,REAL_BASELINE,2026-09-04 19:00:00,29.00,84.00,1006.00,,,0
AWS-KOL-ULB-01,Uluberia,42805,SYNTHETIC_NEIGHBOR,2026-09-04 19:00:00,29.18,81.74,1007.06,,,0
AWS-KOL-ALP-01,Kolkata / Alipore,42807,SYNTHETIC_NEIGHBOR,2026-09-04 19:30:00,29.65,83.16,1006.27,,,0
AWS-KOL-CAN-01,Canning,42812,SYNTHETIC_NEIGHBOR,2026-09-04 19:30:00,30.52,80.41,1007.43,,,0
AWS-KOL-DUM-01,Kolkata / Dum Dum,42809,REAL_BASELINE,2026-09-04 19:30:00,29.00,84.00,1006.00,,,0
AWS-KOL-ULB-01,Uluberia,42805,SYNTHETIC_NEIGHBOR,2026-09-04 19:30:00,29.34,84.61,1006.67,,,0
AWS-KOL-ALP-01,Kolkata / Alipore,42807,SYNTHETIC_NEIGHBOR,2026-09-04 20:00:00,29.66,80.79,1006.74,,,0
AWS-KOL-CAN-01,Canning,42812,SYNTHETIC_NEIGHBOR,2026-09-04 20:00:00,30.04,78.97,1008.51,,,0
AWS-KOL-DUM-01,Kolkata / Dum Dum,42809,REAL_BASELINE,2026-09-04 20:00:00,29.00,84.00,1007.00,,,0
AWS-KOL-ULB-01,Uluberia,42805,SYNTHETIC_NEIGHBOR,2026-09-04 20:00:00,29.38,85.93,1008.80,,,0
AWS-KOL-ALP-01,Kolkata / Alipore,42807,SYNTHETIC_NEIGHBOR,2026-09-04 20:30:00,29.71,79.54,1007.13,,,0
AWS-KOL-CAN-01,Canning,42812,SYNTHETIC_NEIGHBOR,2026-09-04 20:30:00,30.27,78.00,1007.72,,,0
AWS-KOL-DUM-01,Kolkata / Dum Dum,42809,REAL_BASELINE,2026-09-04 20:30:00,29.00,84.00,1007.00,,,0
AWS-KOL-ULB-01,Uluberia,42805,SYNTHETIC_NEIGHBOR,2026-09-04 20:30:00,29.50,82.25,1006.66,,,0
AWS-KOL-ALP-01,Kolkata / Alipore,42807,SYNTHETIC_NEIGHBOR,2026-09-04 21:00:00,29.43,85.61,1008.29,,,0
AWS-KOL-CAN-01,Canning,42812,SYNTHETIC_NEIGHBOR,2026-09-04 21:00:00,30.01,80.08,1009.57,,,0
AWS-KOL-DUM-01,Kolkata / Dum Dum,42809,REAL_BASELINE,2026-09-04 21:00:00,29.00,84.00,1008.00,,,0
AWS-KOL-ULB-01,Uluberia,42805,SYNTHETIC_NEIGHBOR,2026-09-04 21:00:00,29.16,84.03,1008.71,,,0
AWS-KOL-ALP-01,Kolkata / Alipore,42807,SYNTHETIC_NEIGHBOR,2026-09-04 21:30:00,29.96,89.78,1008.01,,,0
AWS-KOL-CAN-01,Canning,42812,SYNTHETIC_NEIGHBOR,2026-09-04 21:30:00,30.70,84.15,1008.62,,,0
AWS-KOL-DUM-01,Kolkata / Dum Dum,42809,REAL_BASELINE,2026-09-04 21:30:00,29.00,89.00,1008.00,,,0
AWS-KOL-ULB-01,Uluberia,42805,SYNTHETIC_NEIGHBOR,2026-09-04 21:30:00,29.82,89.48,1008.20,,,0
AWS-KOL-ALP-01,Kolkata / Alipore,42807,SYNTHETIC_NEIGHBOR,2026-09-04 22:00:00,29.28,88.44,1007.96,,,0
AWS-KOL-CAN-01,Canning,42812,SYNTHETIC_NEIGHBOR,2026-09-04 22:00:00,29.98,84.59,1009.07,,,0
AWS-KOL-DUM-01,Kolkata / Dum Dum,42809,REAL_BASELINE,2026-09-04 22:00:00,29.00,89.00,1008.00,,,0
AWS-KOL-ULB-01,Uluberia,42805,SYNTHETIC_NEIGHBOR,2026-09-04 22:00:00,28.66,88.93,1008.32,,,0
AWS-KOL-ALP-01,Kolkata / Alipore,42807,SYNTHETIC_NEIGHBOR,2026-09-04 22:30:00,29.50,89.24,1008.83,,,0
AWS-KOL-CAN-01,Canning,42812,SYNTHETIC_NEIGHBOR,2026-09-04 22:30:00,30.09,84.52,1009.39,,,0
AWS-KOL-DUM-01,Kolkata / Dum Dum,42809,REAL_BASELINE,2026-09-04 22:30:00,29.00,89.00,1008.00,,,0
AWS-KOL-ULB-01,Uluberia,42805,SYNTHETIC_NEIGHBOR,2026-09-04 22:30:00,28.87,87.63,1007.76,,,0
AWS-KOL-ALP-01,Kolkata / Alipore,42807,SYNTHETIC_NEIGHBOR,2026-09-04 23:00:00,28.72,87.70,1008.43,,,0
AWS-KOL-CAN-01,Canning,42812,SYNTHETIC_NEIGHBOR,2026-09-04 23:00:00,29.70,85.99,1008.68,,,0
AWS-KOL-DUM-01,Kolkata / Dum Dum,42809,REAL_BASELINE,2026-09-04 23:00:00,28.00,89.00,1008.00,,,0
AWS-KOL-ULB-01,Uluberia,42805,SYNTHETIC_NEIGHBOR,2026-09-04 23:00:00,27.98,89.51,1008.57,,,0
AWS-KOL-ALP-01,Kolkata / Alipore,42807,SYNTHETIC_NEIGHBOR,2026-09-04 23:30:00,29.21,85.85,1008.42,,,0
AWS-KOL-CAN-01,Canning,42812,SYNTHETIC_NEIGHBOR,2026-09-04 23:30:00,29.28,85.52,1008.91,,,0
AWS-KOL-DUM-01,Kolkata / Dum Dum,42809,REAL_BASELINE,2026-09-04 23:30:00,28.00,89.00,1008.00,,,0
AWS-KOL-ULB-01,Uluberia,42805,SYNTHETIC_NEIGHBOR,2026-09-04 23:30:00,27.80,89.73,1008.66,,,0
AWS-KOL-ALP-01,Kolkata / Alipore,42807,SYNTHETIC_NEIGHBOR,2026-09-05 00:00:00,29.10,96.28,1008.18,,,0
AWS-KOL-CAN-01,Canning,42812,SYNTHETIC_NEIGHBOR,2026-09-05 00:00:00,29.29,90.70,1010.26,,,0
AWS-KOL-DUM-01,Kolkata / Dum Dum,42809,REAL_BASELINE,2026-09-05 00:00:00,28.00,94.00,1008.00,,,0
AWS-KOL-ULB-01,Uluberia,42805,SYNTHETIC_NEIGHBOR,2026-09-05 00:00:00,27.79,94.13,1007.17,,,0
AWS-KOL-ALP-01,Kolkata / Alipore,42807,SYNTHETIC_NEIGHBOR,2026-09-05 00:30:00,27.80,88.91,1006.43,,,0
AWS-KOL-CAN-01,Canning,42812,SYNTHETIC_NEIGHBOR,2026-09-05 00:30:00,29.67,89.02,1007.74,,,0
AWS-KOL-DUM-01,Kolkata / Dum Dum,42809,REAL_BASELINE,2026-09-05 00:30:00,28.00,94.00,1007.00,,,0
AWS-KOL-ULB-01,Uluberia,42805,SYNTHETIC_NEIGHBOR,2026-09-05 00:30:00,27.99,94.30,1006.43,,,0
AWS-KOL-ALP-01,Kolkata / Alipore,42807,SYNTHETIC_NEIGHBOR,2026-09-05 01:00:00,29.16,90.42,1006.86,,,0
AWS-KOL-CAN-01,Canning,42812,SYNTHETIC_NEIGHBOR,2026-09-05 01:00:00,29.34,90.71,1008.90,,,0
AWS-KOL-DUM-01,Kolkata / Dum Dum,42809,REAL_BASELINE,2026-09-05 01:00:00,28.00,94.00,1007.00,,,0
AWS-KOL-ULB-01,Uluberia,42805,SYNTHETIC_NEIGHBOR,2026-09-05 01:00:00,28.44,90.92,1006.81,,,0
AWS-KOL-ALP-01,Kolkata / Alipore,42807,SYNTHETIC_NEIGHBOR,2026-09-05 01:30:00,28.50,93.68,1007.67,,,0
AWS-KOL-CAN-01,Canning,42812,SYNTHETIC_NEIGHBOR,2026-09-05 01:30:00,29.26,92.25,1007.53,,,0
AWS-KOL-DUM-01,Kolkata / Dum Dum,42809,REAL_BASELINE,2026-09-05 01:30:00,28.00,94.00,1007.00,,,0
AWS-KOL-ULB-01,Uluberia,42805,SYNTHETIC_NEIGHBOR,2026-09-05 01:30:00,28.35,93.44,1008.27,,,0
AWS-KOL-ALP-01,Kolkata / Alipore,42807,SYNTHETIC_NEIGHBOR,2026-09-05 02:00:00,28.67,91.70,1006.67,,,0
AWS-KOL-CAN-01,Canning,42812,SYNTHETIC_NEIGHBOR,2026-09-05 02:00:00,29.54,89.56,1008.14,,,0
AWS-KOL-DUM-01,Kolkata / Dum Dum,42809,REAL_BASELINE,2026-09-05 02:00:00,28.00,94.00,1007.00,,,0
AWS-KOL-ULB-01,Uluberia,42805,SYNTHETIC_NEIGHBOR,2026-09-05 02:00:00,27.73,95.14,1006.27,,,0
AWS-KOL-ALP-01,Kolkata / Alipore,42807,SYNTHETIC_NEIGHBOR,2026-09-05 02:30:00,28.43,94.30,1005.47,,,0
AWS-KOL-CAN-01,Canning,42812,SYNTHETIC_NEIGHBOR,2026-09-05 02:30:00,29.27,90.82,1006.20,,,0
AWS-KOL-DUM-01,Kolkata / Dum Dum,42809,REAL_BASELINE,2026-09-05 02:30:00,28.00,94.00,1006.00,,,0
AWS-KOL-ULB-01,Uluberia,42805,SYNTHETIC_NEIGHBOR,2026-09-05 02:30:00,28.87,95.68,1004.82,,,0
AWS-KOL-ALP-01,Kolkata / Alipore,42807,SYNTHETIC_NEIGHBOR,2026-09-05 03:00:00,28.19,93.91,1005.49,,,0
AWS-KOL-CAN-01,Canning,42812,SYNTHETIC_NEIGHBOR,2026-09-05 03:00:00,29.16,90.94,1007.38,,,0
AWS-KOL-DUM-01,Kolkata / Dum Dum,42809,REAL_BASELINE,2026-09-05 03:00:00,28.00,94.00,1006.00,,,0
AWS-KOL-ULB-01,Uluberia,42805,SYNTHETIC_NEIGHBOR,2026-09-05 03:00:00,28.32,93.29,1005.66,,,0
AWS-KOL-ALP-01,Kolkata / Alipore,42807,SYNTHETIC_NEIGHBOR,2026-09-05 03:30:00,29.15,91.32,1006.64,,,0
AWS-KOL-CAN-01,Canning,42812,SYNTHETIC_NEIGHBOR,2026-09-05 03:30:00,29.12,90.91,1006.78,,,0
AWS-KOL-DUM-01,Kolkata / Dum Dum,42809,REAL_BASELINE,2026-09-05 03:30:00,28.00,94.00,1006.00,,,0
AWS-KOL-ULB-01,Uluberia,42805,SYNTHETIC_NEIGHBOR,2026-09-05 03:30:00,28.34,91.29,1006.76,,,0
AWS-KOL-ALP-01,Kolkata / Alipore,42807,SYNTHETIC_NEIGHBOR,2026-09-05 04:00:00,29.19,92.64,1006.91,,,0
AWS-KOL-CAN-01,Canning,42812,SYNTHETIC_NEIGHBOR,2026-09-05 04:00:00,29.59,92.27,1007.11,,,0
AWS-KOL-DUM-01,Kolkata / Dum Dum,42809,REAL_BASELINE,2026-09-05 04:00:00,28.00,94.00,1006.00,,,0
AWS-KOL-ULB-01,Uluberia,42805,SYNTHETIC_NEIGHBOR,2026-09-05 04:00:00,28.47,94.64,1006.25,,,0
AWS-KOL-ALP-01,Kolkata / Alipore,42807,SYNTHETIC_NEIGHBOR,2026-09-05 04:30:00,28.36,92.45,1006.08,,,0
AWS-KOL-CAN-01,Canning,42812,SYNTHETIC_NEIGHBOR,2026-09-05 04:30:00,29.30,91.42,1008.77,,,0
AWS-KOL-DUM-01,Kolkata / Dum Dum,42809,REAL_BASELINE,2026-09-05 04:30:00,28.00,94.00,1007.00,,,0
AWS-KOL-ULB-01,Uluberia,42805,SYNTHETIC_NEIGHBOR,2026-09-05 04:30:00,28.45,94.76,1007.20,,,0
AWS-KOL-ALP-01,Kolkata / Alipore,42807,SYNTHETIC_NEIGHBOR,2026-09-05 05:00:00,27.34,89.87,1006.72,,,0
AWS-KOL-CAN-01,Canning,42812,SYNTHETIC_NEIGHBOR,2026-09-05 05:00:00,27.82,91.94,1007.75,,,0
AWS-KOL-DUM-01,Kolkata / Dum Dum,42809,REAL_BASELINE,2026-09-05 05:00:00,27.00,94.00,1007.00,,,0
AWS-KOL-ULB-01,Uluberia,42805,SYNTHETIC_NEIGHBOR,2026-09-05 05:00:00,27.60,93.18,1007.93,,,0
AWS-KOL-ALP-01,Kolkata / Alipore,42807,SYNTHETIC_NEIGHBOR,2026-09-05 05:30:00,28.07,91.07,1007.21,,,0
AWS-KOL-CAN-01,Canning,42812,SYNTHETIC_NEIGHBOR,2026-09-05 05:30:00,28.11,87.80,1008.37,,,0
AWS-KOL-DUM-01,Kolkata / Dum Dum,42809,REAL_BASELINE,2026-09-05 05:30:00,27.00,94.00,1007.00,,,0
AWS-KOL-ULB-01,Uluberia,42805,SYNTHETIC_NEIGHBOR,2026-09-05 05:30:00,27.82,92.98,1006.85,,,0
AWS-KOL-ALP-01,Kolkata / Alipore,42807,SYNTHETIC_NEIGHBOR,2026-09-05 06:00:00,28.08,94.01,1007.52,,,0
AWS-KOL-CAN-01,Canning,42812,SYNTHETIC_NEIGHBOR,2026-09-05 06:00:00,28.35,95.63,1008.87,,,0
AWS-KOL-DUM-01,Kolkata / Dum Dum,42809,REAL_BASELINE,2026-09-05 06:00:00,27.00,100.00,1007.00,,,0
AWS-KOL-ULB-01,Uluberia,42805,SYNTHETIC_NEIGHBOR,2026-09-05 06:00:00,27.74,98.54,1007.14,,,0
AWS-KOL-ALP-01,Kolkata / Alipore,42807,SYNTHETIC_NEIGHBOR,2026-09-05 06:30:00,28.56,91.44,1007.48,,,0
AWS-KOL-CAN-01,Canning,42812,SYNTHETIC_NEIGHBOR,2026-09-05 06:30:00,29.78,92.40,1009.46,,,0
AWS-KOL-DUM-01,Kolkata / Dum Dum,42809,REAL_BASELINE,2026-09-05 06:30:00,28.00,94.00,1008.00,,,0
AWS-KOL-ULB-01,Uluberia,42805,SYNTHETIC_NEIGHBOR,2026-09-05 06:30:00,28.02,96.94,1009.59,,,0
AWS-KOL-ALP-01,Kolkata / Alipore,42807,SYNTHETIC_NEIGHBOR,2026-09-05 07:00:00,29.77,85.68,1007.79,,,0
AWS-KOL-CAN-01,Canning,42812,SYNTHETIC_NEIGHBOR,2026-09-05 07:00:00,30.45,83.99,1008.88,,,0
AWS-KOL-DUM-01,Kolkata / Dum Dum,42809,REAL_BASELINE,2026-09-05 07:00:00,29.00,89.00,1008.00,,,0
AWS-KOL-ULB-01,Uluberia,42805,SYNTHETIC_NEIGHBOR,2026-09-05 07:00:00,29.78,85.29,1009.60,,,0
AWS-KOL-ALP-01,Kolkata / Alipore,42807,SYNTHETIC_NEIGHBOR,2026-09-05 07:30:00,30.25,84.96,1007.41,,,0
AWS-KOL-CAN-01,Canning,42812,SYNTHETIC_NEIGHBOR,2026-09-05 07:30:00,30.20,83.84,1008.72,,,0
AWS-KOL-DUM-01,Kolkata / Dum Dum,42809,REAL_BASELINE,2026-09-05 07:30:00,29.00,89.00,1008.00,,,0
AWS-KOL-ULB-01,Uluberia,42805,SYNTHETIC_NEIGHBOR,2026-09-05 07:30:00,28.50,87.91,1009.46,,,0
AWS-KOL-ALP-01,Kolkata / Alipore,42807,SYNTHETIC_NEIGHBOR,2026-09-05 08:00:00,30.31,81.93,1007.36,,,0
AWS-KOL-CAN-01,Canning,42812,SYNTHETIC_NEIGHBOR,2026-09-05 08:00:00,31.52,80.21,1010.26,,,0
AWS-KOL-DUM-01,Kolkata / Dum Dum,42809,REAL_BASELINE,2026-09-05 08:00:00,30.00,84.00,1008.00,,,0
AWS-KOL-ULB-01,Uluberia,42805,SYNTHETIC_NEIGHBOR,2026-09-05 08:00:00,30.47,82.41,1008.59,,,0
AWS-KOL-ALP-01,Kolkata / Alipore,42807,SYNTHETIC_NEIGHBOR,2026-09-05 08:30:00,30.52,84.96,1009.61,,,0
AWS-KOL-CAN-01,Canning,42812,SYNTHETIC_NEIGHBOR,2026-09-05 08:30:00,31.24,85.99,1010.16,,,0
AWS-KOL-DUM-01,Kolkata / Dum Dum,42809,REAL_BASELINE,2026-09-05 08:30:00,30.00,89.00,1009.00,,,0
AWS-KOL-ULB-01,Uluberia,42805,SYNTHETIC_NEIGHBOR,2026-09-05 08:30:00,30.22,88.90,1010.42,,,0
AWS-KOL-ALP-01,Kolkata / Alipore,42807,SYNTHETIC_NEIGHBOR,2026-09-05 09:00:00,30.31,90.55,1009.23,,,0
AWS-KOL-CAN-01,Canning,42812,SYNTHETIC_NEIGHBOR,2026-09-05 09:00:00,31.03,90.11,1010.01,,,0
AWS-KOL-DUM-01,Kolkata / Dum Dum,42809,REAL_BASELINE,2026-09-05 09:00:00,30.00,89.00,1009.00,,,0
AWS-KOL-ULB-01,Uluberia,42805,SYNTHETIC_NEIGHBOR,2026-09-05 09:00:00,30.88,89.45,1008.02,,,0
AWS-KOL-ALP-01,Kolkata / Alipore,42807,SYNTHETIC_NEIGHBOR,2026-09-05 09:30:00,30.74,81.37,1008.46,,,0
AWS-KOL-CAN-01,Canning,42812,SYNTHETIC_NEIGHBOR,2026-09-05 09:30:00,30.68,81.01,1010.31,,,0
AWS-KOL-DUM-01,Kolkata / Dum Dum,42809,REAL_BASELINE,2026-09-05 09:30:00,30.00,84.00,1009.00,,,0
AWS-KOL-ULB-01,Uluberia,42805,SYNTHETIC_NEIGHBOR,2026-09-05 09:30:00,30.54,82.52,1008.64,,,0
AWS-KOL-ALP-01,Kolkata / Alipore,42807,SYNTHETIC_NEIGHBOR,2026-09-05 10:00:00,31.35,76.41,1008.68,,,0
AWS-KOL-CAN-01,Canning,42812,SYNTHETIC_NEIGHBOR,2026-09-05 10:00:00,32.23,75.65,1009.27,,,0
AWS-KOL-DUM-01,Kolkata / Dum Dum,42809,REAL_BASELINE,2026-09-05 10:00:00,31.00,79.00,1009.00,,,0
AWS-KOL-ULB-01,Uluberia,42805,SYNTHETIC_NEIGHBOR,2026-09-05 10:00:00,31.32,76.75,1009.20,,,0
AWS-KOL-ALP-01,Kolkata / Alipore,42807,SYNTHETIC_NEIGHBOR,2026-09-05 10:30:00,32.88,73.60,1008.73,,,0
AWS-KOL-CAN-01,Canning,42812,SYNTHETIC_NEIGHBOR,2026-09-05 10:30:00,32.72,71.14,1009.09,,,0
AWS-KOL-DUM-01,Kolkata / Dum Dum,42809,REAL_BASELINE,2026-09-05 10:30:00,32.00,75.00,1008.00,,,0
AWS-KOL-ULB-01,Uluberia,42805,SYNTHETIC_NEIGHBOR,2026-09-05 10:30:00,32.62,71.17,1008.31,,,0
AWS-KOL-ALP-01,Kolkata / Alipore,42807,SYNTHETIC_NEIGHBOR,2026-09-05 11:00:00,33.12,72.90,1008.33,,,0
AWS-KOL-CAN-01,Canning,42812,SYNTHETIC_NEIGHBOR,2026-09-05 11:00:00,33.46,72.08,1009.37,,,0
AWS-KOL-DUM-01,Kolkata / Dum Dum,42809,REAL_BASELINE,2026-09-05 11:00:00,32.00,75.00,1008.00,,,0
AWS-KOL-ULB-01,Uluberia,42805,SYNTHETIC_NEIGHBOR,2026-09-05 11:00:00,32.43,74.37,1007.65,,,0
AWS-KOL-ALP-01,Kolkata / Alipore,42807,SYNTHETIC_NEIGHBOR,2026-09-05 11:30:00,28.64,100.00,1008.26,,,0
AWS-KOL-CAN-01,Canning,42812,SYNTHETIC_NEIGHBOR,2026-09-05 11:30:00,29.24,95.81,1009.45,,,0
AWS-KOL-DUM-01,Kolkata / Dum Dum,42809,REAL_BASELINE,2026-09-05 11:30:00,28.00,100.00,1008.00,,,0
AWS-KOL-ULB-01,Uluberia,42805,SYNTHETIC_NEIGHBOR,2026-09-05 11:30:00,28.10,100.00,1007.54,,,0
AWS-KOL-ALP-01,Kolkata / Alipore,42807,SYNTHETIC_NEIGHBOR,2026-09-05 12:00:00,28.33,98.79,1007.49,,,0
AWS-KOL-CAN-01,Canning,42812,SYNTHETIC_NEIGHBOR,2026-09-05 12:00:00,29.40,98.56,1007.61,,,0
AWS-KOL-DUM-01,Kolkata / Dum Dum,42809,REAL_BASELINE,2026-09-05 12:00:00,28.00,100.00,1007.00,,,0
AWS-KOL-ULB-01,Uluberia,42805,SYNTHETIC_NEIGHBOR,2026-09-05 12:00:00,28.56,97.42,1008.08,,,0
AWS-KOL-ALP-01,Kolkata / Alipore,42807,SYNTHETIC_NEIGHBOR,2026-09-05 12:30:00,28.92,99.24,1007.53,,,0
AWS-KOL-CAN-01,Canning,42812,SYNTHETIC_NEIGHBOR,2026-09-05 12:30:00,29.03,96.15,1008.25,,,0
AWS-KOL-DUM-01,Kolkata / Dum Dum,42809,REAL_BASELINE,2026-09-05 12:30:00,28.00,100.00,1007.00,,,0
AWS-KOL-ULB-01,Uluberia,42805,SYNTHETIC_NEIGHBOR,2026-09-05 12:30:00,28.39,99.32,1006.25,,,0
AWS-KOL-ALP-01,Kolkata / Alipore,42807,SYNTHETIC_NEIGHBOR,2026-09-05 13:00:00,27.76,97.06,1006.64,,,0
AWS-KOL-CAN-01,Canning,42812,SYNTHETIC_NEIGHBOR,2026-09-05 13:00:00,28.25,93.35,1008.39,,,0
AWS-KOL-DUM-01,Kolkata / Dum Dum,42809,REAL_BASELINE,2026-09-05 13:00:00,27.00,100.00,1007.00,,,0
AWS-KOL-ULB-01,Uluberia,42805,SYNTHETIC_NEIGHBOR,2026-09-05 13:00:00,27.70,98.93,1006.50,,,0
AWS-KOL-ALP-01,Kolkata / Alipore,42807,SYNTHETIC_NEIGHBOR,2026-09-05 13:30:00,27.37,98.14,1004.70,,,0
AWS-KOL-CAN-01,Canning,42812,SYNTHETIC_NEIGHBOR,2026-09-05 13:30:00,28.36,97.86,1006.68,,,0
AWS-KOL-DUM-01,Kolkata / Dum Dum,42809,REAL_BASELINE,2026-09-05 13:30:00,27.00,100.00,1006.00,,,0
AWS-KOL-ULB-01,Uluberia,42805,SYNTHETIC_NEIGHBOR,2026-09-05 13:30:00,27.23,99.47,1006.45,,,0
AWS-KOL-ALP-01,Kolkata / Alipore,42807,SYNTHETIC_NEIGHBOR,2026-09-05 14:00:00,29.08,92.26,1005.92,,,0
AWS-KOL-CAN-01,Canning,42812,SYNTHETIC_NEIGHBOR,2026-09-05 14:00:00,29.14,91.04,1007.99,,,0
AWS-KOL-DUM-01,Kolkata / Dum Dum,42809,REAL_BASELINE,2026-09-05 14:00:00,28.00,94.00,1006.00,,,0
AWS-KOL-ULB-01,Uluberia,42805,SYNTHETIC_NEIGHBOR,2026-09-05 14:00:00,28.29,91.23,1005.59,,,0
AWS-KOL-ALP-01,Kolkata / Alipore,42807,SYNTHETIC_NEIGHBOR,2026-09-05 14:30:00,27.97,93.10,1004.45,,,0
AWS-KOL-CAN-01,Canning,42812,SYNTHETIC_NEIGHBOR,2026-09-05 14:30:00,28.87,87.23,1005.12,,,0
AWS-KOL-DUM-01,Kolkata / Dum Dum,42809,REAL_BASELINE,2026-09-05 14:30:00,28.00,94.00,1005.00,,,0
AWS-KOL-ULB-01,Uluberia,42805,SYNTHETIC_NEIGHBOR,2026-09-05 14:30:00,28.60,90.69,1003.98,,,0
AWS-KOL-ALP-01,Kolkata / Alipore,42807,SYNTHETIC_NEIGHBOR,2026-09-05 15:00:00,29.76,86.70,1005.70,,,0
AWS-KOL-CAN-01,Canning,42812,SYNTHETIC_NEIGHBOR,2026-09-05 15:00:00,30.56,85.59,1004.99,,,0
AWS-KOL-DUM-01,Kolkata / Dum Dum,42809,REAL_BASELINE,2026-09-05 15:00:00,29.00,89.00,1005.00,,,0
AWS-KOL-ULB-01,Uluberia,42805,SYNTHETIC_NEIGHBOR,2026-09-05 15:00:00,29.36,89.01,1004.79,,,0
AWS-KOL-ALP-01,Kolkata / Alipore,42807,SYNTHETIC_NEIGHBOR,2026-09-05 15:30:00,30.20,84.44,1005.11,,,0
AWS-KOL-CAN-01,Canning,42812,SYNTHETIC_NEIGHBOR,2026-09-05 15:30:00,31.16,80.74,1006.62,,,0
AWS-KOL-DUM-01,Kolkata / Dum Dum,42809,REAL_BASELINE,2026-09-05 15:30:00,30.00,84.00,1005.00,,,0
AWS-KOL-ULB-01,Uluberia,42805,SYNTHETIC_NEIGHBOR,2026-09-05 15:30:00,30.49,82.48,1005.68,,,0
AWS-KOL-ALP-01,Kolkata / Alipore,42807,SYNTHETIC_NEIGHBOR,2026-09-05 16:00:00,31.45,84.64,1005.87,,,0
AWS-KOL-CAN-01,Canning,42812,SYNTHETIC_NEIGHBOR,2026-09-05 16:00:00,30.91,87.53,1005.06,,,0
AWS-KOL-DUM-01,Kolkata / Dum Dum,42809,REAL_BASELINE,2026-09-05 16:00:00,30.00,84.00,1005.00,,,0
AWS-KOL-ULB-01,Uluberia,42805,SYNTHETIC_NEIGHBOR,2026-09-05 16:00:00,30.27,81.87,1006.34,,,0
AWS-KOL-ALP-01,Kolkata / Alipore,42807,SYNTHETIC_NEIGHBOR,2026-09-05 16:30:00,30.85,79.72,1005.59,,,0
AWS-KOL-CAN-01,Canning,42812,SYNTHETIC_NEIGHBOR,2026-09-05 16:30:00,31.49,80.05,1005.05,,,0
AWS-KOL-DUM-01,Kolkata / Dum Dum,42809,REAL_BASELINE,2026-09-05 16:30:00,30.00,84.00,1005.00,,,0
AWS-KOL-ULB-01,Uluberia,42805,SYNTHETIC_NEIGHBOR,2026-09-05 16:30:00,30.15,82.38,1005.22,,,0
AWS-KOL-ALP-01,Kolkata / Alipore,42807,SYNTHETIC_NEIGHBOR,2026-09-05 17:00:00,29.52,88.69,1004.74,,,0
AWS-KOL-CAN-01,Canning,42812,SYNTHETIC_NEIGHBOR,2026-09-05 17:00:00,29.69,84.50,1006.84,,,0
AWS-KOL-DUM-01,Kolkata / Dum Dum,42809,REAL_BASELINE,2026-09-05 17:00:00,29.00,89.00,1005.00,,,0
AWS-KOL-ULB-01,Uluberia,42805,SYNTHETIC_NEIGHBOR,2026-09-05 17:00:00,29.20,92.36,1005.54,,,0
AWS-KOL-ALP-01,Kolkata / Alipore,42807,SYNTHETIC_NEIGHBOR,2026-09-05 17:30:00,29.29,90.93,1006.57,,,0
AWS-KOL-CAN-01,Canning,42812,SYNTHETIC_NEIGHBOR,2026-09-05 17:30:00,29.89,95.05,1006.21,,,0
AWS-KOL-DUM-01,Kolkata / Dum Dum,42809,REAL_BASELINE,2026-09-05 17:30:00,29.00,94.00,1006.00,,,0
AWS-KOL-ULB-01,Uluberia,42805,SYNTHETIC_NEIGHBOR,2026-09-05 17:30:00,29.64,95.67,1006.12,,,0
AWS-KOL-ALP-01,Kolkata / Alipore,42807,SYNTHETIC_NEIGHBOR,2026-09-05 18:00:00,29.35,91.92,1006.65,,,0
AWS-KOL-CAN-01,Canning,42812,SYNTHETIC_NEIGHBOR,2026-09-05 18:00:00,30.61,90.70,1005.92,,,0
AWS-KOL-DUM-01,Kolkata / Dum Dum,42809,REAL_BASELINE,2026-09-05 18:00:00,29.00,94.00,1006.00,,,0
AWS-KOL-ULB-01,Uluberia,42805,SYNTHETIC_NEIGHBOR,2026-09-05 18:00:00,29.41,91.88,1004.67,,,0
AWS-KOL-ALP-01,Kolkata / Alipore,42807,SYNTHETIC_NEIGHBOR,2026-09-05 18:30:00,28.46,89.81,1006.81,,,0
AWS-KOL-CAN-01,Canning,42812,SYNTHETIC_NEIGHBOR,2026-09-05 18:30:00,29.98,93.85,1006.50,,,0
AWS-KOL-DUM-01,Kolkata / Dum Dum,42809,REAL_BASELINE,2026-09-05 18:30:00,28.00,94.00,1006.00,,,0
AWS-KOL-ULB-01,Uluberia,42805,SYNTHETIC_NEIGHBOR,2026-09-05 18:30:00,28.24,94.38,1006.94,,,0
AWS-KOL-ALP-01,Kolkata / Alipore,42807,SYNTHETIC_NEIGHBOR,2026-09-05 19:00:00,27.55,98.10,1007.94,,,0
AWS-KOL-CAN-01,Canning,42812,SYNTHETIC_NEIGHBOR,2026-09-05 19:00:00,28.26,95.81,1006.98,,,0
AWS-KOL-DUM-01,Kolkata / Dum Dum,42809,REAL_BASELINE,2026-09-05 19:00:00,27.00,100.00,1006.00,,,0
AWS-KOL-ULB-01,Uluberia,42805,SYNTHETIC_NEIGHBOR,2026-09-05 19:00:00,27.60,97.21,1006.03,,,0
AWS-KOL-ALP-01,Kolkata / Alipore,42807,SYNTHETIC_NEIGHBOR,2026-09-05 19:30:00,28.29,86.93,1008.71,,,0
AWS-KOL-CAN-01,Canning,42812,SYNTHETIC_NEIGHBOR,2026-09-05 19:30:00,29.56,85.44,1007.25,,,0
AWS-KOL-DUM-01,Kolkata / Dum Dum,42809,REAL_BASELINE,2026-09-05 19:30:00,28.00,89.00,1007.00,,,0
AWS-KOL-ULB-01,Uluberia,42805,SYNTHETIC_NEIGHBOR,2026-09-05 19:30:00,28.29,90.02,1006.81,,,0
AWS-KOL-ALP-01,Kolkata / Alipore,42807,SYNTHETIC_NEIGHBOR,2026-09-05 20:00:00,29.21,84.73,1007.20,,,0
AWS-KOL-CAN-01,Canning,42812,SYNTHETIC_NEIGHBOR,2026-09-05 20:00:00,29.91,81.91,1008.73,,,0
AWS-KOL-DUM-01,Kolkata / Dum Dum,42809,REAL_BASELINE,2026-09-05 20:00:00,28.00,89.00,1007.00,,,0
AWS-KOL-ULB-01,Uluberia,42805,SYNTHETIC_NEIGHBOR,2026-09-05 20:00:00,27.75,88.10,1007.08,,,0
AWS-KOL-ALP-01,Kolkata / Alipore,42807,SYNTHETIC_NEIGHBOR,2026-09-05 20:30:00,28.99,81.57,1006.06,,,0
AWS-KOL-CAN-01,Canning,42812,SYNTHETIC_NEIGHBOR,2026-09-05 20:30:00,29.10,85.79,1007.27,,,0
AWS-KOL-DUM-01,Kolkata / Dum Dum,42809,REAL_BASELINE,2026-09-05 20:30:00,28.00,89.00,1007.00,,,0
AWS-KOL-ULB-01,Uluberia,42805,SYNTHETIC_NEIGHBOR,2026-09-05 20:30:00,28.32,85.98,1006.92,,,0
AWS-KOL-ALP-01,Kolkata / Alipore,42807,SYNTHETIC_NEIGHBOR,2026-09-05 21:00:00,27.40,92.84,1008.81,,,0
AWS-KOL-CAN-01,Canning,42812,SYNTHETIC_NEIGHBOR,2026-09-05 21:00:00,28.80,89.37,1008.68,,,0
AWS-KOL-DUM-01,Kolkata / Dum Dum,42809,REAL_BASELINE,2026-09-05 21:00:00,27.00,94.00,1008.00,,,0
AWS-KOL-ULB-01,Uluberia,42805,SYNTHETIC_NEIGHBOR,2026-09-05 21:00:00,27.42,92.56,1008.16,,,0
AWS-KOL-ALP-01,Kolkata / Alipore,42807,SYNTHETIC_NEIGHBOR,2026-09-05 21:30:00,28.15,93.13,1007.76,,,0
AWS-KOL-CAN-01,Canning,42812,SYNTHETIC_NEIGHBOR,2026-09-05 21:30:00,28.97,87.90,1009.71,,,0
AWS-KOL-DUM-01,Kolkata / Dum Dum,42809,REAL_BASELINE,2026-09-05 21:30:00,28.00,94.00,1008.00,,,0
AWS-KOL-ULB-01,Uluberia,42805,SYNTHETIC_NEIGHBOR,2026-09-05 21:30:00,28.35,95.18,1008.39,,,0
AWS-KOL-ALP-01,Kolkata / Alipore,42807,SYNTHETIC_NEIGHBOR,2026-09-05 22:00:00,28.10,90.52,1008.93,,,0
AWS-KOL-CAN-01,Canning,42812,SYNTHETIC_NEIGHBOR,2026-09-05 22:00:00,29.03,88.78,1008.77,,,0
AWS-KOL-DUM-01,Kolkata / Dum Dum,42809,REAL_BASELINE,2026-09-05 22:00:00,28.00,94.00,1008.00,,,0
AWS-KOL-ULB-01,Uluberia,42805,SYNTHETIC_NEIGHBOR,2026-09-05 22:00:00,28.34,91.29,1007.97,,,0
AWS-KOL-ALP-01,Kolkata / Alipore,42807,SYNTHETIC_NEIGHBOR,2026-09-05 22:30:00,28.53,87.70,1008.75,,,0
AWS-KOL-CAN-01,Canning,42812,SYNTHETIC_NEIGHBOR,2026-09-05 22:30:00,29.02,93.09,1008.09,,,0
AWS-KOL-DUM-01,Kolkata / Dum Dum,42809,REAL_BASELINE,2026-09-05 22:30:00,28.00,94.00,1008.00,,,0
AWS-KOL-ULB-01,Uluberia,42805,SYNTHETIC_NEIGHBOR,2026-09-05 22:30:00,27.85,95.38,1007.09,,,0
AWS-KOL-ALP-01,Kolkata / Alipore,42807,SYNTHETIC_NEIGHBOR,2026-09-05 23:00:00,28.48,93.46,1008.17,,,0
AWS-KOL-CAN-01,Canning,42812,SYNTHETIC_NEIGHBOR,2026-09-05 23:00:00,28.72,91.16,1008.76,,,0
AWS-KOL-DUM-01,Kolkata / Dum Dum,42809,REAL_BASELINE,2026-09-05 23:00:00,28.00,94.00,1008.00,,,0
AWS-KOL-ULB-01,Uluberia,42805,SYNTHETIC_NEIGHBOR,2026-09-05 23:00:00,28.85,94.05,1010.33,,,0
AWS-KOL-ALP-01,Kolkata / Alipore,42807,SYNTHETIC_NEIGHBOR,2026-09-05 23:30:00,28.12,92.43,1007.65,,,0
AWS-KOL-CAN-01,Canning,42812,SYNTHETIC_NEIGHBOR,2026-09-05 23:30:00,29.70,92.05,1009.43,,,0
AWS-KOL-DUM-01,Kolkata / Dum Dum,42809,REAL_BASELINE,2026-09-05 23:30:00,28.00,94.00,1008.00,,,0
AWS-KOL-ULB-01,Uluberia,42805,SYNTHETIC_NEIGHBOR,2026-09-05 23:30:00,28.13,91.83,1006.78,,,0
AWS-KOL-ALP-01,Kolkata / Alipore,42807,SYNTHETIC_NEIGHBOR,2026-09-06 00:00:00,29.30,93.09,1007.22,,,0
AWS-KOL-CAN-01,Canning,42812,SYNTHETIC_NEIGHBOR,2026-09-06 00:00:00,29.63,91.94,1008.58,,,0
AWS-KOL-DUM-01,Kolkata / Dum Dum,42809,REAL_BASELINE,2026-09-06 00:00:00,28.00,94.00,1007.00,,,0
AWS-KOL-ULB-01,Uluberia,42805,SYNTHETIC_NEIGHBOR,2026-09-06 00:00:00,27.83,91.96,1007.34,,,0
AWS-KOL-ALP-01,Kolkata / Alipore,42807,SYNTHETIC_NEIGHBOR,2026-09-06 00:30:00,28.82,94.02,1006.69,,,0
AWS-KOL-CAN-01,Canning,42812,SYNTHETIC_NEIGHBOR,2026-09-06 00:30:00,29.34,94.63,1008.38,,,0
AWS-KOL-DUM-01,Kolkata / Dum Dum,42809,REAL_BASELINE,2026-09-06 00:30:00,28.00,94.00,1007.00,,,0
AWS-KOL-ULB-01,Uluberia,42805,SYNTHETIC_NEIGHBOR,2026-09-06 00:30:00,28.70,92.99,1007.74,,,0
AWS-KOL-ALP-01,Kolkata / Alipore,42807,SYNTHETIC_NEIGHBOR,2026-09-06 01:00:00,29.33,92.36,1008.26,,,0
AWS-KOL-CAN-01,Canning,42812,SYNTHETIC_NEIGHBOR,2026-09-06 01:00:00,28.99,91.81,1008.53,,,0
AWS-KOL-DUM-01,Kolkata / Dum Dum,42809,REAL_BASELINE,2026-09-06 01:00:00,28.00,94.00,1007.00,,,0
AWS-KOL-ULB-01,Uluberia,42805,SYNTHETIC_NEIGHBOR,2026-09-06 01:00:00,28.14,95.14,1006.73,,,0
AWS-KOL-ALP-01,Kolkata / Alipore,42807,SYNTHETIC_NEIGHBOR,2026-09-06 01:30:00,28.42,92.39,1008.75,,,0
AWS-KOL-CAN-01,Canning,42812,SYNTHETIC_NEIGHBOR,2026-09-06 01:30:00,29.41,92.33,1007.39,,,0
AWS-KOL-DUM-01,Kolkata / Dum Dum,42809,REAL_BASELINE,2026-09-06 01:30:00,28.00,94.00,1007.00,,,0
AWS-KOL-ULB-01,Uluberia,42805,SYNTHETIC_NEIGHBOR,2026-09-06 01:30:00,28.43,90.98,1006.80,,,0
AWS-KOL-ALP-01,Kolkata / Alipore,42807,SYNTHETIC_NEIGHBOR,2026-09-06 02:00:00,28.99,92.18,1008.42,,,0
AWS-KOL-CAN-01,Canning,42812,SYNTHETIC_NEIGHBOR,2026-09-06 02:00:00,29.23,90.34,1008.79,,,0
AWS-KOL-DUM-01,Kolkata / Dum Dum,42809,REAL_BASELINE,2026-09-06 02:00:00,28.00,94.00,1007.00,,,0
AWS-KOL-ULB-01,Uluberia,42805,SYNTHETIC_NEIGHBOR,2026-09-06 02:00:00,28.17,90.42,1008.11,,,0
AWS-KOL-ALP-01,Kolkata / Alipore,42807,SYNTHETIC_NEIGHBOR,2026-09-06 02:30:00,28.84,88.39,1007.43,,,0
AWS-KOL-CAN-01,Canning,42812,SYNTHETIC_NEIGHBOR,2026-09-06 02:30:00,29.16,93.85,1007.39,,,0
AWS-KOL-DUM-01,Kolkata / Dum Dum,42809,REAL_BASELINE,2026-09-06 02:30:00,28.00,94.00,1007.00,,,0
AWS-KOL-ULB-01,Uluberia,42805,SYNTHETIC_NEIGHBOR,2026-09-06 02:30:00,28.20,91.51,1006.46,,,0
AWS-KOL-ALP-01,Kolkata / Alipore,42807,SYNTHETIC_NEIGHBOR,2026-09-06 03:00:00,28.45,89.80,1005.68,,,0
AWS-KOL-CAN-01,Canning,42812,SYNTHETIC_NEIGHBOR,2026-09-06 03:00:00,28.74,88.12,1005.81,,,0
AWS-KOL-DUM-01,Kolkata / Dum Dum,42809,REAL_BASELINE,2026-09-06 03:00:00,28.00,94.00,1006.00,,,0
AWS-KOL-ULB-01,Uluberia,42805,SYNTHETIC_NEIGHBOR,2026-09-06 03:00:00,28.22,91.91,1005.34,,,0
AWS-KOL-ALP-01,Kolkata / Alipore,42807,SYNTHETIC_NEIGHBOR,2026-09-06 03:30:00,28.87,92.20,1006.10,,,0
AWS-KOL-CAN-01,Canning,42812,SYNTHETIC_NEIGHBOR,2026-09-06 03:30:00,29.14,93.58,1007.07,,,0
AWS-KOL-DUM-01,Kolkata / Dum Dum,42809,REAL_BASELINE,2026-09-06 03:30:00,28.00,94.00,1006.00,,,0
AWS-KOL-ULB-01,Uluberia,42805,SYNTHETIC_NEIGHBOR,2026-09-06 03:30:00,28.57,88.40,1005.74,,,0
AWS-KOL-ALP-01,Kolkata / Alipore,42807,SYNTHETIC_NEIGHBOR,2026-09-06 04:00:00,27.94,91.75,1006.66,,,0
AWS-KOL-CAN-01,Canning,42812,SYNTHETIC_NEIGHBOR,2026-09-06 04:00:00,29.06,91.67,1006.18,,,0
AWS-KOL-DUM-01,Kolkata / Dum Dum,42809,REAL_BASELINE,2026-09-06 04:00:00,28.00,94.00,1006.00,,,0
AWS-KOL-ULB-01,Uluberia,42805,SYNTHETIC_NEIGHBOR,2026-09-06 04:00:00,28.60,90.25,1006.02,,,0
AWS-KOL-ALP-01,Kolkata / Alipore,42807,SYNTHETIC_NEIGHBOR,2026-09-06 04:30:00,28.85,99.25,1006.31,,,0
AWS-KOL-CAN-01,Canning,42812,SYNTHETIC_NEIGHBOR,2026-09-06 04:30:00,29.98,95.76,1006.58,,,0
AWS-KOL-DUM-01,Kolkata / Dum Dum,42809,REAL_BASELINE,2026-09-06 04:30:00,28.00,100.00,1006.00,,,0
AWS-KOL-ULB-01,Uluberia,42805,SYNTHETIC_NEIGHBOR,2026-09-06 04:30:00,27.43,100.00,1005.94,,,0
AWS-KOL-ALP-01,Kolkata / Alipore,42807,SYNTHETIC_NEIGHBOR,2026-09-06 05:00:00,28.29,100.00,1008.26,,,0
AWS-KOL-CAN-01,Canning,42812,SYNTHETIC_NEIGHBOR,2026-09-06 05:00:00,29.34,94.08,1008.19,,,0
AWS-KOL-DUM-01,Kolkata / Dum Dum,42809,REAL_BASELINE,2026-09-06 05:00:00,28.00,100.00,1007.00,,,0
AWS-KOL-ULB-01,Uluberia,42805,SYNTHETIC_NEIGHBOR,2026-09-06 05:00:00,28.18,97.05,1007.93,,,0
AWS-KOL-ALP-01,Kolkata / Alipore,42807,SYNTHETIC_NEIGHBOR,2026-09-06 05:30:00,27.95,99.53,1007.72,,,0
AWS-KOL-CAN-01,Canning,42812,SYNTHETIC_NEIGHBOR,2026-09-06 05:30:00,30.02,97.08,1006.46,,,0
AWS-KOL-DUM-01,Kolkata / Dum Dum,42809,REAL_BASELINE,2026-09-06 05:30:00,28.00,100.00,1007.00,,,0
AWS-KOL-ULB-01,Uluberia,42805,SYNTHETIC_NEIGHBOR,2026-09-06 05:30:00,28.11,99.29,1007.45,,,0
AWS-KOL-ALP-01,Kolkata / Alipore,42807,SYNTHETIC_NEIGHBOR,2026-09-06 06:00:00,29.04,94.71,1008.17,,,0
AWS-KOL-CAN-01,Canning,42812,SYNTHETIC_NEIGHBOR,2026-09-06 06:00:00,29.64,99.37,1010.20,,,0
AWS-KOL-DUM-01,Kolkata / Dum Dum,42809,REAL_BASELINE,2026-09-06 06:00:00,28.00,100.00,1008.00,,,0
AWS-KOL-ULB-01,Uluberia,42805,SYNTHETIC_NEIGHBOR,2026-09-06 06:00:00,28.26,100.00,1009.40,,,0
AWS-KOL-ALP-01,Kolkata / Alipore,42807,SYNTHETIC_NEIGHBOR,2026-09-06 06:30:00,29.12,99.52,1008.98,,,0
AWS-KOL-CAN-01,Canning,42812,SYNTHETIC_NEIGHBOR,2026-09-06 06:30:00,29.02,94.14,1009.59,,,0
AWS-KOL-DUM-01,Kolkata / Dum Dum,42809,REAL_BASELINE,2026-09-06 06:30:00,28.00,100.00,1008.00,,,0
AWS-KOL-ULB-01,Uluberia,42805,SYNTHETIC_NEIGHBOR,2026-09-06 06:30:00,28.28,99.08,1007.79,,,0
AWS-KOL-ALP-01,Kolkata / Alipore,42807,SYNTHETIC_NEIGHBOR,2026-09-06 07:00:00,29.56,98.78,1007.68,,,0
AWS-KOL-CAN-01,Canning,42812,SYNTHETIC_NEIGHBOR,2026-09-06 07:00:00,30.32,97.11,1008.85,,,0
AWS-KOL-DUM-01,Kolkata / Dum Dum,42809,REAL_BASELINE,2026-09-06 07:00:00,29.00,100.00,1008.00,,,0
AWS-KOL-ULB-01,Uluberia,42805,SYNTHETIC_NEIGHBOR,2026-09-06 07:00:00,29.14,100.00,1009.51,,,0
AWS-KOL-ALP-01,Kolkata / Alipore,42807,SYNTHETIC_NEIGHBOR,2026-09-06 07:30:00,29.49,94.60,1009.02,,,0
AWS-KOL-CAN-01,Canning,42812,SYNTHETIC_NEIGHBOR,2026-09-06 07:30:00,29.37,89.54,1008.45,,,0
AWS-KOL-DUM-01,Kolkata / Dum Dum,42809,REAL_BASELINE,2026-09-06 07:30:00,29.00,94.00,1008.00,,,0
AWS-KOL-ULB-01,Uluberia,42805,SYNTHETIC_NEIGHBOR,2026-09-06 07:30:00,29.67,93.37,1008.53,,,0
AWS-KOL-ALP-01,Kolkata / Alipore,42807,SYNTHETIC_NEIGHBOR,2026-09-06 08:00:00,29.92,90.65,1008.88,,,0
AWS-KOL-CAN-01,Canning,42812,SYNTHETIC_NEIGHBOR,2026-09-06 08:00:00,29.87,90.48,1009.82,,,0
AWS-KOL-DUM-01,Kolkata / Dum Dum,42809,REAL_BASELINE,2026-09-06 08:00:00,29.00,94.00,1009.00,,,0
AWS-KOL-ULB-01,Uluberia,42805,SYNTHETIC_NEIGHBOR,2026-09-06 08:00:00,29.46,91.78,1009.83,,,0
AWS-KOL-ALP-01,Kolkata / Alipore,42807,SYNTHETIC_NEIGHBOR,2026-09-06 08:30:00,31.02,90.03,1009.90,,,0
AWS-KOL-CAN-01,Canning,42812,SYNTHETIC_NEIGHBOR,2026-09-06 08:30:00,31.36,86.87,1010.33,,,0
AWS-KOL-DUM-01,Kolkata / Dum Dum,42809,REAL_BASELINE,2026-09-06 08:30:00,30.00,89.00,1009.00,,,0
AWS-KOL-ULB-01,Uluberia,42805,SYNTHETIC_NEIGHBOR,2026-09-06 08:30:00,30.17,90.48,1010.40,,,0
AWS-KOL-ALP-01,Kolkata / Alipore,42807,SYNTHETIC_NEIGHBOR,2026-09-06 09:00:00,31.39,82.22,1009.63,,,0
AWS-KOL-CAN-01,Canning,42812,SYNTHETIC_NEIGHBOR,2026-09-06 09:00:00,31.45,80.63,1010.33,,,0
AWS-KOL-DUM-01,Kolkata / Dum Dum,42809,REAL_BASELINE,2026-09-06 09:00:00,30.00,84.00,1009.00,,,0
AWS-KOL-ULB-01,Uluberia,42805,SYNTHETIC_NEIGHBOR,2026-09-06 09:00:00,30.36,82.76,1010.43,,,0
AWS-KOL-ALP-01,Kolkata / Alipore,42807,SYNTHETIC_NEIGHBOR,2026-09-06 09:30:00,30.76,82.43,1010.02,,,0
AWS-KOL-CAN-01,Canning,42812,SYNTHETIC_NEIGHBOR,2026-09-06 09:30:00,31.35,81.19,1009.86,,,0
AWS-KOL-DUM-01,Kolkata / Dum Dum,42809,REAL_BASELINE,2026-09-06 09:30:00,30.00,84.00,1009.00,,,0
AWS-KOL-ULB-01,Uluberia,42805,SYNTHETIC_NEIGHBOR,2026-09-06 09:30:00,29.97,83.15,1008.40,,,0
AWS-KOL-ALP-01,Kolkata / Alipore,42807,SYNTHETIC_NEIGHBOR,2026-09-06 10:00:00,31.77,75.18,1010.04,,,0
AWS-KOL-CAN-01,Canning,42812,SYNTHETIC_NEIGHBOR,2026-09-06 10:00:00,32.56,76.11,1009.83,,,0
AWS-KOL-DUM-01,Kolkata / Dum Dum,42809,REAL_BASELINE,2026-09-06 10:00:00,31.00,79.00,1009.00,,,0
AWS-KOL-ULB-01,Uluberia,42805,SYNTHETIC_NEIGHBOR,2026-09-06 10:00:00,31.55,74.53,1008.43,,,0
AWS-KOL-ALP-01,Kolkata / Alipore,42807,SYNTHETIC_NEIGHBOR,2026-09-06 10:30:00,32.65,73.96,1009.34,,,0
AWS-KOL-CAN-01,Canning,42812,SYNTHETIC_NEIGHBOR,2026-09-06 10:30:00,32.95,72.00,1009.58,,,0
AWS-KOL-DUM-01,Kolkata / Dum Dum,42809,REAL_BASELINE,2026-09-06 10:30:00,32.00,75.00,1009.00,,,0
AWS-KOL-ULB-01,Uluberia,42805,SYNTHETIC_NEIGHBOR,2026-09-06 10:30:00,32.03,74.79,1009.05,,,0
AWS-KOL-ALP-01,Kolkata / Alipore,42807,SYNTHETIC_NEIGHBOR,2026-09-06 11:00:00,33.12,70.42,1008.91,,,0
AWS-KOL-CAN-01,Canning,42812,SYNTHETIC_NEIGHBOR,2026-09-06 11:00:00,33.41,66.13,1008.25,,,0
AWS-KOL-DUM-01,Kolkata / Dum Dum,42809,REAL_BASELINE,2026-09-06 11:00:00,32.00,71.00,1008.00,,,0
AWS-KOL-ULB-01,Uluberia,42805,SYNTHETIC_NEIGHBOR,2026-09-06 11:00:00,31.89,75.41,1007.44,,,0
AWS-KOL-ALP-01,Kolkata / Alipore,42807,SYNTHETIC_NEIGHBOR,2026-09-06 11:30:00,32.63,68.69,1008.20,,,0
AWS-KOL-CAN-01,Canning,42812,SYNTHETIC_NEIGHBOR,2026-09-06 11:30:00,33.10,64.36,1008.20,,,0
AWS-KOL-DUM-01,Kolkata / Dum Dum,42809,REAL_BASELINE,2026-09-06 11:30:00,32.00,71.00,1008.00,,,0
AWS-KOL-ULB-01,Uluberia,42805,SYNTHETIC_NEIGHBOR,2026-09-06 11:30:00,31.91,69.99,1007.72,,,0
AWS-KOL-ALP-01,Kolkata / Alipore,42807,SYNTHETIC_NEIGHBOR,2026-09-06 12:00:00,32.46,69.77,1007.99,,,0
AWS-KOL-CAN-01,Canning,42812,SYNTHETIC_NEIGHBOR,2026-09-06 12:00:00,33.63,66.90,1009.06,,,0
AWS-KOL-DUM-01,Kolkata / Dum Dum,42809,REAL_BASELINE,2026-09-06 12:00:00,32.00,71.00,1008.00,,,0
AWS-KOL-ULB-01,Uluberia,42805,SYNTHETIC_NEIGHBOR,2026-09-06 12:00:00,31.94,71.40,1007.92,,,0
AWS-KOL-ALP-01,Kolkata / Alipore,42807,SYNTHETIC_NEIGHBOR,2026-09-06 12:30:00,33.84,65.88,1007.28,,,0
AWS-KOL-CAN-01,Canning,42812,SYNTHETIC_NEIGHBOR,2026-09-06 12:30:00,34.38,62.96,1008.84,,,0
AWS-KOL-DUM-01,Kolkata / Dum Dum,42809,REAL_BASELINE,2026-09-06 12:30:00,33.00,67.00,1007.00,,,0
AWS-KOL-ULB-01,Uluberia,42805,SYNTHETIC_NEIGHBOR,2026-09-06 12:30:00,33.73,66.89,1006.37,,,0
AWS-KOL-ALP-01,Kolkata / Alipore,42807,SYNTHETIC_NEIGHBOR,2026-09-06 13:00:00,33.32,64.23,1007.23,,,0
AWS-KOL-CAN-01,Canning,42812,SYNTHETIC_NEIGHBOR,2026-09-06 13:00:00,34.46,62.02,1008.72,,,0
AWS-KOL-DUM-01,Kolkata / Dum Dum,42809,REAL_BASELINE,2026-09-06 13:00:00,33.00,67.00,1007.00,,,0
AWS-KOL-ULB-01,Uluberia,42805,SYNTHETIC_NEIGHBOR,2026-09-06 13:00:00,33.40,62.48,1006.87,,,0
AWS-KOL-ALP-01,Kolkata / Alipore,42807,SYNTHETIC_NEIGHBOR,2026-09-06 13:30:00,31.80,68.20,1006.02,,,0
AWS-KOL-CAN-01,Canning,42812,SYNTHETIC_NEIGHBOR,2026-09-06 13:30:00,33.09,67.14,1006.62,,,0
AWS-KOL-DUM-01,Kolkata / Dum Dum,42809,REAL_BASELINE,2026-09-06 13:30:00,32.00,71.00,1006.00,,,0
AWS-KOL-ULB-01,Uluberia,42805,SYNTHETIC_NEIGHBOR,2026-09-06 13:30:00,32.19,72.86,1007.05,,,0
AWS-KOL-ALP-01,Kolkata / Alipore,42807,SYNTHETIC_NEIGHBOR,2026-09-06 14:00:00,32.30,75.68,1005.27,,,0
AWS-KOL-CAN-01,Canning,42812,SYNTHETIC_NEIGHBOR,2026-09-06 14:00:00,33.01,74.49,1005.33,,,0
AWS-KOL-DUM-01,Kolkata / Dum Dum,42809,REAL_BASELINE,2026-09-06 14:00:00,32.00,75.00,1006.00,,,0
AWS-KOL-ULB-01,Uluberia,42805,SYNTHETIC_NEIGHBOR,2026-09-06 14:00:00,32.60,71.79,1006.10,,,0
AWS-KOL-ALP-01,Kolkata / Alipore,42807,SYNTHETIC_NEIGHBOR,2026-09-06 14:30:00,32.64,76.40,1004.83,,,0
AWS-KOL-CAN-01,Canning,42812,SYNTHETIC_NEIGHBOR,2026-09-06 14:30:00,33.28,72.81,1005.72,,,0
AWS-KOL-DUM-01,Kolkata / Dum Dum,42809,REAL_BASELINE,2026-09-06 14:30:00,32.00,75.00,1005.00,,,0
AWS-KOL-ULB-01,Uluberia,42805,SYNTHETIC_NEIGHBOR,2026-09-06 14:30:00,32.11,74.07,1005.27,,,0
AWS-KOL-ALP-01,Kolkata / Alipore,42807,SYNTHETIC_NEIGHBOR,2026-09-06 15:00:00,33.01,75.55,1005.09,,,0
AWS-KOL-CAN-01,Canning,42812,SYNTHETIC_NEIGHBOR,2026-09-06 15:00:00,33.41,75.35,1005.77,,,0
AWS-KOL-DUM-01,Kolkata / Dum Dum,42809,REAL_BASELINE,2026-09-06 15:00:00,32.00,79.00,1005.00,,,0
AWS-KOL-ULB-01,Uluberia,42805,SYNTHETIC_NEIGHBOR,2026-09-06 15:00:00,32.39,76.85,1004.64,,,0
AWS-KOL-ALP-01,Kolkata / Alipore,42807,SYNTHETIC_NEIGHBOR,2026-09-06 15:30:00,32.85,75.32,1006.22,,,0
AWS-KOL-CAN-01,Canning,42812,SYNTHETIC_NEIGHBOR,2026-09-06 15:30:00,33.38,73.36,1006.10,,,0
AWS-KOL-DUM-01,Kolkata / Dum Dum,42809,REAL_BASELINE,2026-09-06 15:30:00,32.00,79.00,1005.00,,,0
AWS-KOL-ULB-01,Uluberia,42805,SYNTHETIC_NEIGHBOR,2026-09-06 15:30:00,32.46,79.46,1006.01,,,0
AWS-KOL-ALP-01,Kolkata / Alipore,42807,SYNTHETIC_NEIGHBOR,2026-09-06 16:00:00,32.57,72.08,1004.98,,,0
AWS-KOL-CAN-01,Canning,42812,SYNTHETIC_NEIGHBOR,2026-09-06 16:00:00,32.96,70.42,1006.10,,,0
AWS-KOL-DUM-01,Kolkata / Dum Dum,42809,REAL_BASELINE,2026-09-06 16:00:00,32.00,75.00,1005.00,,,0
AWS-KOL-ULB-01,Uluberia,42805,SYNTHETIC_NEIGHBOR,2026-09-06 16:00:00,32.41,73.21,1004.68,,,0
AWS-KOL-ALP-01,Kolkata / Alipore,42807,SYNTHETIC_NEIGHBOR,2026-09-06 16:30:00,33.82,64.39,1004.67,,,0
AWS-KOL-CAN-01,Canning,42812,SYNTHETIC_NEIGHBOR,2026-09-06 16:30:00,34.25,63.21,1005.15,,,0
AWS-KOL-DUM-01,Kolkata / Dum Dum,42809,REAL_BASELINE,2026-09-06 16:30:00,33.00,67.00,1005.00,,,0
AWS-KOL-ULB-01,Uluberia,42805,SYNTHETIC_NEIGHBOR,2026-09-06 16:30:00,33.69,67.55,1005.23,,,0
AWS-KOL-ALP-01,Kolkata / Alipore,42807,SYNTHETIC_NEIGHBOR,2026-09-06 17:00:00,32.75,74.26,1005.38,,,0
AWS-KOL-CAN-01,Canning,42812,SYNTHETIC_NEIGHBOR,2026-09-06 17:00:00,33.61,74.58,1005.96,,,0
AWS-KOL-DUM-01,Kolkata / Dum Dum,42809,REAL_BASELINE,2026-09-06 17:00:00,32.00,75.00,1005.00,,,0
AWS-KOL-ULB-01,Uluberia,42805,SYNTHETIC_NEIGHBOR,2026-09-06 17:00:00,32.55,75.63,1004.96,,,0
AWS-KOL-ALP-01,Kolkata / Alipore,42807,SYNTHETIC_NEIGHBOR,2026-09-06 17:30:00,32.31,75.05,1004.30,,,0
AWS-KOL-CAN-01,Canning,42812,SYNTHETIC_NEIGHBOR,2026-09-06 17:30:00,33.93,73.09,1006.03,,,0
AWS-KOL-DUM-01,Kolkata / Dum Dum,42809,REAL_BASELINE,2026-09-06 17:30:00,32.00,75.00,1005.00,,,0
AWS-KOL-ULB-01,Uluberia,42805,SYNTHETIC_NEIGHBOR,2026-09-06 17:30:00,32.42,77.25,1004.54,,,0
AWS-KOL-ALP-01,Kolkata / Alipore,42807,SYNTHETIC_NEIGHBOR,2026-09-06 18:00:00,31.29,76.35,1006.22,,,0
AWS-KOL-CAN-01,Canning,42812,SYNTHETIC_NEIGHBOR,2026-09-06 18:00:00,31.95,76.04,1007.00,,,0
AWS-KOL-DUM-01,Kolkata / Dum Dum,42809,REAL_BASELINE,2026-09-06 18:00:00,31.00,79.00,1006.00,,,0
AWS-KOL-ULB-01,Uluberia,42805,SYNTHETIC_NEIGHBOR,2026-09-06 18:00:00,31.12,81.06,1005.23,,,0
AWS-KOL-ALP-01,Kolkata / Alipore,42807,SYNTHETIC_NEIGHBOR,2026-09-06 18:30:00,31.25,78.11,1007.25,,,0
AWS-KOL-CAN-01,Canning,42812,SYNTHETIC_NEIGHBOR,2026-09-06 18:30:00,32.45,74.52,1007.18,,,0
AWS-KOL-DUM-01,Kolkata / Dum Dum,42809,REAL_BASELINE,2026-09-06 18:30:00,31.00,79.00,1007.00,,,0
AWS-KOL-ULB-01,Uluberia,42805,SYNTHETIC_NEIGHBOR,2026-09-06 18:30:00,31.17,76.93,1007.57,,,0
AWS-KOL-ALP-01,Kolkata / Alipore,42807,SYNTHETIC_NEIGHBOR,2026-09-06 19:00:00,30.53,88.74,1007.81,,,0
AWS-KOL-CAN-01,Canning,42812,SYNTHETIC_NEIGHBOR,2026-09-06 19:00:00,31.66,87.21,1008.45,,,0
AWS-KOL-DUM-01,Kolkata / Dum Dum,42809,REAL_BASELINE,2026-09-06 19:00:00,30.00,89.00,1007.00,,,0
AWS-KOL-ULB-01,Uluberia,42805,SYNTHETIC_NEIGHBOR,2026-09-06 19:00:00,30.67,87.10,1007.02,,,0
AWS-KOL-ALP-01,Kolkata / Alipore,42807,SYNTHETIC_NEIGHBOR,2026-09-06 19:30:00,31.06,83.01,1006.93,,,0
AWS-KOL-CAN-01,Canning,42812,SYNTHETIC_NEIGHBOR,2026-09-06 19:30:00,32.44,81.59,1006.95,,,0
AWS-KOL-DUM-01,Kolkata / Dum Dum,42809,REAL_BASELINE,2026-09-06 19:30:00,31.00,84.00,1007.00,,,0
AWS-KOL-ULB-01,Uluberia,42805,SYNTHETIC_NEIGHBOR,2026-09-06 19:30:00,31.05,82.56,1006.84,,,0
AWS-KOL-ALP-01,Kolkata / Alipore,42807,SYNTHETIC_NEIGHBOR,2026-09-06 20:00:00,30.76,85.23,1008.43,,,0
AWS-KOL-CAN-01,Canning,42812,SYNTHETIC_NEIGHBOR,2026-09-06 20:00:00,30.71,81.94,1009.40,,,0
AWS-KOL-DUM-01,Kolkata / Dum Dum,42809,REAL_BASELINE,2026-09-06 20:00:00,30.00,89.00,1008.00,,,0
AWS-KOL-ULB-01,Uluberia,42805,SYNTHETIC_NEIGHBOR,2026-09-06 20:00:00,29.94,87.21,1007.21,,,0
AWS-KOL-ALP-01,Kolkata / Alipore,42807,SYNTHETIC_NEIGHBOR,2026-09-06 20:30:00,30.21,81.73,1008.11,,,0
AWS-KOL-CAN-01,Canning,42812,SYNTHETIC_NEIGHBOR,2026-09-06 20:30:00,31.64,81.40,1008.72,,,0
AWS-KOL-DUM-01,Kolkata / Dum Dum,42809,REAL_BASELINE,2026-09-06 20:30:00,30.00,84.00,1008.00,,,0
AWS-KOL-ULB-01,Uluberia,42805,SYNTHETIC_NEIGHBOR,2026-09-06 20:30:00,30.67,85.04,1008.49,,,0
AWS-KOL-ALP-01,Kolkata / Alipore,42807,SYNTHETIC_NEIGHBOR,2026-09-06 21:00:00,29.56,89.19,1009.64,,,0
AWS-KOL-CAN-01,Canning,42812,SYNTHETIC_NEIGHBOR,2026-09-06 21:00:00,30.53,88.80,1009.55,,,0
AWS-KOL-DUM-01,Kolkata / Dum Dum,42809,REAL_BASELINE,2026-09-06 21:00:00,29.00,89.00,1008.00,,,0
AWS-KOL-ULB-01,Uluberia,42805,SYNTHETIC_NEIGHBOR,2026-09-06 21:00:00,29.70,86.06,1007.42,,,0
AWS-KOL-ALP-01,Kolkata / Alipore,42807,SYNTHETIC_NEIGHBOR,2026-09-06 21:30:00,30.68,79.32,1007.98,,,0
AWS-KOL-CAN-01,Canning,42812,SYNTHETIC_NEIGHBOR,2026-09-06 21:30:00,31.60,79.40,1009.27,,,0
AWS-KOL-DUM-01,Kolkata / Dum Dum,42809,REAL_BASELINE,2026-09-06 21:30:00,30.00,84.00,1008.00,,,0
AWS-KOL-ULB-01,Uluberia,42805,SYNTHETIC_NEIGHBOR,2026-09-06 21:30:00,29.93,82.33,1008.92,,,0
AWS-KOL-ALP-01,Kolkata / Alipore,42807,SYNTHETIC_NEIGHBOR,2026-09-06 22:00:00,30.77,82.83,1009.59,,,0
AWS-KOL-CAN-01,Canning,42812,SYNTHETIC_NEIGHBOR,2026-09-06 22:00:00,31.75,78.98,1009.82,,,0
AWS-KOL-DUM-01,Kolkata / Dum Dum,42809,REAL_BASELINE,2026-09-06 22:00:00,30.00,84.00,1008.00,,,0
AWS-KOL-ULB-01,Uluberia,42805,SYNTHETIC_NEIGHBOR,2026-09-06 22:00:00,30.18,83.12,1008.21,,,0
AWS-KOL-ALP-01,Kolkata / Alipore,42807,SYNTHETIC_NEIGHBOR,2026-09-06 22:30:00,30.08,85.20,1008.72,,,0
AWS-KOL-CAN-01,Canning,42812,SYNTHETIC_NEIGHBOR,2026-09-06 22:30:00,30.48,87.09,1008.75,,,0
AWS-KOL-DUM-01,Kolkata / Dum Dum,42809,REAL_BASELINE,2026-09-06 22:30:00,29.00,89.00,1008.00,,,0
AWS-KOL-ULB-01,Uluberia,42805,SYNTHETIC_NEIGHBOR,2026-09-06 22:30:00,29.75,86.73,1009.00,,,0
AWS-KOL-ALP-01,Kolkata / Alipore,42807,SYNTHETIC_NEIGHBOR,2026-09-06 23:00:00,29.82,89.77,1008.69,,,0
AWS-KOL-CAN-01,Canning,42812,SYNTHETIC_NEIGHBOR,2026-09-06 23:00:00,30.36,90.02,1008.38,,,0
AWS-KOL-DUM-01,Kolkata / Dum Dum,42809,REAL_BASELINE,2026-09-06 23:00:00,29.00,94.00,1008.00,,,0
AWS-KOL-ULB-01,Uluberia,42805,SYNTHETIC_NEIGHBOR,2026-09-06 23:00:00,29.32,90.53,1009.38,,,0
AWS-KOL-ALP-01,Kolkata / Alipore,42807,SYNTHETIC_NEIGHBOR,2026-09-06 23:30:00,29.31,91.23,1009.20,,,0
AWS-KOL-CAN-01,Canning,42812,SYNTHETIC_NEIGHBOR,2026-09-06 23:30:00,30.50,91.92,1009.96,,,0
AWS-KOL-DUM-01,Kolkata / Dum Dum,42809,REAL_BASELINE,2026-09-06 23:30:00,29.00,94.00,1008.00,,,0
AWS-KOL-ULB-01,Uluberia,42805,SYNTHETIC_NEIGHBOR,2026-09-06 23:30:00,29.29,91.24,1008.79,,,0
AWS-KOL-ALP-01,Kolkata / Alipore,42807,SYNTHETIC_NEIGHBOR,2026-09-07 00:00:00,29.98,91.67,1006.51,,,0
AWS-KOL-CAN-01,Canning,42812,SYNTHETIC_NEIGHBOR,2026-09-07 00:00:00,30.73,91.60,1006.94,,,0
AWS-KOL-DUM-01,Kolkata / Dum Dum,42809,REAL_BASELINE,2026-09-07 00:00:00,29.00,94.00,1007.00,,,0
AWS-KOL-ULB-01,Uluberia,42805,SYNTHETIC_NEIGHBOR,2026-09-07 00:00:00,29.67,90.44,1006.86,,,0
AWS-KOL-ALP-01,Kolkata / Alipore,42807,SYNTHETIC_NEIGHBOR,2026-09-07 00:30:00,29.31,91.28,1006.82,,,0
AWS-KOL-CAN-01,Canning,42812,SYNTHETIC_NEIGHBOR,2026-09-07 00:30:00,30.09,92.03,1008.11,,,0
AWS-KOL-DUM-01,Kolkata / Dum Dum,42809,REAL_BASELINE,2026-09-07 00:30:00,29.00,94.00,1007.00,,,0
AWS-KOL-ULB-01,Uluberia,42805,SYNTHETIC_NEIGHBOR,2026-09-07 00:30:00,29.62,95.01,1006.94,,,0
AWS-KOL-ALP-01,Kolkata / Alipore,42807,SYNTHETIC_NEIGHBOR,2026-09-07 01:00:00,29.73,93.29,1008.59,,,0
AWS-KOL-CAN-01,Canning,42812,SYNTHETIC_NEIGHBOR,2026-09-07 01:00:00,30.61,93.08,1008.61,,,0
AWS-KOL-DUM-01,Kolkata / Dum Dum,42809,REAL_BASELINE,2026-09-07 01:00:00,29.00,94.00,1007.00,,,0
AWS-KOL-ULB-01,Uluberia,42805,SYNTHETIC_NEIGHBOR,2026-09-07 01:00:00,29.77,89.80,1007.82,,,0
AWS-KOL-ALP-01,Kolkata / Alipore,42807,SYNTHETIC_NEIGHBOR,2026-09-07 01:30:00,29.77,92.40,1007.03,,,0
AWS-KOL-CAN-01,Canning,42812,SYNTHETIC_NEIGHBOR,2026-09-07 01:30:00,30.15,91.46,1008.49,,,0
AWS-KOL-DUM-01,Kolkata / Dum Dum,42809,REAL_BASELINE,2026-09-07 01:30:00,29.00,94.00,1007.00,,,0
AWS-KOL-ULB-01,Uluberia,42805,SYNTHETIC_NEIGHBOR,2026-09-07 01:30:00,28.88,93.62,1006.81,,,0
AWS-KOL-ALP-01,Kolkata / Alipore,42807,SYNTHETIC_NEIGHBOR,2026-09-07 02:00:00,29.37,93.11,1007.17,,,0
AWS-KOL-CAN-01,Canning,42812,SYNTHETIC_NEIGHBOR,2026-09-07 02:00:00,30.07,89.35,1008.10,,,0
AWS-KOL-DUM-01,Kolkata / Dum Dum,42809,REAL_BASELINE,2026-09-07 02:00:00,29.00,94.00,1007.00,,,0
AWS-KOL-ULB-01,Uluberia,42805,SYNTHETIC_NEIGHBOR,2026-09-07 02:00:00,29.40,91.14,1006.61,,,0
AWS-KOL-ALP-01,Kolkata / Alipore,42807,SYNTHETIC_NEIGHBOR,2026-09-07 02:30:00,29.64,93.07,1005.67,,,0
AWS-KOL-CAN-01,Canning,42812,SYNTHETIC_NEIGHBOR,2026-09-07 02:30:00,30.47,89.15,1008.81,,,0
AWS-KOL-DUM-01,Kolkata / Dum Dum,42809,REAL_BASELINE,2026-09-07 02:30:00,29.00,94.00,1006.00,,,0
AWS-KOL-ULB-01,Uluberia,42805,SYNTHETIC_NEIGHBOR,2026-09-07 02:30:00,29.07,91.76,1006.34,,,0
AWS-KOL-ALP-01,Kolkata / Alipore,42807,SYNTHETIC_NEIGHBOR,2026-09-07 03:00:00,29.38,93.89,1007.66,,,0
AWS-KOL-CAN-01,Canning,42812,SYNTHETIC_NEIGHBOR,2026-09-07 03:00:00,30.16,91.02,1006.54,,,0
AWS-KOL-DUM-01,Kolkata / Dum Dum,42809,REAL_BASELINE,2026-09-07 03:00:00,29.00,94.00,1006.00,,,0
AWS-KOL-ULB-01,Uluberia,42805,SYNTHETIC_NEIGHBOR,2026-09-07 03:00:00,29.40,95.68,1006.83,,,0
AWS-KOL-ALP-01,Kolkata / Alipore,42807,SYNTHETIC_NEIGHBOR,2026-09-07 03:30:00,29.38,95.19,1007.21,,,0
AWS-KOL-CAN-01,Canning,42812,SYNTHETIC_NEIGHBOR,2026-09-07 03:30:00,30.47,89.45,1006.95,,,0
AWS-KOL-DUM-01,Kolkata / Dum Dum,42809,REAL_BASELINE,2026-09-07 03:30:00,29.00,94.00,1006.00,,,0
AWS-KOL-ULB-01,Uluberia,42805,SYNTHETIC_NEIGHBOR,2026-09-07 03:30:00,29.12,94.01,1005.98,,,0
AWS-KOL-ALP-01,Kolkata / Alipore,42807,SYNTHETIC_NEIGHBOR,2026-09-07 04:00:00,28.92,94.19,1006.53,,,0
AWS-KOL-CAN-01,Canning,42812,SYNTHETIC_NEIGHBOR,2026-09-07 04:00:00,30.68,90.34,1007.03,,,0
AWS-KOL-DUM-01,Kolkata / Dum Dum,42809,REAL_BASELINE,2026-09-07 04:00:00,29.00,94.00,1006.00,,,0
AWS-KOL-ULB-01,Uluberia,42805,SYNTHETIC_NEIGHBOR,2026-09-07 04:00:00,29.79,93.70,1006.40,,,0
AWS-KOL-ALP-01,Kolkata / Alipore,42807,SYNTHETIC_NEIGHBOR,2026-09-07 04:30:00,30.83,91.74,1006.52,,,0
AWS-KOL-CAN-01,Canning,42812,SYNTHETIC_NEIGHBOR,2026-09-07 04:30:00,30.91,89.07,1006.17,,,0
AWS-KOL-DUM-01,Kolkata / Dum Dum,42809,REAL_BASELINE,2026-09-07 04:30:00,29.00,94.00,1006.00,,,0
AWS-KOL-ULB-01,Uluberia,42805,SYNTHETIC_NEIGHBOR,2026-09-07 04:30:00,28.90,94.19,1006.64,,,0
AWS-KOL-ALP-01,Kolkata / Alipore,42807,SYNTHETIC_NEIGHBOR,2026-09-07 05:00:00,29.96,89.82,1007.10,,,0
AWS-KOL-CAN-01,Canning,42812,SYNTHETIC_NEIGHBOR,2026-09-07 05:00:00,30.72,90.40,1006.92,,,0
AWS-KOL-DUM-01,Kolkata / Dum Dum,42809,REAL_BASELINE,2026-09-07 05:00:00,29.00,94.00,1006.00,,,0
AWS-KOL-ULB-01,Uluberia,42805,SYNTHETIC_NEIGHBOR,2026-09-07 05:00:00,29.64,93.70,1006.65,,,0
AWS-KOL-ALP-01,Kolkata / Alipore,42807,SYNTHETIC_NEIGHBOR,2026-09-07 05:30:00,29.32,92.11,1005.55,,,0
AWS-KOL-CAN-01,Canning,42812,SYNTHETIC_NEIGHBOR,2026-09-07 05:30:00,30.52,91.57,1006.83,,,0
AWS-KOL-DUM-01,Kolkata / Dum Dum,42809,REAL_BASELINE,2026-09-07 05:30:00,29.00,94.00,1006.00,,,0
AWS-KOL-ULB-01,Uluberia,42805,SYNTHETIC_NEIGHBOR,2026-09-07 05:30:00,29.50,90.27,1006.80,,,0
AWS-KOL-ALP-01,Kolkata / Alipore,42807,SYNTHETIC_NEIGHBOR,2026-09-07 06:00:00,29.54,92.60,1008.18,,,0
AWS-KOL-CAN-01,Canning,42812,SYNTHETIC_NEIGHBOR,2026-09-07 06:00:00,30.04,92.90,1007.99,,,0
AWS-KOL-DUM-01,Kolkata / Dum Dum,42809,REAL_BASELINE,2026-09-07 06:00:00,29.00,94.00,1007.00,,,0
AWS-KOL-ULB-01,Uluberia,42805,SYNTHETIC_NEIGHBOR,2026-09-07 06:00:00,29.41,94.10,1006.33,,,0
AWS-KOL-ALP-01,Kolkata / Alipore,42807,SYNTHETIC_NEIGHBOR,2026-09-07 06:30:00,29.91,92.38,1008.13,,,0
AWS-KOL-CAN-01,Canning,42812,SYNTHETIC_NEIGHBOR,2026-09-07 06:30:00,30.22,90.04,1008.16,,,0
AWS-KOL-DUM-01,Kolkata / Dum Dum,42809,REAL_BASELINE,2026-09-07 06:30:00,29.00,94.00,1007.00,,,0
AWS-KOL-ULB-01,Uluberia,42805,SYNTHETIC_NEIGHBOR,2026-09-07 06:30:00,29.38,90.99,1007.06,,,0
AWS-KOL-ALP-01,Kolkata / Alipore,42807,SYNTHETIC_NEIGHBOR,2026-09-07 07:00:00,31.14,92.05,1006.79,,,0
AWS-KOL-CAN-01,Canning,42812,SYNTHETIC_NEIGHBOR,2026-09-07 07:00:00,31.55,87.28,1006.42,,,0
AWS-KOL-DUM-01,Kolkata / Dum Dum,42809,REAL_BASELINE,2026-09-07 07:00:00,30.00,94.00,1007.00,,,0
AWS-KOL-ULB-01,Uluberia,42805,SYNTHETIC_NEIGHBOR,2026-09-07 07:00:00,30.40,93.43,1007.35,,,0
AWS-KOL-ALP-01,Kolkata / Alipore,42807,SYNTHETIC_NEIGHBOR,2026-09-07 07:30:00,30.39,87.13,1006.42,,,0
AWS-KOL-CAN-01,Canning,42812,SYNTHETIC_NEIGHBOR,2026-09-07 07:30:00,31.38,82.75,1007.80,,,0
AWS-KOL-DUM-01,Kolkata / Dum Dum,42809,REAL_BASELINE,2026-09-07 07:30:00,30.00,89.00,1007.00,,,0
AWS-KOL-ULB-01,Uluberia,42805,SYNTHETIC_NEIGHBOR,2026-09-07 07:30:00,30.49,84.92,1006.83,,,0
AWS-KOL-ALP-01,Kolkata / Alipore,42807,SYNTHETIC_NEIGHBOR,2026-09-07 08:00:00,30.98,90.04,1006.35,,,0
AWS-KOL-CAN-01,Canning,42812,SYNTHETIC_NEIGHBOR,2026-09-07 08:00:00,31.42,83.42,1006.96,,,0
AWS-KOL-DUM-01,Kolkata / Dum Dum,42809,REAL_BASELINE,2026-09-07 08:00:00,30.00,89.00,1007.00,,,0
AWS-KOL-ULB-01,Uluberia,42805,SYNTHETIC_NEIGHBOR,2026-09-07 08:00:00,30.96,89.16,1006.64,,,0
AWS-KOL-ALP-01,Kolkata / Alipore,42807,SYNTHETIC_NEIGHBOR,2026-09-07 08:30:00,31.78,78.46,1008.53,,,0
AWS-KOL-CAN-01,Canning,42812,SYNTHETIC_NEIGHBOR,2026-09-07 08:30:00,33.09,76.57,1006.80,,,0
AWS-KOL-DUM-01,Kolkata / Dum Dum,42809,REAL_BASELINE,2026-09-07 08:30:00,31.00,79.00,1008.00,,,0
AWS-KOL-ULB-01,Uluberia,42805,SYNTHETIC_NEIGHBOR,2026-09-07 08:30:00,31.30,76.80,1008.06,,,0
AWS-KOL-ALP-01,Kolkata / Alipore,42807,SYNTHETIC_NEIGHBOR,2026-09-07 09:00:00,31.70,76.15,1006.64,,,0
AWS-KOL-CAN-01,Canning,42812,SYNTHETIC_NEIGHBOR,2026-09-07 09:00:00,32.78,76.63,1007.43,,,0
AWS-KOL-DUM-01,Kolkata / Dum Dum,42809,REAL_BASELINE,2026-09-07 09:00:00,31.00,79.00,1007.00,,,0
AWS-KOL-ULB-01,Uluberia,42805,SYNTHETIC_NEIGHBOR,2026-09-07 09:00:00,31.64,79.26,1008.09,,,0
AWS-KOL-ALP-01,Kolkata / Alipore,42807,SYNTHETIC_NEIGHBOR,2026-09-07 09:30:00,32.33,74.82,1007.97,,,0
AWS-KOL-CAN-01,Canning,42812,SYNTHETIC_NEIGHBOR,2026-09-07 09:30:00,33.70,71.23,1007.31,,,0
AWS-KOL-DUM-01,Kolkata / Dum Dum,42809,REAL_BASELINE,2026-09-07 09:30:00,32.00,75.00,1008.00,,,0
AWS-KOL-ULB-01,Uluberia,42805,SYNTHETIC_NEIGHBOR,2026-09-07 09:30:00,32.41,70.89,1008.05,,,0
AWS-KOL-ALP-01,Kolkata / Alipore,42807,SYNTHETIC_NEIGHBOR,2026-09-07 10:00:00,32.68,72.61,1007.36,,,0
AWS-KOL-CAN-01,Canning,42812,SYNTHETIC_NEIGHBOR,2026-09-07 10:00:00,32.91,70.25,1008.73,,,0
AWS-KOL-DUM-01,Kolkata / Dum Dum,42809,REAL_BASELINE,2026-09-07 10:00:00,32.00,75.00,1008.00,,,0
AWS-KOL-ULB-01,Uluberia,42805,SYNTHETIC_NEIGHBOR,2026-09-07 10:00:00,32.85,75.26,1007.87,,,0
AWS-KOL-ALP-01,Kolkata / Alipore,42807,SYNTHETIC_NEIGHBOR,2026-09-07 10:30:00,33.15,70.75,1007.88,,,0
AWS-KOL-CAN-01,Canning,42812,SYNTHETIC_NEIGHBOR,2026-09-07 10:30:00,33.24,72.12,1008.35,,,0
AWS-KOL-DUM-01,Kolkata / Dum Dum,42809,REAL_BASELINE,2026-09-07 10:30:00,32.00,75.00,1007.00,,,0
AWS-KOL-ULB-01,Uluberia,42805,SYNTHETIC_NEIGHBOR,2026-09-07 10:30:00,32.16,75.60,1007.19,,,0
AWS-KOL-ALP-01,Kolkata / Alipore,42807,SYNTHETIC_NEIGHBOR,2026-09-07 11:00:00,33.54,72.57,1008.29,,,0
AWS-KOL-CAN-01,Canning,42812,SYNTHETIC_NEIGHBOR,2026-09-07 11:00:00,33.53,69.50,1008.85,,,0
AWS-KOL-DUM-01,Kolkata / Dum Dum,42809,REAL_BASELINE,2026-09-07 11:00:00,32.00,75.00,1007.00,,,0
AWS-KOL-ULB-01,Uluberia,42805,SYNTHETIC_NEIGHBOR,2026-09-07 11:00:00,32.03,70.18,1007.80,,,0
AWS-KOL-ALP-01,Kolkata / Alipore,42807,SYNTHETIC_NEIGHBOR,2026-09-07 11:30:00,33.07,69.33,1007.22,,,0
AWS-KOL-CAN-01,Canning,42812,SYNTHETIC_NEIGHBOR,2026-09-07 11:30:00,33.85,68.82,1007.44,,,0
AWS-KOL-DUM-01,Kolkata / Dum Dum,42809,REAL_BASELINE,2026-09-07 11:30:00,32.00,71.00,1007.00,,,0
AWS-KOL-ULB-01,Uluberia,42805,SYNTHETIC_NEIGHBOR,2026-09-07 11:30:00,32.66,67.80,1006.81,,,0
AWS-KOL-ALP-01,Kolkata / Alipore,42807,SYNTHETIC_NEIGHBOR,2026-09-07 12:00:00,30.33,83.46,1005.58,,,0
AWS-KOL-CAN-01,Canning,42812,SYNTHETIC_NEIGHBOR,2026-09-07 12:00:00,31.73,83.59,1006.51,,,0
AWS-KOL-DUM-01,Kolkata / Dum Dum,42809,REAL_BASELINE,2026-09-07 12:00:00,30.00,89.00,1006.00,,,0
AWS-KOL-ULB-01,Uluberia,42805,SYNTHETIC_NEIGHBOR,2026-09-07 12:00:00,29.99,89.76,1006.20,,,0
AWS-KOL-ALP-01,Kolkata / Alipore,42807,SYNTHETIC_NEIGHBOR,2026-09-07 12:30:00,27.87,92.09,1005.58,,,0
AWS-KOL-CAN-01,Canning,42812,SYNTHETIC_NEIGHBOR,2026-09-07 12:30:00,27.96,92.27,1006.86,,,0
AWS-KOL-DUM-01,Kolkata / Dum Dum,42809,REAL_BASELINE,2026-09-07 12:30:00,27.00,94.00,1006.00,,,0
AWS-KOL-ULB-01,Uluberia,42805,SYNTHETIC_NEIGHBOR,2026-09-07 12:30:00,27.67,87.34,1006.98,,,0
AWS-KOL-ALP-01,Kolkata / Alipore,42807,SYNTHETIC_NEIGHBOR,2026-09-07 13:00:00,27.53,91.28,1005.04,,,0
AWS-KOL-CAN-01,Canning,42812,SYNTHETIC_NEIGHBOR,2026-09-07 13:00:00,28.31,86.86,1005.29,,,0
AWS-KOL-DUM-01,Kolkata / Dum Dum,42809,REAL_BASELINE,2026-09-07 13:00:00,27.00,89.00,1005.00,,,0
AWS-KOL-ULB-01,Uluberia,42805,SYNTHETIC_NEIGHBOR,2026-09-07 13:00:00,27.71,86.86,1006.10,,,0
AWS-KOL-ALP-01,Kolkata / Alipore,42807,SYNTHETIC_NEIGHBOR,2026-09-07 13:30:00,27.98,93.15,1003.89,,,0
AWS-KOL-CAN-01,Canning,42812,SYNTHETIC_NEIGHBOR,2026-09-07 13:30:00,28.23,91.23,1003.48,,,0
AWS-KOL-DUM-01,Kolkata / Dum Dum,42809,REAL_BASELINE,2026-09-07 13:30:00,27.00,94.00,1004.00,,,0
AWS-KOL-ULB-01,Uluberia,42805,SYNTHETIC_NEIGHBOR,2026-09-07 13:30:00,27.21,94.84,1003.31,,,0
AWS-KOL-ALP-01,Kolkata / Alipore,42807,SYNTHETIC_NEIGHBOR,2026-09-07 14:00:00,29.15,86.08,1004.63,,,0
AWS-KOL-CAN-01,Canning,42812,SYNTHETIC_NEIGHBOR,2026-09-07 14:00:00,28.90,86.65,1005.22,,,0
AWS-KOL-DUM-01,Kolkata / Dum Dum,42809,REAL_BASELINE,2026-09-07 14:00:00,28.00,89.00,1004.00,,,0
AWS-KOL-ULB-01,Uluberia,42805,SYNTHETIC_NEIGHBOR,2026-09-07 14:00:00,28.80,90.44,1005.08,,,0
AWS-KOL-ALP-01,Kolkata / Alipore,42807,SYNTHETIC_NEIGHBOR,2026-09-07 14:30:00,29.77,80.10,1005.33,,,0
AWS-KOL-CAN-01,Canning,42812,SYNTHETIC_NEIGHBOR,2026-09-07 14:30:00,29.84,80.00,1005.42,,,0
AWS-KOL-DUM-01,Kolkata / Dum Dum,42809,REAL_BASELINE,2026-09-07 14:30:00,29.00,84.00,1004.00,,,0
AWS-KOL-ULB-01,Uluberia,42805,SYNTHETIC_NEIGHBOR,2026-09-07 14:30:00,29.56,85.93,1004.20,,,0
AWS-KOL-ALP-01,Kolkata / Alipore,42807,SYNTHETIC_NEIGHBOR,2026-09-07 15:00:00,28.11,91.98,1004.52,,,0
AWS-KOL-CAN-01,Canning,42812,SYNTHETIC_NEIGHBOR,2026-09-07 15:00:00,29.18,93.25,1004.73,,,0
AWS-KOL-DUM-01,Kolkata / Dum Dum,42809,REAL_BASELINE,2026-09-07 15:00:00,28.00,94.00,1004.00,,,0
AWS-KOL-ULB-01,Uluberia,42805,SYNTHETIC_NEIGHBOR,2026-09-07 15:00:00,27.90,94.07,1003.40,,,0
AWS-KOL-ALP-01,Kolkata / Alipore,42807,SYNTHETIC_NEIGHBOR,2026-09-07 15:30:00,29.29,92.66,1002.42,,,0
AWS-KOL-CAN-01,Canning,42812,SYNTHETIC_NEIGHBOR,2026-09-07 15:30:00,29.68,94.85,1002.50,,,0
AWS-KOL-DUM-01,Kolkata / Dum Dum,42809,REAL_BASELINE,2026-09-07 15:30:00,28.00,94.00,1003.00,,,0
AWS-KOL-ULB-01,Uluberia,42805,SYNTHETIC_NEIGHBOR,2026-09-07 15:30:00,28.72,93.89,1003.32,,,0
AWS-KOL-ALP-01,Kolkata / Alipore,42807,SYNTHETIC_NEIGHBOR,2026-09-07 16:00:00,29.82,88.18,1003.91,,,0
AWS-KOL-CAN-01,Canning,42812,SYNTHETIC_NEIGHBOR,2026-09-07 16:00:00,30.79,83.12,1006.27,,,0
AWS-KOL-DUM-01,Kolkata / Dum Dum,42809,REAL_BASELINE,2026-09-07 16:00:00,29.00,89.00,1004.00,,,0
AWS-KOL-ULB-01,Uluberia,42805,SYNTHETIC_NEIGHBOR,2026-09-07 16:00:00,29.93,85.83,1004.20,,,0
AWS-KOL-ALP-01,Kolkata / Alipore,42807,SYNTHETIC_NEIGHBOR,2026-09-07 16:30:00,30.20,86.32,1004.29,,,0
AWS-KOL-CAN-01,Canning,42812,SYNTHETIC_NEIGHBOR,2026-09-07 16:30:00,30.16,87.81,1004.47,,,0
AWS-KOL-DUM-01,Kolkata / Dum Dum,42809,REAL_BASELINE,2026-09-07 16:30:00,29.00,89.00,1004.00,,,0
AWS-KOL-ULB-01,Uluberia,42805,SYNTHETIC_NEIGHBOR,2026-09-07 16:30:00,29.40,89.07,1004.05,,,0
AWS-KOL-ALP-01,Kolkata / Alipore,42807,SYNTHETIC_NEIGHBOR,2026-09-07 17:00:00,28.40,89.99,1002.34,,,0
AWS-KOL-CAN-01,Canning,42812,SYNTHETIC_NEIGHBOR,2026-09-07 17:00:00,28.89,87.68,1003.39,,,0
AWS-KOL-DUM-01,Kolkata / Dum Dum,42809,REAL_BASELINE,2026-09-07 17:00:00,28.00,94.00,1003.00,,,0
AWS-KOL-ULB-01,Uluberia,42805,SYNTHETIC_NEIGHBOR,2026-09-07 17:00:00,28.51,93.17,1002.62,,,0
AWS-KOL-ALP-01,Kolkata / Alipore,42807,SYNTHETIC_NEIGHBOR,2026-09-07 17:30:00,28.34,90.63,1003.43,,,0
AWS-KOL-CAN-01,Canning,42812,SYNTHETIC_NEIGHBOR,2026-09-07 17:30:00,28.87,92.07,1003.92,,,0
AWS-KOL-DUM-01,Kolkata / Dum Dum,42809,REAL_BASELINE,2026-09-07 17:30:00,28.00,94.00,1004.00,,,0
AWS-KOL-ULB-01,Uluberia,42805,SYNTHETIC_NEIGHBOR,2026-09-07 17:30:00,28.41,91.99,1005.90,,,0
AWS-KOL-ALP-01,Kolkata / Alipore,42807,SYNTHETIC_NEIGHBOR,2026-09-07 18:00:00,28.07,87.83,1005.17,,,0
AWS-KOL-CAN-01,Canning,42812,SYNTHETIC_NEIGHBOR,2026-09-07 18:00:00,29.03,86.31,1006.01,,,0
AWS-KOL-DUM-01,Kolkata / Dum Dum,42809,REAL_BASELINE,2026-09-07 18:00:00,28.00,89.00,1005.00,,,0
AWS-KOL-ULB-01,Uluberia,42805,SYNTHETIC_NEIGHBOR,2026-09-07 18:00:00,28.03,88.96,1005.47,,,0
AWS-KOL-ALP-01,Kolkata / Alipore,42807,SYNTHETIC_NEIGHBOR,2026-09-07 18:30:00,28.16,91.11,1006.43,,,0
AWS-KOL-CAN-01,Canning,42812,SYNTHETIC_NEIGHBOR,2026-09-07 18:30:00,28.23,87.14,1006.27,,,0
AWS-KOL-DUM-01,Kolkata / Dum Dum,42809,REAL_BASELINE,2026-09-07 18:30:00,27.00,94.00,1005.00,,,0
AWS-KOL-ULB-01,Uluberia,42805,SYNTHETIC_NEIGHBOR,2026-09-07 18:30:00,27.37,91.52,1005.85,,,0
AWS-KOL-ALP-01,Kolkata / Alipore,42807,SYNTHETIC_NEIGHBOR,2026-09-07 19:00:00,27.53,94.20,1005.34,,,0
AWS-KOL-CAN-01,Canning,42812,SYNTHETIC_NEIGHBOR,2026-09-07 19:00:00,28.56,91.83,1006.23,,,0
AWS-KOL-DUM-01,Kolkata / Dum Dum,42809,REAL_BASELINE,2026-09-07 19:00:00,27.00,94.00,1005.00,,,0
AWS-KOL-ULB-01,Uluberia,42805,SYNTHETIC_NEIGHBOR,2026-09-07 19:00:00,27.04,94.85,1005.22,,,0
AWS-KOL-ALP-01,Kolkata / Alipore,42807,SYNTHETIC_NEIGHBOR,2026-09-07 19:30:00,29.40,88.01,1006.93,,,0
AWS-KOL-CAN-01,Canning,42812,SYNTHETIC_NEIGHBOR,2026-09-07 19:30:00,29.03,85.01,1006.97,,,0
AWS-KOL-DUM-01,Kolkata / Dum Dum,42809,REAL_BASELINE,2026-09-07 19:30:00,28.00,89.00,1006.00,,,0
AWS-KOL-ULB-01,Uluberia,42805,SYNTHETIC_NEIGHBOR,2026-09-07 19:30:00,27.99,86.10,1006.12,,,0
AWS-KOL-ALP-01,Kolkata / Alipore,42807,SYNTHETIC_NEIGHBOR,2026-09-07 20:00:00,28.67,87.70,1007.18,,,0
AWS-KOL-CAN-01,Canning,42812,SYNTHETIC_NEIGHBOR,2026-09-07 20:00:00,29.16,86.94,1006.80,,,0
AWS-KOL-DUM-01,Kolkata / Dum Dum,42809,REAL_BASELINE,2026-09-07 20:00:00,28.00,89.00,1006.00,,,0
AWS-KOL-ULB-01,Uluberia,42805,SYNTHETIC_NEIGHBOR,2026-09-07 20:00:00,28.33,88.58,1004.75,,,0
AWS-KOL-ALP-01,Kolkata / Alipore,42807,SYNTHETIC_NEIGHBOR,2026-09-07 20:30:00,28.72,86.17,1006.75,,,0
AWS-KOL-CAN-01,Canning,42812,SYNTHETIC_NEIGHBOR,2026-09-07 20:30:00,28.64,85.04,1006.59,,,0
AWS-KOL-DUM-01,Kolkata / Dum Dum,42809,REAL_BASELINE,2026-09-07 20:30:00,28.00,89.00,1007.00,,,0
AWS-KOL-ULB-01,Uluberia,42805,SYNTHETIC_NEIGHBOR,2026-09-07 20:30:00,28.70,87.59,1006.02,,,0
AWS-KOL-ALP-01,Kolkata / Alipore,42807,SYNTHETIC_NEIGHBOR,2026-09-07 21:00:00,28.46,88.74,1006.98,,,0
AWS-KOL-CAN-01,Canning,42812,SYNTHETIC_NEIGHBOR,2026-09-07 21:00:00,29.20,85.04,1007.81,,,0
AWS-KOL-DUM-01,Kolkata / Dum Dum,42809,REAL_BASELINE,2026-09-07 21:00:00,28.00,89.00,1007.00,,,0
AWS-KOL-ULB-01,Uluberia,42805,SYNTHETIC_NEIGHBOR,2026-09-07 21:00:00,27.81,88.17,1006.81,,,0
AWS-KOL-ALP-01,Kolkata / Alipore,42807,SYNTHETIC_NEIGHBOR,2026-09-07 21:30:00,29.73,86.68,1007.08,,,0
AWS-KOL-CAN-01,Canning,42812,SYNTHETIC_NEIGHBOR,2026-09-07 21:30:00,29.65,85.31,1008.08,,,0
AWS-KOL-DUM-01,Kolkata / Dum Dum,42809,REAL_BASELINE,2026-09-07 21:30:00,28.00,89.00,1007.00,,,0
AWS-KOL-ULB-01,Uluberia,42805,SYNTHETIC_NEIGHBOR,2026-09-07 21:30:00,28.09,90.98,1006.76,,,0
AWS-KOL-ALP-01,Kolkata / Alipore,42807,SYNTHETIC_NEIGHBOR,2026-09-07 22:00:00,28.83,89.33,1007.19,,,0
AWS-KOL-CAN-01,Canning,42812,SYNTHETIC_NEIGHBOR,2026-09-07 22:00:00,29.30,86.73,1008.38,,,0
AWS-KOL-DUM-01,Kolkata / Dum Dum,42809,REAL_BASELINE,2026-09-07 22:00:00,28.00,89.00,1007.00,,,0
AWS-KOL-ULB-01,Uluberia,42805,SYNTHETIC_NEIGHBOR,2026-09-07 22:00:00,28.02,88.52,1006.54,,,0
AWS-KOL-ALP-01,Kolkata / Alipore,42807,SYNTHETIC_NEIGHBOR,2026-09-07 22:30:00,28.44,86.22,1008.25,,,0
AWS-KOL-CAN-01,Canning,42812,SYNTHETIC_NEIGHBOR,2026-09-07 22:30:00,29.86,90.23,1007.86,,,0
AWS-KOL-DUM-01,Kolkata / Dum Dum,42809,REAL_BASELINE,2026-09-07 22:30:00,28.00,89.00,1007.00,,,0
AWS-KOL-ULB-01,Uluberia,42805,SYNTHETIC_NEIGHBOR,2026-09-07 22:30:00,28.11,86.43,1008.33,,,0
AWS-KOL-ALP-01,Kolkata / Alipore,42807,SYNTHETIC_NEIGHBOR,2026-09-07 23:00:00,28.16,91.89,1006.00,,,0
AWS-KOL-CAN-01,Canning,42812,SYNTHETIC_NEIGHBOR,2026-09-07 23:00:00,29.91,88.70,1007.67,,,0
AWS-KOL-DUM-01,Kolkata / Dum Dum,42809,REAL_BASELINE,2026-09-07 23:00:00,28.00,94.00,1006.00,,,0
AWS-KOL-ULB-01,Uluberia,42805,SYNTHETIC_NEIGHBOR,2026-09-07 23:00:00,28.86,92.68,1006.53,,,0
AWS-KOL-ALP-01,Kolkata / Alipore,42807,SYNTHETIC_NEIGHBOR,2026-09-07 23:30:00,28.16,92.30,1006.25,,,0
AWS-KOL-CAN-01,Canning,42812,SYNTHETIC_NEIGHBOR,2026-09-07 23:30:00,28.40,91.65,1007.15,,,0
AWS-KOL-DUM-01,Kolkata / Dum Dum,42809,REAL_BASELINE,2026-09-07 23:30:00,28.00,94.00,1006.00,,,0
AWS-KOL-ULB-01,Uluberia,42805,SYNTHETIC_NEIGHBOR,2026-09-07 23:30:00,27.81,90.71,1005.68,,,0
AWS-KOL-ALP-01,Kolkata / Alipore,42807,SYNTHETIC_NEIGHBOR,2026-09-08 00:00:00,28.51,91.82,1005.73,,,0
AWS-KOL-CAN-01,Canning,42812,SYNTHETIC_NEIGHBOR,2026-09-08 00:00:00,28.95,91.31,1006.57,,,0
AWS-KOL-DUM-01,Kolkata / Dum Dum,42809,REAL_BASELINE,2026-09-08 00:00:00,28.00,94.00,1006.00,,,0
AWS-KOL-ULB-01,Uluberia,42805,SYNTHETIC_NEIGHBOR,2026-09-08 00:00:00,28.36,92.70,1006.52,,,0
AWS-KOL-ALP-01,Kolkata / Alipore,42807,SYNTHETIC_NEIGHBOR,2026-09-08 00:30:00,27.65,93.89,1005.47,,,0
AWS-KOL-CAN-01,Canning,42812,SYNTHETIC_NEIGHBOR,2026-09-08 00:30:00,28.61,92.84,1004.88,,,0
AWS-KOL-DUM-01,Kolkata / Dum Dum,42809,REAL_BASELINE,2026-09-08 00:30:00,27.00,94.00,1005.00,,,0
AWS-KOL-ULB-01,Uluberia,42805,SYNTHETIC_NEIGHBOR,2026-09-08 00:30:00,27.72,96.23,1004.52,,,0
AWS-KOL-ALP-01,Kolkata / Alipore,42807,SYNTHETIC_NEIGHBOR,2026-09-08 01:00:00,27.69,91.68,1005.71,,,0
AWS-KOL-CAN-01,Canning,42812,SYNTHETIC_NEIGHBOR,2026-09-08 01:00:00,28.48,89.42,1006.82,,,0
AWS-KOL-DUM-01,Kolkata / Dum Dum,42809,REAL_BASELINE,2026-09-08 01:00:00,27.00,94.00,1005.00,,,0
AWS-KOL-ULB-01,Uluberia,42805,SYNTHETIC_NEIGHBOR,2026-09-08 01:00:00,27.10,92.93,1005.92,,,0
AWS-KOL-ALP-01,Kolkata / Alipore,42807,SYNTHETIC_NEIGHBOR,2026-09-08 01:30:00,29.38,91.23,1005.95,,,0
AWS-KOL-CAN-01,Canning,42812,SYNTHETIC_NEIGHBOR,2026-09-08 01:30:00,29.38,87.81,1005.23,,,0
AWS-KOL-DUM-01,Kolkata / Dum Dum,42809,REAL_BASELINE,2026-09-08 01:30:00,28.00,94.00,1005.00,,,0
AWS-KOL-ULB-01,Uluberia,42805,SYNTHETIC_NEIGHBOR,2026-09-08 01:30:00,27.98,92.30,1004.91,,,0
AWS-KOL-ALP-01,Kolkata / Alipore,42807,SYNTHETIC_NEIGHBOR,2026-09-08 02:00:00,28.71,94.62,1005.70,,,0
AWS-KOL-CAN-01,Canning,42812,SYNTHETIC_NEIGHBOR,2026-09-08 02:00:00,30.23,90.00,1006.45,,,0
AWS-KOL-DUM-01,Kolkata / Dum Dum,42809,REAL_BASELINE,2026-09-08 02:00:00,28.00,94.00,1005.00,,,0
AWS-KOL-ULB-01,Uluberia,42805,SYNTHETIC_NEIGHBOR,2026-09-08 02:00:00,28.55,95.78,1004.93,,,0
AWS-KOL-ALP-01,Kolkata / Alipore,42807,SYNTHETIC_NEIGHBOR,2026-09-08 02:30:00,29.00,95.18,1004.90,,,0
AWS-KOL-CAN-01,Canning,42812,SYNTHETIC_NEIGHBOR,2026-09-08 02:30:00,29.27,91.59,1005.60,,,0
AWS-KOL-DUM-01,Kolkata / Dum Dum,42809,REAL_BASELINE,2026-09-08 02:30:00,28.00,94.00,1005.00,,,0
AWS-KOL-ULB-01,Uluberia,42805,SYNTHETIC_NEIGHBOR,2026-09-08 02:30:00,28.09,96.48,1005.04,,,0
AWS-KOL-ALP-01,Kolkata / Alipore,42807,SYNTHETIC_NEIGHBOR,2026-09-08 03:00:00,29.31,91.26,1005.26,,,0
AWS-KOL-CAN-01,Canning,42812,SYNTHETIC_NEIGHBOR,2026-09-08 03:00:00,29.58,90.23,1005.27,,,0
AWS-KOL-DUM-01,Kolkata / Dum Dum,42809,REAL_BASELINE,2026-09-08 03:00:00,28.00,94.00,1005.00,,,0
AWS-KOL-ULB-01,Uluberia,42805,SYNTHETIC_NEIGHBOR,2026-09-08 03:00:00,28.15,93.65,1004.73,,,0
AWS-KOL-ALP-01,Kolkata / Alipore,42807,SYNTHETIC_NEIGHBOR,2026-09-08 03:30:00,28.73,88.25,1005.01,,,0
AWS-KOL-CAN-01,Canning,42812,SYNTHETIC_NEIGHBOR,2026-09-08 03:30:00,29.24,89.77,1005.20,,,0
AWS-KOL-DUM-01,Kolkata / Dum Dum,42809,REAL_BASELINE,2026-09-08 03:30:00,28.00,94.00,1005.00,,,0
AWS-KOL-ULB-01,Uluberia,42805,SYNTHETIC_NEIGHBOR,2026-09-08 03:30:00,28.09,93.30,1006.24,,,0
AWS-KOL-ALP-01,Kolkata / Alipore,42807,SYNTHETIC_NEIGHBOR,2026-09-08 04:00:00,28.21,91.95,1006.08,,,0
AWS-KOL-CAN-01,Canning,42812,SYNTHETIC_NEIGHBOR,2026-09-08 04:00:00,29.42,90.48,1005.58,,,0
AWS-KOL-DUM-01,Kolkata / Dum Dum,42809,REAL_BASELINE,2026-09-08 04:00:00,28.00,94.00,1005.00,,,0
AWS-KOL-ULB-01,Uluberia,42805,SYNTHETIC_NEIGHBOR,2026-09-08 04:00:00,28.40,92.92,1003.67,,,0
AWS-KOL-ALP-01,Kolkata / Alipore,42807,SYNTHETIC_NEIGHBOR,2026-09-08 04:30:00,28.45,88.88,1006.30,,,0
AWS-KOL-CAN-01,Canning,42812,SYNTHETIC_NEIGHBOR,2026-09-08 04:30:00,29.59,89.18,1006.46,,,0
AWS-KOL-DUM-01,Kolkata / Dum Dum,42809,REAL_BASELINE,2026-09-08 04:30:00,28.00,94.00,1005.00,,,0
AWS-KOL-ULB-01,Uluberia,42805,SYNTHETIC_NEIGHBOR,2026-09-08 04:30:00,29.26,91.76,1006.11,,,0
AWS-KOL-ALP-01,Kolkata / Alipore,42807,SYNTHETIC_NEIGHBOR,2026-09-08 05:00:00,28.83,91.87,1004.63,,,0
AWS-KOL-CAN-01,Canning,42812,SYNTHETIC_NEIGHBOR,2026-09-08 05:00:00,29.11,90.01,1004.28,,,0
AWS-KOL-DUM-01,Kolkata / Dum Dum,42809,REAL_BASELINE,2026-09-08 05:00:00,28.00,94.00,1005.00,,,0
AWS-KOL-ULB-01,Uluberia,42805,SYNTHETIC_NEIGHBOR,2026-09-08 05:00:00,28.59,92.47,1005.52,,,0
AWS-KOL-ALP-01,Kolkata / Alipore,42807,SYNTHETIC_NEIGHBOR,2026-09-08 05:30:00,28.55,97.76,1004.24,,,0
AWS-KOL-CAN-01,Canning,42812,SYNTHETIC_NEIGHBOR,2026-09-08 05:30:00,28.97,92.03,1007.55,,,0
AWS-KOL-DUM-01,Kolkata / Dum Dum,42809,REAL_BASELINE,2026-09-08 05:30:00,28.00,94.00,1005.00,,,0
AWS-KOL-ULB-01,Uluberia,42805,SYNTHETIC_NEIGHBOR,2026-09-08 05:30:00,28.05,96.48,1004.56,,,0
AWS-KOL-ALP-01,Kolkata / Alipore,42807,SYNTHETIC_NEIGHBOR,2026-09-08 06:00:00,29.15,92.35,1006.96,,,0
AWS-KOL-CAN-01,Canning,42812,SYNTHETIC_NEIGHBOR,2026-09-08 06:00:00,29.92,89.35,1007.95,,,0
AWS-KOL-DUM-01,Kolkata / Dum Dum,42809,REAL_BASELINE,2026-09-08 06:00:00,28.00,94.00,1005.00,,,0
AWS-KOL-ULB-01,Uluberia,42805,SYNTHETIC_NEIGHBOR,2026-09-08 06:00:00,28.01,92.63,1006.47,,,0
AWS-KOL-ALP-01,Kolkata / Alipore,42807,SYNTHETIC_NEIGHBOR,2026-09-08 06:30:00,28.44,91.23,1006.49,,,0
AWS-KOL-CAN-01,Canning,42812,SYNTHETIC_NEIGHBOR,2026-09-08 06:30:00,29.46,91.33,1006.38,,,0
AWS-KOL-DUM-01,Kolkata / Dum Dum,42809,REAL_BASELINE,2026-09-08 06:30:00,28.00,94.00,1006.00,,,0
AWS-KOL-ULB-01,Uluberia,42805,SYNTHETIC_NEIGHBOR,2026-09-08 06:30:00,28.47,94.23,1007.25,,,0
AWS-KOL-ALP-01,Kolkata / Alipore,42807,SYNTHETIC_NEIGHBOR,2026-09-08 07:00:00,28.81,90.04,1006.42,,,0
AWS-KOL-CAN-01,Canning,42812,SYNTHETIC_NEIGHBOR,2026-09-08 07:00:00,29.08,93.10,1005.73,,,0
AWS-KOL-DUM-01,Kolkata / Dum Dum,42809,REAL_BASELINE,2026-09-08 07:00:00,28.00,94.00,1006.00,,,0
AWS-KOL-ULB-01,Uluberia,42805,SYNTHETIC_NEIGHBOR,2026-09-08 07:00:00,28.60,91.13,1007.09,,,0
AWS-KOL-ALP-01,Kolkata / Alipore,42807,SYNTHETIC_NEIGHBOR,2026-09-08 07:30:00,29.97,87.65,1006.75,,,0
AWS-KOL-CAN-01,Canning,42812,SYNTHETIC_NEIGHBOR,2026-09-08 07:30:00,30.18,86.92,1006.87,,,0
AWS-KOL-DUM-01,Kolkata / Dum Dum,42809,REAL_BASELINE,2026-09-08 07:30:00,29.00,89.00,1006.00,,,0
AWS-KOL-ULB-01,Uluberia,42805,SYNTHETIC_NEIGHBOR,2026-09-08 07:30:00,29.66,88.14,1004.46,,,0
AWS-KOL-ALP-01,Kolkata / Alipore,42807,SYNTHETIC_NEIGHBOR,2026-09-08 08:00:00,29.52,90.10,1008.42,,,0
AWS-KOL-CAN-01,Canning,42812,SYNTHETIC_NEIGHBOR,2026-09-08 08:00:00,30.34,85.44,1007.67,,,0
AWS-KOL-DUM-01,Kolkata / Dum Dum,42809,REAL_BASELINE,2026-09-08 08:00:00,29.00,89.00,1007.00,,,0
AWS-KOL-ULB-01,Uluberia,42805,SYNTHETIC_NEIGHBOR,2026-09-08 08:00:00,29.62,89.09,1006.51,,,0
AWS-KOL-ALP-01,Kolkata / Alipore,42807,SYNTHETIC_NEIGHBOR,2026-09-08 08:30:00,30.93,84.49,1006.73,,,0
AWS-KOL-CAN-01,Canning,42812,SYNTHETIC_NEIGHBOR,2026-09-08 08:30:00,31.23,81.53,1008.41,,,0
AWS-KOL-DUM-01,Kolkata / Dum Dum,42809,REAL_BASELINE,2026-09-08 08:30:00,30.00,84.00,1007.00,,,0
AWS-KOL-ULB-01,Uluberia,42805,SYNTHETIC_NEIGHBOR,2026-09-08 08:30:00,30.25,82.19,1006.88,,,0
AWS-KOL-ALP-01,Kolkata / Alipore,42807,SYNTHETIC_NEIGHBOR,2026-09-08 09:00:00,31.83,78.06,1007.39,,,0
AWS-KOL-CAN-01,Canning,42812,SYNTHETIC_NEIGHBOR,2026-09-08 09:00:00,31.82,73.83,1008.35,,,0
AWS-KOL-DUM-01,Kolkata / Dum Dum,42809,REAL_BASELINE,2026-09-08 09:00:00,31.00,79.00,1007.00,,,0
AWS-KOL-ULB-01,Uluberia,42805,SYNTHETIC_NEIGHBOR,2026-09-08 09:00:00,30.97,78.61,1006.95,,,0
AWS-KOL-ALP-01,Kolkata / Alipore,42807,SYNTHETIC_NEIGHBOR,2026-09-08 09:30:00,31.49,73.43,1008.57,,,0
AWS-KOL-CAN-01,Canning,42812,SYNTHETIC_NEIGHBOR,2026-09-08 09:30:00,32.40,71.12,1006.87,,,0
AWS-KOL-DUM-01,Kolkata / Dum Dum,42809,REAL_BASELINE,2026-09-08 09:30:00,31.00,75.00,1007.00,,,0
AWS-KOL-ULB-01,Uluberia,42805,SYNTHETIC_NEIGHBOR,2026-09-08 09:30:00,31.58,76.10,1007.63,,,0
AWS-KOL-ALP-01,Kolkata / Alipore,42807,SYNTHETIC_NEIGHBOR,2026-09-08 10:00:00,33.11,74.08,1006.49,,,0
AWS-KOL-CAN-01,Canning,42812,SYNTHETIC_NEIGHBOR,2026-09-08 10:00:00,33.28,72.62,1008.40,,,0
AWS-KOL-DUM-01,Kolkata / Dum Dum,42809,REAL_BASELINE,2026-09-08 10:00:00,32.00,75.00,1007.00,,,0
AWS-KOL-ULB-01,Uluberia,42805,SYNTHETIC_NEIGHBOR,2026-09-08 10:00:00,32.23,74.03,1007.46,,,0
AWS-KOL-ALP-01,Kolkata / Alipore,42807,SYNTHETIC_NEIGHBOR,2026-09-08 10:30:00,33.14,75.02,1006.85,,,0
AWS-KOL-CAN-01,Canning,42812,SYNTHETIC_NEIGHBOR,2026-09-08 10:30:00,33.44,69.79,1006.13,,,0
AWS-KOL-DUM-01,Kolkata / Dum Dum,42809,REAL_BASELINE,2026-09-08 10:30:00,32.00,75.00,1006.00,,,0
AWS-KOL-ULB-01,Uluberia,42805,SYNTHETIC_NEIGHBOR,2026-09-08 10:30:00,32.37,75.98,1006.48,,,0
AWS-KOL-ALP-01,Kolkata / Alipore,42807,SYNTHETIC_NEIGHBOR,2026-09-08 11:00:00,33.90,62.57,1005.38,,,0
AWS-KOL-CAN-01,Canning,42812,SYNTHETIC_NEIGHBOR,2026-09-08 11:00:00,34.69,63.51,1005.98,,,0
AWS-KOL-DUM-01,Kolkata / Dum Dum,42809,REAL_BASELINE,2026-09-08 11:00:00,33.00,67.00,1006.00,,,0
AWS-KOL-ULB-01,Uluberia,42805,SYNTHETIC_NEIGHBOR,2026-09-08 11:00:00,33.71,66.49,1008.27,,,0
AWS-KOL-ALP-01,Kolkata / Alipore,42807,SYNTHETIC_NEIGHBOR,2026-09-08 11:30:00,34.14,65.84,1005.29,,,0
AWS-KOL-CAN-01,Canning,42812,SYNTHETIC_NEIGHBOR,2026-09-08 11:30:00,34.38,63.47,1004.89,,,0
AWS-KOL-DUM-01,Kolkata / Dum Dum,42809,REAL_BASELINE,2026-09-08 11:30:00,33.00,67.00,1005.00,,,0
AWS-KOL-ULB-01,Uluberia,42805,SYNTHETIC_NEIGHBOR,2026-09-08 11:30:00,33.72,66.51,1003.27,,,0
AWS-KOL-ALP-01,Kolkata / Alipore,42807,SYNTHETIC_NEIGHBOR,2026-09-08 12:00:00,33.48,67.89,1006.09,,,0
AWS-KOL-CAN-01,Canning,42812,SYNTHETIC_NEIGHBOR,2026-09-08 12:00:00,34.28,70.36,1004.79,,,0
AWS-KOL-DUM-01,Kolkata / Dum Dum,42809,REAL_BASELINE,2026-09-08 12:00:00,33.00,71.00,1005.00,,,0
AWS-KOL-ULB-01,Uluberia,42805,SYNTHETIC_NEIGHBOR,2026-09-08 12:00:00,33.02,72.11,1004.74,,,0
AWS-KOL-ALP-01,Kolkata / Alipore,42807,SYNTHETIC_NEIGHBOR,2026-09-08 12:30:00,33.33,64.47,1003.87,,,0
AWS-KOL-CAN-01,Canning,42812,SYNTHETIC_NEIGHBOR,2026-09-08 12:30:00,34.49,65.64,1003.79,,,0
AWS-KOL-DUM-01,Kolkata / Dum Dum,42809,REAL_BASELINE,2026-09-08 12:30:00,33.00,67.00,1004.00,,,0
AWS-KOL-ULB-01,Uluberia,42805,SYNTHETIC_NEIGHBOR,2026-09-08 12:30:00,33.30,66.15,1004.26,,,0
AWS-KOL-ALP-01,Kolkata / Alipore,42807,SYNTHETIC_NEIGHBOR,2026-09-08 13:00:00,32.99,73.47,1003.99,,,0
AWS-KOL-CAN-01,Canning,42812,SYNTHETIC_NEIGHBOR,2026-09-08 13:00:00,32.91,68.49,1004.64,,,0
AWS-KOL-DUM-01,Kolkata / Dum Dum,42809,REAL_BASELINE,2026-09-08 13:00:00,32.00,75.00,1004.00,,,0
AWS-KOL-ULB-01,Uluberia,42805,SYNTHETIC_NEIGHBOR,2026-09-08 13:00:00,32.41,75.76,1003.94,,,0
AWS-KOL-ALP-01,Kolkata / Alipore,42807,SYNTHETIC_NEIGHBOR,2026-09-08 13:30:00,31.51,76.98,1003.06,,,0
AWS-KOL-CAN-01,Canning,42812,SYNTHETIC_NEIGHBOR,2026-09-08 13:30:00,31.43,73.89,1004.05,,,0
AWS-KOL-DUM-01,Kolkata / Dum Dum,42809,REAL_BASELINE,2026-09-08 13:30:00,30.00,79.00,1003.00,,,0
AWS-KOL-ULB-01,Uluberia,42805,SYNTHETIC_NEIGHBOR,2026-09-08 13:30:00,29.68,79.50,1003.25,,,0
AWS-KOL-ALP-01,Kolkata / Alipore,42807,SYNTHETIC_NEIGHBOR,2026-09-08 14:00:00,26.77,98.59,1002.51,,,0
AWS-KOL-CAN-01,Canning,42812,SYNTHETIC_NEIGHBOR,2026-09-08 14:00:00,26.99,99.57,1004.25,,,0
AWS-KOL-DUM-01,Kolkata / Dum Dum,42809,REAL_BASELINE,2026-09-08 14:00:00,26.00,100.00,1003.00,,,0
AWS-KOL-ULB-01,Uluberia,42805,SYNTHETIC_NEIGHBOR,2026-09-08 14:00:00,26.19,99.91,1003.49,,,0
AWS-KOL-ALP-01,Kolkata / Alipore,42807,SYNTHETIC_NEIGHBOR,2026-09-08 14:30:00,29.38,94.15,1003.69,,,0
AWS-KOL-CAN-01,Canning,42812,SYNTHETIC_NEIGHBOR,2026-09-08 14:30:00,29.14,93.92,1003.83,,,0
AWS-KOL-DUM-01,Kolkata / Dum Dum,42809,REAL_BASELINE,2026-09-08 14:30:00,28.00,94.00,1003.00,,,0
AWS-KOL-ULB-01,Uluberia,42805,SYNTHETIC_NEIGHBOR,2026-09-08 14:30:00,28.10,90.98,1002.60,,,0
AWS-KOL-ALP-01,Kolkata / Alipore,42807,SYNTHETIC_NEIGHBOR,2026-09-08 15:00:00,26.57,93.73,1004.04,,,0
AWS-KOL-CAN-01,Canning,42812,SYNTHETIC_NEIGHBOR,2026-09-08 15:00:00,27.70,90.85,1004.48,,,0
AWS-KOL-DUM-01,Kolkata / Dum Dum,42809,REAL_BASELINE,2026-09-08 15:00:00,26.00,94.00,1003.00,,,0
AWS-KOL-ULB-01,Uluberia,42805,SYNTHETIC_NEIGHBOR,2026-09-08 15:00:00,27.19,94.54,1004.32,,,0
AWS-KOL-ALP-01,Kolkata / Alipore,42807,SYNTHETIC_NEIGHBOR,2026-09-08 15:30:00,26.17,91.12,1002.87,,,0
AWS-KOL-CAN-01,Canning,42812,SYNTHETIC_NEIGHBOR,2026-09-08 15:30:00,26.36,91.04,1004.87,,,0
AWS-KOL-DUM-01,Kolkata / Dum Dum,42809,REAL_BASELINE,2026-09-08 15:30:00,26.00,94.00,1003.00,,,0
AWS-KOL-ULB-01,Uluberia,42805,SYNTHETIC_NEIGHBOR,2026-09-08 15:30:00,26.21,93.50,1002.60,,,0
AWS-KOL-ALP-01,Kolkata / Alipore,42807,SYNTHETIC_NEIGHBOR,2026-09-08 16:00:00,26.53,92.88,1002.56,,,0
AWS-KOL-CAN-01,Canning,42812,SYNTHETIC_NEIGHBOR,2026-09-08 16:00:00,27.71,87.12,1004.13,,,0
AWS-KOL-DUM-01,Kolkata / Dum Dum,42809,REAL_BASELINE,2026-09-08 16:00:00,26.00,94.00,1003.00,,,0
AWS-KOL-ULB-01,Uluberia,42805,SYNTHETIC_NEIGHBOR,2026-09-08 16:00:00,26.23,95.82,1003.73,,,0
AWS-KOL-ALP-01,Kolkata / Alipore,42807,SYNTHETIC_NEIGHBOR,2026-09-08 16:30:00,25.97,88.15,1002.70,,,0
AWS-KOL-CAN-01,Canning,42812,SYNTHETIC_NEIGHBOR,2026-09-08 16:30:00,27.12,90.38,1003.92,,,0
AWS-KOL-DUM-01,Kolkata / Dum Dum,42809,REAL_BASELINE,2026-09-08 16:30:00,26.00,94.00,1003.00,,,0
AWS-KOL-ULB-01,Uluberia,42805,SYNTHETIC_NEIGHBOR,2026-09-08 16:30:00,26.64,90.58,1001.94,,,0
AWS-KOL-ALP-01,Kolkata / Alipore,42807,SYNTHETIC_NEIGHBOR,2026-09-08 17:00:00,26.79,91.65,1004.33,,,0
AWS-KOL-CAN-01,Canning,42812,SYNTHETIC_NEIGHBOR,2026-09-08 17:00:00,27.08,90.42,1005.94,,,0
AWS-KOL-DUM-01,Kolkata / Dum Dum,42809,REAL_BASELINE,2026-09-08 17:00:00,26.00,94.00,1004.00,,,0
AWS-KOL-ULB-01,Uluberia,42805,SYNTHETIC_NEIGHBOR,2026-09-08 17:00:00,25.83,91.04,1004.65,,,0
AWS-KOL-ALP-01,Kolkata / Alipore,42807,SYNTHETIC_NEIGHBOR,2026-09-08 17:30:00,28.25,91.82,1003.52,,,0
AWS-KOL-CAN-01,Canning,42812,SYNTHETIC_NEIGHBOR,2026-09-08 17:30:00,27.60,91.32,1004.03,,,0
AWS-KOL-DUM-01,Kolkata / Dum Dum,42809,REAL_BASELINE,2026-09-08 17:30:00,27.00,94.00,1004.00,,,0
AWS-KOL-ULB-01,Uluberia,42805,SYNTHETIC_NEIGHBOR,2026-09-08 17:30:00,28.16,97.12,1004.36,,,0
AWS-KOL-ALP-01,Kolkata / Alipore,42807,SYNTHETIC_NEIGHBOR,2026-09-08 18:00:00,27.87,92.07,1005.20,,,0
AWS-KOL-CAN-01,Canning,42812,SYNTHETIC_NEIGHBOR,2026-09-08 18:00:00,28.30,90.79,1005.85,,,0
AWS-KOL-DUM-01,Kolkata / Dum Dum,42809,REAL_BASELINE,2026-09-08 18:00:00,27.00,94.00,1004.00,,,0
AWS-KOL-ULB-01,Uluberia,42805,SYNTHETIC_NEIGHBOR,2026-09-08 18:00:00,27.62,96.88,1003.05,,,0
AWS-KOL-ALP-01,Kolkata / Alipore,42807,SYNTHETIC_NEIGHBOR,2026-09-08 18:30:00,27.51,85.75,1004.99,,,0
AWS-KOL-CAN-01,Canning,42812,SYNTHETIC_NEIGHBOR,2026-09-08 18:30:00,28.13,86.80,1004.08,,,0
AWS-KOL-DUM-01,Kolkata / Dum Dum,42809,REAL_BASELINE,2026-09-08 18:30:00,27.00,89.00,1004.00,,,0
AWS-KOL-ULB-01,Uluberia,42805,SYNTHETIC_NEIGHBOR,2026-09-08 18:30:00,27.37,92.24,1005.35,,,0
AWS-KOL-ALP-01,Kolkata / Alipore,42807,SYNTHETIC_NEIGHBOR,2026-09-08 19:00:00,26.04,93.15,1004.98,,,0
AWS-KOL-CAN-01,Canning,42812,SYNTHETIC_NEIGHBOR,2026-09-08 19:00:00,27.13,88.73,1005.36,,,0
AWS-KOL-DUM-01,Kolkata / Dum Dum,42809,REAL_BASELINE,2026-09-08 19:00:00,26.00,94.00,1004.00,,,0
AWS-KOL-ULB-01,Uluberia,42805,SYNTHETIC_NEIGHBOR,2026-09-08 19:00:00,26.44,94.09,1004.09,,,0
AWS-KOL-ALP-01,Kolkata / Alipore,42807,SYNTHETIC_NEIGHBOR,2026-09-08 19:30:00,27.52,90.48,1004.05,,,0
AWS-KOL-CAN-01,Canning,42812,SYNTHETIC_NEIGHBOR,2026-09-08 19:30:00,27.48,91.95,1003.93,,,0
AWS-KOL-DUM-01,Kolkata / Dum Dum,42809,REAL_BASELINE,2026-09-08 19:30:00,26.00,94.00,1004.00,,,0
AWS-KOL-ULB-01,Uluberia,42805,SYNTHETIC_NEIGHBOR,2026-09-08 19:30:00,26.85,90.36,1004.20,,,0
AWS-KOL-ALP-01,Kolkata / Alipore,42807,SYNTHETIC_NEIGHBOR,2026-09-08 20:00:00,26.59,91.08,1006.19,,,0
AWS-KOL-CAN-01,Canning,42812,SYNTHETIC_NEIGHBOR,2026-09-08 20:00:00,26.48,89.56,1005.27,,,0
AWS-KOL-DUM-01,Kolkata / Dum Dum,42809,REAL_BASELINE,2026-09-08 20:00:00,26.00,94.00,1005.00,,,0
AWS-KOL-ULB-01,Uluberia,42805,SYNTHETIC_NEIGHBOR,2026-09-08 20:00:00,26.71,95.81,1005.74,,,0
AWS-KOL-ALP-01,Kolkata / Alipore,42807,SYNTHETIC_NEIGHBOR,2026-09-08 20:30:00,27.19,88.20,1005.51,,,0
AWS-KOL-CAN-01,Canning,42812,SYNTHETIC_NEIGHBOR,2026-09-08 20:30:00,26.82,90.12,1006.07,,,0
AWS-KOL-DUM-01,Kolkata / Dum Dum,42809,REAL_BASELINE,2026-09-08 20:30:00,26.00,94.00,1005.00,,,0
AWS-KOL-ULB-01,Uluberia,42805,SYNTHETIC_NEIGHBOR,2026-09-08 20:30:00,26.43,95.57,1003.81,,,0
AWS-KOL-ALP-01,Kolkata / Alipore,42807,SYNTHETIC_NEIGHBOR,2026-09-08 21:00:00,26.41,89.73,1005.25,,,0
AWS-KOL-CAN-01,Canning,42812,SYNTHETIC_NEIGHBOR,2026-09-08 21:00:00,27.65,90.92,1007.99,,,0
AWS-KOL-DUM-01,Kolkata / Dum Dum,42809,REAL_BASELINE,2026-09-08 21:00:00,26.00,94.00,1006.00,,,0
AWS-KOL-ULB-01,Uluberia,42805,SYNTHETIC_NEIGHBOR,2026-09-08 21:00:00,26.81,93.12,1005.52,,,0
AWS-KOL-ALP-01,Kolkata / Alipore,42807,SYNTHETIC_NEIGHBOR,2026-09-08 21:30:00,27.05,96.99,1005.56,,,0
AWS-KOL-CAN-01,Canning,42812,SYNTHETIC_NEIGHBOR,2026-09-08 21:30:00,26.90,97.00,1007.79,,,0
AWS-KOL-DUM-01,Kolkata / Dum Dum,42809,REAL_BASELINE,2026-09-08 21:30:00,26.00,100.00,1006.00,,,0
AWS-KOL-ULB-01,Uluberia,42805,SYNTHETIC_NEIGHBOR,2026-09-08 21:30:00,26.42,100.00,1006.26,,,0
AWS-KOL-ALP-01,Kolkata / Alipore,42807,SYNTHETIC_NEIGHBOR,2026-09-08 22:00:00,27.55,97.26,1006.67,,,0
AWS-KOL-CAN-01,Canning,42812,SYNTHETIC_NEIGHBOR,2026-09-08 22:00:00,28.37,89.16,1004.77,,,0
AWS-KOL-DUM-01,Kolkata / Dum Dum,42809,REAL_BASELINE,2026-09-08 22:00:00,27.00,94.00,1005.00,,,0
AWS-KOL-ULB-01,Uluberia,42805,SYNTHETIC_NEIGHBOR,2026-09-08 22:00:00,27.54,92.60,1005.53,,,0
AWS-KOL-ALP-01,Kolkata / Alipore,42807,SYNTHETIC_NEIGHBOR,2026-09-08 22:30:00,27.81,88.08,1006.20,,,0
AWS-KOL-CAN-01,Canning,42812,SYNTHETIC_NEIGHBOR,2026-09-08 22:30:00,28.41,84.35,1005.36,,,0
AWS-KOL-DUM-01,Kolkata / Dum Dum,42809,REAL_BASELINE,2026-09-08 22:30:00,27.00,89.00,1005.00,,,0
AWS-KOL-ULB-01,Uluberia,42805,SYNTHETIC_NEIGHBOR,2026-09-08 22:30:00,27.60,86.12,1005.70,,,0
AWS-KOL-ALP-01,Kolkata / Alipore,42807,SYNTHETIC_NEIGHBOR,2026-09-08 23:00:00,27.95,87.18,1004.85,,,0
AWS-KOL-CAN-01,Canning,42812,SYNTHETIC_NEIGHBOR,2026-09-08 23:00:00,27.68,83.81,1004.76,,,0
AWS-KOL-DUM-01,Kolkata / Dum Dum,42809,REAL_BASELINE,2026-09-08 23:00:00,27.00,89.00,1005.00,,,0
AWS-KOL-ULB-01,Uluberia,42805,SYNTHETIC_NEIGHBOR,2026-09-08 23:00:00,27.41,87.30,1004.56,,,0
AWS-KOL-ALP-01,Kolkata / Alipore,42807,SYNTHETIC_NEIGHBOR,2026-09-08 23:30:00,27.01,92.48,1005.43,,,0
AWS-KOL-CAN-01,Canning,42812,SYNTHETIC_NEIGHBOR,2026-09-08 23:30:00,27.50,92.49,1004.78,,,0
AWS-KOL-DUM-01,Kolkata / Dum Dum,42809,REAL_BASELINE,2026-09-08 23:30:00,26.00,94.00,1005.00,,,0
AWS-KOL-ULB-01,Uluberia,42805,SYNTHETIC_NEIGHBOR,2026-09-08 23:30:00,26.65,89.78,1004.64,,,0
AWS-KOL-ALP-01,Kolkata / Alipore,42807,SYNTHETIC_NEIGHBOR,2026-09-09 00:00:00,27.05,93.48,1005.87,,,0
AWS-KOL-CAN-01,Canning,42812,SYNTHETIC_NEIGHBOR,2026-09-09 00:00:00,27.36,93.20,1004.82,,,0
AWS-KOL-DUM-01,Kolkata / Dum Dum,42809,REAL_BASELINE,2026-09-09 00:00:00,26.00,94.00,1005.00,,,0
AWS-KOL-ULB-01,Uluberia,42805,SYNTHETIC_NEIGHBOR,2026-09-09 00:00:00,26.29,93.21,1006.62,,,0
AWS-KOL-ALP-01,Kolkata / Alipore,42807,SYNTHETIC_NEIGHBOR,2026-09-09 00:30:00,27.06,94.10,1004.87,,,0
AWS-KOL-CAN-01,Canning,42812,SYNTHETIC_NEIGHBOR,2026-09-09 00:30:00,28.09,91.33,1005.20,,,0
AWS-KOL-DUM-01,Kolkata / Dum Dum,42809,REAL_BASELINE,2026-09-09 00:30:00,26.00,94.00,1005.00,,,0
AWS-KOL-ULB-01,Uluberia,42805,SYNTHETIC_NEIGHBOR,2026-09-09 00:30:00,27.22,90.33,1004.59,,,0
AWS-KOL-ALP-01,Kolkata / Alipore,42807,SYNTHETIC_NEIGHBOR,2026-09-09 01:00:00,26.62,96.58,1005.77,,,0
AWS-KOL-CAN-01,Canning,42812,SYNTHETIC_NEIGHBOR,2026-09-09 01:00:00,27.40,96.86,1007.23,,,0
AWS-KOL-DUM-01,Kolkata / Dum Dum,42809,REAL_BASELINE,2026-09-09 01:00:00,26.00,100.00,1005.00,,,0
AWS-KOL-ULB-01,Uluberia,42805,SYNTHETIC_NEIGHBOR,2026-09-09 01:00:00,25.83,100.00,1004.62,,,0
AWS-KOL-ALP-01,Kolkata / Alipore,42807,SYNTHETIC_NEIGHBOR,2026-09-09 01:30:00,27.21,100.00,1007.01,,,0
AWS-KOL-CAN-01,Canning,42812,SYNTHETIC_NEIGHBOR,2026-09-09 01:30:00,27.23,94.60,1006.13,,,0
AWS-KOL-DUM-01,Kolkata / Dum Dum,42809,REAL_BASELINE,2026-09-09 01:30:00,26.00,100.00,1005.00,,,0
AWS-KOL-ULB-01,Uluberia,42805,SYNTHETIC_NEIGHBOR,2026-09-09 01:30:00,26.38,95.93,1005.71,,,0
AWS-KOL-ALP-01,Kolkata / Alipore,42807,SYNTHETIC_NEIGHBOR,2026-09-09 02:00:00,26.38,100.00,1005.08,,,0
AWS-KOL-CAN-01,Canning,42812,SYNTHETIC_NEIGHBOR,2026-09-09 02:00:00,27.20,96.76,1004.73,,,0
AWS-KOL-DUM-01,Kolkata / Dum Dum,42809,REAL_BASELINE,2026-09-09 02:00:00,26.00,100.00,1004.00,,,0
AWS-KOL-ULB-01,Uluberia,42805,SYNTHETIC_NEIGHBOR,2026-09-09 02:00:00,26.24,100.00,1003.54,,,0
AWS-KOL-ALP-01,Kolkata / Alipore,42807,SYNTHETIC_NEIGHBOR,2026-09-09 02:30:00,26.72,100.00,1004.13,,,0
AWS-KOL-CAN-01,Canning,42812,SYNTHETIC_NEIGHBOR,2026-09-09 02:30:00,27.08,94.34,1005.73,,,0
AWS-KOL-DUM-01,Kolkata / Dum Dum,42809,REAL_BASELINE,2026-09-09 02:30:00,26.00,100.00,1004.00,,,0
AWS-KOL-ULB-01,Uluberia,42805,SYNTHETIC_NEIGHBOR,2026-09-09 02:30:00,26.65,99.88,1003.14,,,0
AWS-KOL-ALP-01,Kolkata / Alipore,42807,SYNTHETIC_NEIGHBOR,2026-09-09 03:00:00,26.88,98.79,1004.16,,,0
AWS-KOL-CAN-01,Canning,42812,SYNTHETIC_NEIGHBOR,2026-09-09 03:00:00,26.82,96.69,1004.29,,,0
AWS-KOL-DUM-01,Kolkata / Dum Dum,42809,REAL_BASELINE,2026-09-09 03:00:00,26.00,100.00,1004.00,,,0
AWS-KOL-ULB-01,Uluberia,42805,SYNTHETIC_NEIGHBOR,2026-09-09 03:00:00,26.43,99.21,1003.96,,,0
AWS-KOL-ALP-01,Kolkata / Alipore,42807,SYNTHETIC_NEIGHBOR,2026-09-09 03:30:00,27.01,98.13,1004.77,,,0
AWS-KOL-CAN-01,Canning,42812,SYNTHETIC_NEIGHBOR,2026-09-09 03:30:00,27.45,98.45,1004.23,,,0
AWS-KOL-DUM-01,Kolkata / Dum Dum,42809,REAL_BASELINE,2026-09-09 03:30:00,26.00,100.00,1004.00,,,0
AWS-KOL-ULB-01,Uluberia,42805,SYNTHETIC_NEIGHBOR,2026-09-09 03:30:00,26.28,100.00,1004.31,,,0
AWS-KOL-ALP-01,Kolkata / Alipore,42807,SYNTHETIC_NEIGHBOR,2026-09-09 04:00:00,27.09,99.57,1004.09,,,0
AWS-KOL-CAN-01,Canning,42812,SYNTHETIC_NEIGHBOR,2026-09-09 04:00:00,27.61,96.13,1005.57,,,0
AWS-KOL-DUM-01,Kolkata / Dum Dum,42809,REAL_BASELINE,2026-09-09 04:00:00,26.00,100.00,1004.00,,,0
AWS-KOL-ULB-01,Uluberia,42805,SYNTHETIC_NEIGHBOR,2026-09-09 04:00:00,27.05,100.00,1005.80,,,0
AWS-KOL-ALP-01,Kolkata / Alipore,42807,SYNTHETIC_NEIGHBOR,2026-09-09 04:30:00,26.16,97.47,1004.21,,,0
AWS-KOL-CAN-01,Canning,42812,SYNTHETIC_NEIGHBOR,2026-09-09 04:30:00,27.16,97.38,1004.64,,,0
AWS-KOL-DUM-01,Kolkata / Dum Dum,42809,REAL_BASELINE,2026-09-09 04:30:00,26.00,100.00,1004.00,,,0
AWS-KOL-ULB-01,Uluberia,42805,SYNTHETIC_NEIGHBOR,2026-09-09 04:30:00,26.79,100.00,1004.49,,,0
AWS-KOL-ALP-01,Kolkata / Alipore,42807,SYNTHETIC_NEIGHBOR,2026-09-09 05:00:00,26.35,99.40,1004.87,,,0
AWS-KOL-CAN-01,Canning,42812,SYNTHETIC_NEIGHBOR,2026-09-09 05:00:00,27.42,96.70,1005.88,,,0
AWS-KOL-DUM-01,Kolkata / Dum Dum,42809,REAL_BASELINE,2026-09-09 05:00:00,26.00,100.00,1004.00,,,0
AWS-KOL-ULB-01,Uluberia,42805,SYNTHETIC_NEIGHBOR,2026-09-09 05:00:00,26.21,98.49,1004.67,,,0
AWS-KOL-ALP-01,Kolkata / Alipore,42807,SYNTHETIC_NEIGHBOR,2026-09-09 05:30:00,26.89,99.81,1004.20,,,0
AWS-KOL-CAN-01,Canning,42812,SYNTHETIC_NEIGHBOR,2026-09-09 05:30:00,26.84,94.56,1004.60,,,0
AWS-KOL-DUM-01,Kolkata / Dum Dum,42809,REAL_BASELINE,2026-09-09 05:30:00,26.00,100.00,1004.00,,,0
AWS-KOL-ULB-01,Uluberia,42805,SYNTHETIC_NEIGHBOR,2026-09-09 05:30:00,26.68,100.00,1002.93,,,0
AWS-KOL-ALP-01,Kolkata / Alipore,42807,SYNTHETIC_NEIGHBOR,2026-09-09 06:00:00,26.89,98.12,1003.67,,,0
AWS-KOL-CAN-01,Canning,42812,SYNTHETIC_NEIGHBOR,2026-09-09 06:00:00,28.07,96.96,1005.48,,,0
AWS-KOL-DUM-01,Kolkata / Dum Dum,42809,REAL_BASELINE,2026-09-09 06:00:00,26.00,100.00,1004.00,,,0
AWS-KOL-ULB-01,Uluberia,42805,SYNTHETIC_NEIGHBOR,2026-09-09 06:00:00,27.30,97.83,1003.92,,,0
AWS-KOL-ALP-01,Kolkata / Alipore,42807,SYNTHETIC_NEIGHBOR,2026-09-09 06:30:00,27.22,95.84,1005.45,,,0
AWS-KOL-CAN-01,Canning,42812,SYNTHETIC_NEIGHBOR,2026-09-09 06:30:00,27.32,98.42,1006.18,,,0
AWS-KOL-DUM-01,Kolkata / Dum Dum,42809,REAL_BASELINE,2026-09-09 06:30:00,26.00,100.00,1005.00,,,0
AWS-KOL-ULB-01,Uluberia,42805,SYNTHETIC_NEIGHBOR,2026-09-09 06:30:00,26.08,100.00,1005.79,,,0
AWS-KOL-ALP-01,Kolkata / Alipore,42807,SYNTHETIC_NEIGHBOR,2026-09-09 07:00:00,28.33,91.18,1005.03,,,0
AWS-KOL-CAN-01,Canning,42812,SYNTHETIC_NEIGHBOR,2026-09-09 07:00:00,28.90,92.69,1005.67,,,0
AWS-KOL-DUM-01,Kolkata / Dum Dum,42809,REAL_BASELINE,2026-09-09 07:00:00,28.00,94.00,1005.00,,,0
AWS-KOL-ULB-01,Uluberia,42805,SYNTHETIC_NEIGHBOR,2026-09-09 07:00:00,28.30,91.26,1004.92,,,0
AWS-KOL-ALP-01,Kolkata / Alipore,42807,SYNTHETIC_NEIGHBOR,2026-09-09 07:30:00,29.22,88.54,1004.27,,,0
AWS-KOL-CAN-01,Canning,42812,SYNTHETIC_NEIGHBOR,2026-09-09 07:30:00,28.95,86.91,1005.55,,,0
AWS-KOL-DUM-01,Kolkata / Dum Dum,42809,REAL_BASELINE,2026-09-09 07:30:00,28.00,89.00,1005.00,,,0
AWS-KOL-ULB-01,Uluberia,42805,SYNTHETIC_NEIGHBOR,2026-09-09 07:30:00,28.21,86.60,1004.27,,,0
AWS-KOL-ALP-01,Kolkata / Alipore,42807,SYNTHETIC_NEIGHBOR,2026-09-09 08:00:00,29.73,86.63,1007.20,,,0
AWS-KOL-CAN-01,Canning,42812,SYNTHETIC_NEIGHBOR,2026-09-09 08:00:00,30.28,83.94,1007.39,,,0
AWS-KOL-DUM-01,Kolkata / Dum Dum,42809,REAL_BASELINE,2026-09-09 08:00:00,29.00,89.00,1006.00,,,0
AWS-KOL-ULB-01,Uluberia,42805,SYNTHETIC_NEIGHBOR,2026-09-09 08:00:00,29.87,86.66,1005.01,,,0
AWS-KOL-ALP-01,Kolkata / Alipore,42807,SYNTHETIC_NEIGHBOR,2026-09-09 08:30:00,29.53,84.94,1007.55,,,0
AWS-KOL-CAN-01,Canning,42812,SYNTHETIC_NEIGHBOR,2026-09-09 08:30:00,29.81,85.21,1007.93,,,0
AWS-KOL-DUM-01,Kolkata / Dum Dum,42809,REAL_BASELINE,2026-09-09 08:30:00,29.00,89.00,1006.00,,,0
AWS-KOL-ULB-01,Uluberia,42805,SYNTHETIC_NEIGHBOR,2026-09-09 08:30:00,29.70,87.10,1005.65,,,0
AWS-KOL-ALP-01,Kolkata / Alipore,42807,SYNTHETIC_NEIGHBOR,2026-09-09 09:00:00,30.64,76.91,1007.45,,,0
AWS-KOL-CAN-01,Canning,42812,SYNTHETIC_NEIGHBOR,2026-09-09 09:00:00,31.25,73.26,1007.59,,,0
AWS-KOL-DUM-01,Kolkata / Dum Dum,42809,REAL_BASELINE,2026-09-09 09:00:00,30.00,79.00,1006.00,,,0
AWS-KOL-ULB-01,Uluberia,42805,SYNTHETIC_NEIGHBOR,2026-09-09 09:00:00,30.76,77.60,1006.74,,,0
AWS-KOL-ALP-01,Kolkata / Alipore,42807,SYNTHETIC_NEIGHBOR,2026-09-09 09:30:00,30.72,80.15,1006.34,,,0
AWS-KOL-CAN-01,Canning,42812,SYNTHETIC_NEIGHBOR,2026-09-09 09:30:00,30.90,79.63,1006.24,,,0
AWS-KOL-DUM-01,Kolkata / Dum Dum,42809,REAL_BASELINE,2026-09-09 09:30:00,30.00,84.00,1006.00,,,0
AWS-KOL-ULB-01,Uluberia,42805,SYNTHETIC_NEIGHBOR,2026-09-09 09:30:00,30.52,83.41,1005.28,,,0
AWS-KOL-ALP-01,Kolkata / Alipore,42807,SYNTHETIC_NEIGHBOR,2026-09-09 10:00:00,30.38,82.40,1006.73,,,0
AWS-KOL-CAN-01,Canning,42812,SYNTHETIC_NEIGHBOR,2026-09-09 10:00:00,31.33,76.70,1007.80,,,0
AWS-KOL-DUM-01,Kolkata / Dum Dum,42809,REAL_BASELINE,2026-09-09 10:00:00,30.00,84.00,1006.00,,,0
AWS-KOL-ULB-01,Uluberia,42805,SYNTHETIC_NEIGHBOR,2026-09-09 10:00:00,31.02,85.80,1006.58,,,0
AWS-KOL-ALP-01,Kolkata / Alipore,42807,SYNTHETIC_NEIGHBOR,2026-09-09 10:30:00,31.94,76.09,1006.53,,,0
AWS-KOL-CAN-01,Canning,42812,SYNTHETIC_NEIGHBOR,2026-09-09 10:30:00,31.90,75.99,1005.90,,,0
AWS-KOL-DUM-01,Kolkata / Dum Dum,42809,REAL_BASELINE,2026-09-09 10:30:00,31.00,79.00,1006.00,,,0
AWS-KOL-ULB-01,Uluberia,42805,SYNTHETIC_NEIGHBOR,2026-09-09 10:30:00,31.60,77.41,1006.74,,,0
AWS-KOL-ALP-01,Kolkata / Alipore,42807,SYNTHETIC_NEIGHBOR,2026-09-09 11:00:00,32.76,72.48,1006.99,,,0
AWS-KOL-CAN-01,Canning,42812,SYNTHETIC_NEIGHBOR,2026-09-09 11:00:00,32.89,71.30,1006.52,,,0
AWS-KOL-DUM-01,Kolkata / Dum Dum,42809,REAL_BASELINE,2026-09-09 11:00:00,32.00,75.00,1006.00,,,0
AWS-KOL-ULB-01,Uluberia,42805,SYNTHETIC_NEIGHBOR,2026-09-09 11:00:00,32.66,73.90,1006.39,,,0
AWS-KOL-ALP-01,Kolkata / Alipore,42807,SYNTHETIC_NEIGHBOR,2026-09-09 11:30:00,32.88,65.06,1004.75,,,0
AWS-KOL-CAN-01,Canning,42812,SYNTHETIC_NEIGHBOR,2026-09-09 11:30:00,33.34,69.49,1006.30,,,0
AWS-KOL-DUM-01,Kolkata / Dum Dum,42809,REAL_BASELINE,2026-09-09 11:30:00,32.00,71.00,1005.00,,,0
AWS-KOL-ULB-01,Uluberia,42805,SYNTHETIC_NEIGHBOR,2026-09-09 11:30:00,32.86,69.59,1005.27,,,0
AWS-KOL-ALP-01,Kolkata / Alipore,42807,SYNTHETIC_NEIGHBOR,2026-09-09 12:00:00,32.53,68.58,1004.82,,,0
AWS-KOL-CAN-01,Canning,42812,SYNTHETIC_NEIGHBOR,2026-09-09 12:00:00,33.11,67.38,1005.44,,,0
AWS-KOL-DUM-01,Kolkata / Dum Dum,42809,REAL_BASELINE,2026-09-09 12:00:00,32.00,71.00,1005.00,,,0
AWS-KOL-ULB-01,Uluberia,42805,SYNTHETIC_NEIGHBOR,2026-09-09 12:00:00,32.41,66.82,1005.50,,,0
AWS-KOL-ALP-01,Kolkata / Alipore,42807,SYNTHETIC_NEIGHBOR,2026-09-09 12:30:00,32.76,70.11,1004.08,,,0
AWS-KOL-CAN-01,Canning,42812,SYNTHETIC_NEIGHBOR,2026-09-09 12:30:00,33.12,69.49,1004.79,,,0
AWS-KOL-DUM-01,Kolkata / Dum Dum,42809,REAL_BASELINE,2026-09-09 12:30:00,32.00,71.00,1004.00,,,0
AWS-KOL-ULB-01,Uluberia,42805,SYNTHETIC_NEIGHBOR,2026-09-09 12:30:00,33.10,67.40,1004.03,,,0
AWS-KOL-ALP-01,Kolkata / Alipore,42807,SYNTHETIC_NEIGHBOR,2026-09-09 13:00:00,32.31,68.01,1003.85,,,0
AWS-KOL-CAN-01,Canning,42812,SYNTHETIC_NEIGHBOR,2026-09-09 13:00:00,33.13,69.13,1004.10,,,0
AWS-KOL-DUM-01,Kolkata / Dum Dum,42809,REAL_BASELINE,2026-09-09 13:00:00,32.00,71.00,1004.00,,,0
AWS-KOL-ULB-01,Uluberia,42805,SYNTHETIC_NEIGHBOR,2026-09-09 13:00:00,32.61,67.45,1003.92,,,0
AWS-KOL-ALP-01,Kolkata / Alipore,42807,SYNTHETIC_NEIGHBOR,2026-09-09 13:30:00,33.16,70.04,1003.59,,,0
AWS-KOL-CAN-01,Canning,42812,SYNTHETIC_NEIGHBOR,2026-09-09 13:30:00,33.52,68.66,1004.34,,,0
AWS-KOL-DUM-01,Kolkata / Dum Dum,42809,REAL_BASELINE,2026-09-09 13:30:00,32.00,71.00,1003.00,,,0
AWS-KOL-ULB-01,Uluberia,42805,SYNTHETIC_NEIGHBOR,2026-09-09 13:30:00,32.89,68.11,1003.15,,,0
AWS-KOL-ALP-01,Kolkata / Alipore,42807,SYNTHETIC_NEIGHBOR,2026-09-09 14:00:00,32.92,70.62,1002.79,,,0
AWS-KOL-CAN-01,Canning,42812,SYNTHETIC_NEIGHBOR,2026-09-09 14:00:00,33.76,66.66,1001.96,,,0
AWS-KOL-DUM-01,Kolkata / Dum Dum,42809,REAL_BASELINE,2026-09-09 14:00:00,32.00,71.00,1002.00,,,0
AWS-KOL-ULB-01,Uluberia,42805,SYNTHETIC_NEIGHBOR,2026-09-09 14:00:00,32.85,69.99,1001.82,,,0
AWS-KOL-ALP-01,Kolkata / Alipore,42807,SYNTHETIC_NEIGHBOR,2026-09-09 14:30:00,32.71,68.54,1003.10,,,0
AWS-KOL-CAN-01,Canning,42812,SYNTHETIC_NEIGHBOR,2026-09-09 14:30:00,33.61,68.16,1003.28,,,0
AWS-KOL-DUM-01,Kolkata / Dum Dum,42809,REAL_BASELINE,2026-09-09 14:30:00,32.00,71.00,1002.00,,,0
AWS-KOL-ULB-01,Uluberia,42805,SYNTHETIC_NEIGHBOR,2026-09-09 14:30:00,32.41,71.94,1000.55,,,0
AWS-KOL-ALP-01,Kolkata / Alipore,42807,SYNTHETIC_NEIGHBOR,2026-09-09 15:00:00,32.29,69.36,1002.11,,,0
AWS-KOL-CAN-01,Canning,42812,SYNTHETIC_NEIGHBOR,2026-09-09 15:00:00,32.97,68.87,1002.22,,,0
AWS-KOL-DUM-01,Kolkata / Dum Dum,42809,REAL_BASELINE,2026-09-09 15:00:00,32.00,71.00,1002.00,,,0
AWS-KOL-ULB-01,Uluberia,42805,SYNTHETIC_NEIGHBOR,2026-09-09 15:00:00,32.48,70.30,1002.24,,,0
AWS-KOL-ALP-01,Kolkata / Alipore,42807,SYNTHETIC_NEIGHBOR,2026-09-09 15:30:00,32.41,73.05,1003.26,,,0
AWS-KOL-CAN-01,Canning,42812,SYNTHETIC_NEIGHBOR,2026-09-09 15:30:00,33.49,73.36,1002.84,,,0
AWS-KOL-DUM-01,Kolkata / Dum Dum,42809,REAL_BASELINE,2026-09-09 15:30:00,32.00,75.00,1002.00,,,0
AWS-KOL-ULB-01,Uluberia,42805,SYNTHETIC_NEIGHBOR,2026-09-09 15:30:00,31.80,73.41,1002.09,,,0
AWS-KOL-ALP-01,Kolkata / Alipore,42807,SYNTHETIC_NEIGHBOR,2026-09-09 16:00:00,33.16,75.26,1001.70,,,0
AWS-KOL-CAN-01,Canning,42812,SYNTHETIC_NEIGHBOR,2026-09-09 16:00:00,33.00,71.98,1001.72,,,0
AWS-KOL-DUM-01,Kolkata / Dum Dum,42809,REAL_BASELINE,2026-09-09 16:00:00,32.00,75.00,1001.00,,,0
AWS-KOL-ULB-01,Uluberia,42805,SYNTHETIC_NEIGHBOR,2026-09-09 16:00:00,32.31,71.90,1001.52,,,0
AWS-KOL-ALP-01,Kolkata / Alipore,42807,SYNTHETIC_NEIGHBOR,2026-09-09 16:30:00,32.69,74.78,1000.38,,,0
AWS-KOL-CAN-01,Canning,42812,SYNTHETIC_NEIGHBOR,2026-09-09 16:30:00,32.91,78.34,1001.28,,,0
AWS-KOL-DUM-01,Kolkata / Dum Dum,42809,REAL_BASELINE,2026-09-09 16:30:00,32.00,75.00,1001.00,,,0
AWS-KOL-ULB-01,Uluberia,42805,SYNTHETIC_NEIGHBOR,2026-09-09 16:30:00,32.50,74.86,1000.51,,,0
AWS-KOL-ALP-01,Kolkata / Alipore,42807,SYNTHETIC_NEIGHBOR,2026-09-09 17:00:00,32.30,77.06,1002.50,,,0
AWS-KOL-CAN-01,Canning,42812,SYNTHETIC_NEIGHBOR,2026-09-09 17:00:00,32.94,74.09,1002.56,,,0
AWS-KOL-DUM-01,Kolkata / Dum Dum,42809,REAL_BASELINE,2026-09-09 17:00:00,31.00,79.00,1002.00,,,0
AWS-KOL-ULB-01,Uluberia,42805,SYNTHETIC_NEIGHBOR,2026-09-09 17:00:00,31.28,75.66,1002.39,,,0
AWS-KOL-ALP-01,Kolkata / Alipore,42807,SYNTHETIC_NEIGHBOR,2026-09-09 17:30:00,31.87,73.61,1002.86,,,0
AWS-KOL-CAN-01,Canning,42812,SYNTHETIC_NEIGHBOR,2026-09-09 17:30:00,32.60,72.21,1002.73,,,0
AWS-KOL-DUM-01,Kolkata / Dum Dum,42809,REAL_BASELINE,2026-09-09 17:30:00,31.00,75.00,1002.00,,,0
AWS-KOL-ULB-01,Uluberia,42805,SYNTHETIC_NEIGHBOR,2026-09-09 17:30:00,31.83,72.74,1003.18,,,0
AWS-KOL-ALP-01,Kolkata / Alipore,42807,SYNTHETIC_NEIGHBOR,2026-09-09 18:00:00,31.63,78.72,1004.68,,,0
AWS-KOL-CAN-01,Canning,42812,SYNTHETIC_NEIGHBOR,2026-09-09 18:00:00,31.51,75.53,1003.62,,,0
AWS-KOL-DUM-01,Kolkata / Dum Dum,42809,REAL_BASELINE,2026-09-09 18:00:00,31.00,79.00,1003.00,,,0
AWS-KOL-ULB-01,Uluberia,42805,SYNTHETIC_NEIGHBOR,2026-09-09 18:00:00,32.00,77.22,1005.11,,,0
AWS-KOL-ALP-01,Kolkata / Alipore,42807,SYNTHETIC_NEIGHBOR,2026-09-09 18:30:00,31.17,78.09,1003.13,,,0
AWS-KOL-CAN-01,Canning,42812,SYNTHETIC_NEIGHBOR,2026-09-09 18:30:00,32.48,74.61,1003.58,,,0
AWS-KOL-DUM-01,Kolkata / Dum Dum,42809,REAL_BASELINE,2026-09-09 18:30:00,31.00,79.00,1003.00,,,0
AWS-KOL-ULB-01,Uluberia,42805,SYNTHETIC_NEIGHBOR,2026-09-09 18:30:00,30.76,78.45,1002.15,,,0
AWS-KOL-ALP-01,Kolkata / Alipore,42807,SYNTHETIC_NEIGHBOR,2026-09-09 19:00:00,30.24,82.60,1004.32,,,0
AWS-KOL-CAN-01,Canning,42812,SYNTHETIC_NEIGHBOR,2026-09-09 19:00:00,31.66,78.15,1005.19,,,0
AWS-KOL-DUM-01,Kolkata / Dum Dum,42809,REAL_BASELINE,2026-09-09 19:00:00,30.00,84.00,1004.00,,,0
AWS-KOL-ULB-01,Uluberia,42805,SYNTHETIC_NEIGHBOR,2026-09-09 19:00:00,30.51,82.53,1003.64,,,0
AWS-KOL-ALP-01,Kolkata / Alipore,42807,SYNTHETIC_NEIGHBOR,2026-09-09 19:30:00,30.67,88.92,1004.14,,,0
AWS-KOL-CAN-01,Canning,42812,SYNTHETIC_NEIGHBOR,2026-09-09 19:30:00,31.60,85.11,1006.11,,,0
AWS-KOL-DUM-01,Kolkata / Dum Dum,42809,REAL_BASELINE,2026-09-09 19:30:00,30.00,89.00,1004.00,,,0
AWS-KOL-ULB-01,Uluberia,42805,SYNTHETIC_NEIGHBOR,2026-09-09 19:30:00,30.41,87.78,1003.07,,,0
AWS-KOL-ALP-01,Kolkata / Alipore,42807,SYNTHETIC_NEIGHBOR,2026-09-09 20:00:00,30.20,83.14,1005.24,,,0
AWS-KOL-CAN-01,Canning,42812,SYNTHETIC_NEIGHBOR,2026-09-09 20:00:00,31.40,79.42,1005.79,,,0
AWS-KOL-DUM-01,Kolkata / Dum Dum,42809,REAL_BASELINE,2026-09-09 20:00:00,30.00,84.00,1005.00,,,0
AWS-KOL-ULB-01,Uluberia,42805,SYNTHETIC_NEIGHBOR,2026-09-09 20:00:00,30.18,83.69,1005.05,,,0
AWS-KOL-ALP-01,Kolkata / Alipore,42807,SYNTHETIC_NEIGHBOR,2026-09-09 20:30:00,30.35,85.92,1006.18,,,0
AWS-KOL-CAN-01,Canning,42812,SYNTHETIC_NEIGHBOR,2026-09-09 20:30:00,29.93,84.93,1005.31,,,0
AWS-KOL-DUM-01,Kolkata / Dum Dum,42809,REAL_BASELINE,2026-09-09 20:30:00,29.00,89.00,1005.00,,,0
AWS-KOL-ULB-01,Uluberia,42805,SYNTHETIC_NEIGHBOR,2026-09-09 20:30:00,29.84,88.78,1005.30,,,0
AWS-KOL-ALP-01,Kolkata / Alipore,42807,SYNTHETIC_NEIGHBOR,2026-09-09 21:00:00,29.78,90.35,1007.38,,,0
AWS-KOL-CAN-01,Canning,42812,SYNTHETIC_NEIGHBOR,2026-09-09 21:00:00,30.79,90.49,1006.91,,,0
AWS-KOL-DUM-01,Kolkata / Dum Dum,42809,REAL_BASELINE,2026-09-09 21:00:00,29.00,94.00,1006.00,,,0
AWS-KOL-ULB-01,Uluberia,42805,SYNTHETIC_NEIGHBOR,2026-09-09 21:00:00,29.63,92.73,1006.06,,,0
AWS-KOL-ALP-01,Kolkata / Alipore,42807,SYNTHETIC_NEIGHBOR,2026-09-09 21:30:00,29.53,86.75,1006.07,,,0
AWS-KOL-CAN-01,Canning,42812,SYNTHETIC_NEIGHBOR,2026-09-09 21:30:00,30.56,85.02,1006.60,,,0
AWS-KOL-DUM-01,Kolkata / Dum Dum,42809,REAL_BASELINE,2026-09-09 21:30:00,29.00,89.00,1006.00,,,0
AWS-KOL-ULB-01,Uluberia,42805,SYNTHETIC_NEIGHBOR,2026-09-09 21:30:00,29.18,85.46,1007.29,,,0
AWS-KOL-ALP-01,Kolkata / Alipore,42807,SYNTHETIC_NEIGHBOR,2026-09-09 22:00:00,29.88,88.84,1006.03,,,0
AWS-KOL-CAN-01,Canning,42812,SYNTHETIC_NEIGHBOR,2026-09-09 22:00:00,30.81,85.81,1007.92,,,0
AWS-KOL-DUM-01,Kolkata / Dum Dum,42809,REAL_BASELINE,2026-09-09 22:00:00,29.00,89.00,1006.00,,,0
AWS-KOL-ULB-01,Uluberia,42805,SYNTHETIC_NEIGHBOR,2026-09-09 22:00:00,29.40,88.02,1005.83,,,0
AWS-KOL-ALP-01,Kolkata / Alipore,42807,SYNTHETIC_NEIGHBOR,2026-09-09 22:30:00,29.73,87.72,1007.44,,,0
AWS-KOL-CAN-01,Canning,42812,SYNTHETIC_NEIGHBOR,2026-09-09 22:30:00,30.84,85.70,1007.75,,,0
AWS-KOL-DUM-01,Kolkata / Dum Dum,42809,REAL_BASELINE,2026-09-09 22:30:00,29.00,89.00,1006.00,,,0
AWS-KOL-ULB-01,Uluberia,42805,SYNTHETIC_NEIGHBOR,2026-09-09 22:30:00,28.45,87.49,1006.37,,,0
AWS-KOL-ALP-01,Kolkata / Alipore,42807,SYNTHETIC_NEIGHBOR,2026-09-09 23:00:00,30.01,88.01,1006.36,,,0
AWS-KOL-CAN-01,Canning,42812,SYNTHETIC_NEIGHBOR,2026-09-09 23:00:00,30.14,84.28,1008.23,,,0
AWS-KOL-DUM-01,Kolkata / Dum Dum,42809,REAL_BASELINE,2026-09-09 23:00:00,29.00,89.00,1006.00,,,0
AWS-KOL-ULB-01,Uluberia,42805,SYNTHETIC_NEIGHBOR,2026-09-09 23:00:00,29.79,90.36,1006.21,,,0
AWS-KOL-ALP-01,Kolkata / Alipore,42807,SYNTHETIC_NEIGHBOR,2026-09-09 23:30:00,29.51,88.37,1006.38,,,0
AWS-KOL-CAN-01,Canning,42812,SYNTHETIC_NEIGHBOR,2026-09-09 23:30:00,30.26,85.64,1006.46,,,0
AWS-KOL-DUM-01,Kolkata / Dum Dum,42809,REAL_BASELINE,2026-09-09 23:30:00,29.00,89.00,1006.00,,,0
AWS-KOL-ULB-01,Uluberia,42805,SYNTHETIC_NEIGHBOR,2026-09-09 23:30:00,29.10,87.74,1005.23,,,0
AWS-KOL-ALP-01,Kolkata / Alipore,42807,SYNTHETIC_NEIGHBOR,2026-09-10 00:00:00,28.91,93.78,1005.86,,,0
AWS-KOL-CAN-01,Canning,42812,SYNTHETIC_NEIGHBOR,2026-09-10 00:00:00,28.66,91.54,1007.07,,,0
AWS-KOL-DUM-01,Kolkata / Dum Dum,42809,REAL_BASELINE,2026-09-10 00:00:00,28.00,94.00,1006.00,,,0
AWS-KOL-ULB-01,Uluberia,42805,SYNTHETIC_NEIGHBOR,2026-09-10 00:00:00,28.41,90.70,1004.86,,,0
AWS-KOL-ALP-01,Kolkata / Alipore,42807,SYNTHETIC_NEIGHBOR,2026-09-10 00:30:00,28.30,97.79,1005.75,,,0
AWS-KOL-CAN-01,Canning,42812,SYNTHETIC_NEIGHBOR,2026-09-10 00:30:00,28.28,97.43,1005.01,,,0
AWS-KOL-DUM-01,Kolkata / Dum Dum,42809,REAL_BASELINE,2026-09-10 00:30:00,27.00,100.00,1005.00,,,0
AWS-KOL-ULB-01,Uluberia,42805,SYNTHETIC_NEIGHBOR,2026-09-10 00:30:00,27.24,96.70,1004.44,,,0
AWS-KOL-ALP-01,Kolkata / Alipore,42807,SYNTHETIC_NEIGHBOR,2026-09-10 01:00:00,27.45,95.14,1005.08,,,0
AWS-KOL-CAN-01,Canning,42812,SYNTHETIC_NEIGHBOR,2026-09-10 01:00:00,28.05,94.60,1005.81,,,0
AWS-KOL-DUM-01,Kolkata / Dum Dum,42809,REAL_BASELINE,2026-09-10 01:00:00,27.00,100.00,1005.00,,,0
AWS-KOL-ULB-01,Uluberia,42805,SYNTHETIC_NEIGHBOR,2026-09-10 01:00:00,27.40,97.59,1006.61,,,0
AWS-KOL-ALP-01,Kolkata / Alipore,42807,SYNTHETIC_NEIGHBOR,2026-09-10 01:30:00,27.95,94.28,1005.17,,,0
AWS-KOL-CAN-01,Canning,42812,SYNTHETIC_NEIGHBOR,2026-09-10 01:30:00,28.61,91.97,1005.19,,,0
AWS-KOL-DUM-01,Kolkata / Dum Dum,42809,REAL_BASELINE,2026-09-10 01:30:00,27.00,94.00,1005.00,,,0
AWS-KOL-ULB-01,Uluberia,42805,SYNTHETIC_NEIGHBOR,2026-09-10 01:30:00,27.16,98.41,1004.91,,,0
AWS-KOL-ALP-01,Kolkata / Alipore,42807,SYNTHETIC_NEIGHBOR,2026-09-10 02:00:00,27.87,91.90,1005.98,,,0
AWS-KOL-CAN-01,Canning,42812,SYNTHETIC_NEIGHBOR,2026-09-10 02:00:00,27.95,88.95,1006.69,,,0
AWS-KOL-DUM-01,Kolkata / Dum Dum,42809,REAL_BASELINE,2026-09-10 02:00:00,27.00,94.00,1005.00,,,0
AWS-KOL-ULB-01,Uluberia,42805,SYNTHETIC_NEIGHBOR,2026-09-10 02:00:00,27.47,88.62,1005.22,,,0
AWS-KOL-ALP-01,Kolkata / Alipore,42807,SYNTHETIC_NEIGHBOR,2026-09-10 02:30:00,27.64,93.62,1004.62,,,0
AWS-KOL-CAN-01,Canning,42812,SYNTHETIC_NEIGHBOR,2026-09-10 02:30:00,28.42,90.80,1005.10,,,0
AWS-KOL-DUM-01,Kolkata / Dum Dum,42809,REAL_BASELINE,2026-09-10 02:30:00,27.00,94.00,1004.00,,,0
AWS-KOL-ULB-01,Uluberia,42805,SYNTHETIC_NEIGHBOR,2026-09-10 02:30:00,27.00,91.73,1003.60,,,0
AWS-KOL-ALP-01,Kolkata / Alipore,42807,SYNTHETIC_NEIGHBOR,2026-09-10 03:00:00,27.23,93.86,1005.15,,,0
AWS-KOL-CAN-01,Canning,42812,SYNTHETIC_NEIGHBOR,2026-09-10 03:00:00,28.51,89.54,1004.52,,,0
AWS-KOL-DUM-01,Kolkata / Dum Dum,42809,REAL_BASELINE,2026-09-10 03:00:00,27.00,94.00,1004.00,,,0
AWS-KOL-ULB-01,Uluberia,42805,SYNTHETIC_NEIGHBOR,2026-09-10 03:00:00,27.25,95.14,1004.57,,,0
AWS-KOL-ALP-01,Kolkata / Alipore,42807,SYNTHETIC_NEIGHBOR,2026-09-10 03:30:00,28.31,96.43,1004.24,,,0
AWS-KOL-CAN-01,Canning,42812,SYNTHETIC_NEIGHBOR,2026-09-10 03:30:00,27.86,94.23,1004.79,,,0
AWS-KOL-DUM-01,Kolkata / Dum Dum,42809,REAL_BASELINE,2026-09-10 03:30:00,27.00,100.00,1004.00,,,0
AWS-KOL-ULB-01,Uluberia,42805,SYNTHETIC_NEIGHBOR,2026-09-10 03:30:00,27.28,98.21,1003.13,,,0
AWS-KOL-ALP-01,Kolkata / Alipore,42807,SYNTHETIC_NEIGHBOR,2026-09-10 04:00:00,27.77,97.80,1005.04,,,0
AWS-KOL-CAN-01,Canning,42812,SYNTHETIC_NEIGHBOR,2026-09-10 04:00:00,28.49,94.27,1005.18,,,0
AWS-KOL-DUM-01,Kolkata / Dum Dum,42809,REAL_BASELINE,2026-09-10 04:00:00,27.00,100.00,1004.00,,,0
AWS-KOL-ULB-01,Uluberia,42805,SYNTHETIC_NEIGHBOR,2026-09-10 04:00:00,27.19,100.00,1004.18,,,0
AWS-KOL-ALP-01,Kolkata / Alipore,42807,SYNTHETIC_NEIGHBOR,2026-09-10 04:30:00,27.52,91.64,1003.35,,,0
AWS-KOL-CAN-01,Canning,42812,SYNTHETIC_NEIGHBOR,2026-09-10 04:30:00,28.75,94.38,1003.69,,,0
AWS-KOL-DUM-01,Kolkata / Dum Dum,42809,REAL_BASELINE,2026-09-10 04:30:00,27.00,94.00,1004.00,,,0
AWS-KOL-ULB-01,Uluberia,42805,SYNTHETIC_NEIGHBOR,2026-09-10 04:30:00,27.31,92.92,1003.78,,,0
AWS-KOL-ALP-01,Kolkata / Alipore,42807,SYNTHETIC_NEIGHBOR,2026-09-10 05:00:00,28.13,94.46,1004.23,,,0
AWS-KOL-CAN-01,Canning,42812,SYNTHETIC_NEIGHBOR,2026-09-10 05:00:00,29.02,90.55,1004.73,,,0
AWS-KOL-DUM-01,Kolkata / Dum Dum,42809,REAL_BASELINE,2026-09-10 05:00:00,27.00,94.00,1004.00,,,0
AWS-KOL-ULB-01,Uluberia,42805,SYNTHETIC_NEIGHBOR,2026-09-10 05:00:00,27.50,91.73,1005.22,,,0
AWS-KOL-ALP-01,Kolkata / Alipore,42807,SYNTHETIC_NEIGHBOR,2026-09-10 05:30:00,27.92,97.63,1004.27,,,0
AWS-KOL-CAN-01,Canning,42812,SYNTHETIC_NEIGHBOR,2026-09-10 05:30:00,27.98,97.23,1003.99,,,0
AWS-KOL-DUM-01,Kolkata / Dum Dum,42809,REAL_BASELINE,2026-09-10 05:30:00,27.00,100.00,1004.00,,,0
AWS-KOL-ULB-01,Uluberia,42805,SYNTHETIC_NEIGHBOR,2026-09-10 05:30:00,27.40,98.17,1004.60,,,0
AWS-KOL-ALP-01,Kolkata / Alipore,42807,SYNTHETIC_NEIGHBOR,2026-09-10 06:00:00,28.06,99.65,1004.31,,,0
AWS-KOL-CAN-01,Canning,42812,SYNTHETIC_NEIGHBOR,2026-09-10 06:00:00,28.05,96.20,1004.89,,,0
AWS-KOL-DUM-01,Kolkata / Dum Dum,42809,REAL_BASELINE,2026-09-10 06:00:00,27.00,100.00,1004.00,,,0
AWS-KOL-ULB-01,Uluberia,42805,SYNTHETIC_NEIGHBOR,2026-09-10 06:00:00,27.57,98.03,1003.52,,,0
AWS-KOL-ALP-01,Kolkata / Alipore,42807,SYNTHETIC_NEIGHBOR,2026-09-10 06:30:00,27.76,100.00,1005.71,,,0
AWS-KOL-CAN-01,Canning,42812,SYNTHETIC_NEIGHBOR,2026-09-10 06:30:00,28.58,94.82,1005.89,,,0
AWS-KOL-DUM-01,Kolkata / Dum Dum,42809,REAL_BASELINE,2026-09-10 06:30:00,27.00,100.00,1004.00,,,0
AWS-KOL-ULB-01,Uluberia,42805,SYNTHETIC_NEIGHBOR,2026-09-10 06:30:00,27.10,97.79,1004.50,,,0
AWS-KOL-ALP-01,Kolkata / Alipore,42807,SYNTHETIC_NEIGHBOR,2026-09-10 07:00:00,28.22,93.89,1005.36,,,0
AWS-KOL-CAN-01,Canning,42812,SYNTHETIC_NEIGHBOR,2026-09-10 07:00:00,29.44,89.16,1006.49,,,0
AWS-KOL-DUM-01,Kolkata / Dum Dum,42809,REAL_BASELINE,2026-09-10 07:00:00,28.00,94.00,1005.00,,,0
AWS-KOL-ULB-01,Uluberia,42805,SYNTHETIC_NEIGHBOR,2026-09-10 07:00:00,28.58,92.40,1005.86,,,0
AWS-KOL-ALP-01,Kolkata / Alipore,42807,SYNTHETIC_NEIGHBOR,2026-09-10 07:30:00,28.77,93.21,1005.32,,,0
AWS-KOL-CAN-01,Canning,42812,SYNTHETIC_NEIGHBOR,2026-09-10 07:30:00,30.02,91.06,1006.25,,,0
AWS-KOL-DUM-01,Kolkata / Dum Dum,42809,REAL_BASELINE,2026-09-10 07:30:00,29.00,94.00,1005.00,,,0
AWS-KOL-ULB-01,Uluberia,42805,SYNTHETIC_NEIGHBOR,2026-09-10 07:30:00,29.14,92.95,1005.17,,,0
AWS-KOL-ALP-01,Kolkata / Alipore,42807,SYNTHETIC_NEIGHBOR,2026-09-10 08:00:00,30.84,84.50,1006.08,,,0
AWS-KOL-CAN-01,Canning,42812,SYNTHETIC_NEIGHBOR,2026-09-10 08:00:00,31.76,78.21,1007.11,,,0
AWS-KOL-DUM-01,Kolkata / Dum Dum,42809,REAL_BASELINE,2026-09-10 08:00:00,30.00,84.00,1006.00,,,0
AWS-KOL-ULB-01,Uluberia,42805,SYNTHETIC_NEIGHBOR,2026-09-10 08:00:00,29.80,83.38,1006.71,,,0
AWS-KOL-ALP-01,Kolkata / Alipore,42807,SYNTHETIC_NEIGHBOR,2026-09-10 08:30:00,32.41,77.24,1005.88,,,0
AWS-KOL-CAN-01,Canning,42812,SYNTHETIC_NEIGHBOR,2026-09-10 08:30:00,32.66,75.66,1006.97,,,0
AWS-KOL-DUM-01,Kolkata / Dum Dum,42809,REAL_BASELINE,2026-09-10 08:30:00,31.00,79.00,1006.00,,,0
AWS-KOL-ULB-01,Uluberia,42805,SYNTHETIC_NEIGHBOR,2026-09-10 08:30:00,31.72,79.99,1004.99,,,0
AWS-KOL-ALP-01,Kolkata / Alipore,42807,SYNTHETIC_NEIGHBOR,2026-09-10 09:00:00,31.72,77.29,1005.65,,,0
AWS-KOL-CAN-01,Canning,42812,SYNTHETIC_NEIGHBOR,2026-09-10 09:00:00,31.73,75.70,1006.58,,,0
AWS-KOL-DUM-01,Kolkata / Dum Dum,42809,REAL_BASELINE,2026-09-10 09:00:00,31.00,79.00,1006.00,,,0
AWS-KOL-ULB-01,Uluberia,42805,SYNTHETIC_NEIGHBOR,2026-09-10 09:00:00,31.15,77.92,1005.95,,,0
AWS-KOL-ALP-01,Kolkata / Alipore,42807,SYNTHETIC_NEIGHBOR,2026-09-10 09:30:00,30.71,85.16,1006.38,,,0
AWS-KOL-CAN-01,Canning,42812,SYNTHETIC_NEIGHBOR,2026-09-10 09:30:00,31.96,82.75,1007.58,,,0
AWS-KOL-DUM-01,Kolkata / Dum Dum,42809,REAL_BASELINE,2026-09-10 09:30:00,30.00,84.00,1006.00,,,0
AWS-KOL-ULB-01,Uluberia,42805,SYNTHETIC_NEIGHBOR,2026-09-10 09:30:00,30.15,82.64,1005.56,,,0
AWS-KOL-ALP-01,Kolkata / Alipore,42807,SYNTHETIC_NEIGHBOR,2026-09-10 10:00:00,30.85,82.17,1006.71,,,0
AWS-KOL-CAN-01,Canning,42812,SYNTHETIC_NEIGHBOR,2026-09-10 10:00:00,31.41,80.95,1006.65,,,0
AWS-KOL-DUM-01,Kolkata / Dum Dum,42809,REAL_BASELINE,2026-09-10 10:00:00,30.00,84.00,1006.00,,,0
AWS-KOL-ULB-01,Uluberia,42805,SYNTHETIC_NEIGHBOR,2026-09-10 10:00:00,30.06,82.39,1006.70,,,0
AWS-KOL-ALP-01,Kolkata / Alipore,42807,SYNTHETIC_NEIGHBOR,2026-09-10 10:30:00,31.64,77.23,1007.01,,,0
AWS-KOL-CAN-01,Canning,42812,SYNTHETIC_NEIGHBOR,2026-09-10 10:30:00,32.47,72.98,1006.84,,,0
AWS-KOL-DUM-01,Kolkata / Dum Dum,42809,REAL_BASELINE,2026-09-10 10:30:00,31.00,79.00,1006.00,,,0
AWS-KOL-ULB-01,Uluberia,42805,SYNTHETIC_NEIGHBOR,2026-09-10 10:30:00,31.10,78.08,1006.47,,,0
AWS-KOL-ALP-01,Kolkata / Alipore,42807,SYNTHETIC_NEIGHBOR,2026-09-10 11:00:00,32.88,76.28,1006.05,,,0
AWS-KOL-CAN-01,Canning,42812,SYNTHETIC_NEIGHBOR,2026-09-10 11:00:00,33.20,72.73,1007.57,,,0
AWS-KOL-DUM-01,Kolkata / Dum Dum,42809,REAL_BASELINE,2026-09-10 11:00:00,32.00,75.00,1006.00,,,0
AWS-KOL-ULB-01,Uluberia,42805,SYNTHETIC_NEIGHBOR,2026-09-10 11:00:00,32.04,75.43,1006.67,,,0
AWS-KOL-ALP-01,Kolkata / Alipore,42807,SYNTHETIC_NEIGHBOR,2026-09-10 11:30:00,32.65,72.83,1005.91,,,0
AWS-KOL-CAN-01,Canning,42812,SYNTHETIC_NEIGHBOR,2026-09-10 11:30:00,33.45,72.36,1005.39,,,0
AWS-KOL-DUM-01,Kolkata / Dum Dum,42809,REAL_BASELINE,2026-09-10 11:30:00,32.00,75.00,1005.00,,,0
AWS-KOL-ULB-01,Uluberia,42805,SYNTHETIC_NEIGHBOR,2026-09-10 11:30:00,31.80,74.08,1005.01,,,0
AWS-KOL-ALP-01,Kolkata / Alipore,42807,SYNTHETIC_NEIGHBOR,2026-09-10 12:00:00,32.86,71.91,1005.84,,,0
AWS-KOL-CAN-01,Canning,42812,SYNTHETIC_NEIGHBOR,2026-09-10 12:00:00,33.44,70.31,1006.56,,,0
AWS-KOL-DUM-01,Kolkata / Dum Dum,42809,REAL_BASELINE,2026-09-10 12:00:00,32.00,75.00,1005.00,,,0
AWS-KOL-ULB-01,Uluberia,42805,SYNTHETIC_NEIGHBOR,2026-09-10 12:00:00,32.28,72.88,1005.38,,,0
AWS-KOL-ALP-01,Kolkata / Alipore,42807,SYNTHETIC_NEIGHBOR,2026-09-10 12:30:00,33.69,63.70,1005.83,,,0
AWS-KOL-CAN-01,Canning,42812,SYNTHETIC_NEIGHBOR,2026-09-10 12:30:00,34.30,62.31,1004.67,,,0
AWS-KOL-DUM-01,Kolkata / Dum Dum,42809,REAL_BASELINE,2026-09-10 12:30:00,33.00,67.00,1005.00,,,0
AWS-KOL-ULB-01,Uluberia,42805,SYNTHETIC_NEIGHBOR,2026-09-10 12:30:00,33.55,66.24,1005.28,,,0
AWS-KOL-ALP-01,Kolkata / Alipore,42807,SYNTHETIC_NEIGHBOR,2026-09-10 13:00:00,34.18,60.72,1005.29,,,0
AWS-KOL-CAN-01,Canning,42812,SYNTHETIC_NEIGHBOR,2026-09-10 13:00:00,34.78,61.79,1005.61,,,0
AWS-KOL-DUM-01,Kolkata / Dum Dum,42809,REAL_BASELINE,2026-09-10 13:00:00,33.00,67.00,1004.00,,,0
AWS-KOL-ULB-01,Uluberia,42805,SYNTHETIC_NEIGHBOR,2026-09-10 13:00:00,33.12,64.29,1004.13,,,0
AWS-KOL-ALP-01,Kolkata / Alipore,42807,SYNTHETIC_NEIGHBOR,2026-09-10 13:30:00,34.34,65.82,1003.43,,,0
AWS-KOL-CAN-01,Canning,42812,SYNTHETIC_NEIGHBOR,2026-09-10 13:30:00,34.61,62.48,1004.95,,,0
AWS-KOL-DUM-01,Kolkata / Dum Dum,42809,REAL_BASELINE,2026-09-10 13:30:00,33.00,67.00,1003.00,,,0
AWS-KOL-ULB-01,Uluberia,42805,SYNTHETIC_NEIGHBOR,2026-09-10 13:30:00,33.95,66.74,1002.65,,,0
AWS-KOL-ALP-01,Kolkata / Alipore,42807,SYNTHETIC_NEIGHBOR,2026-09-10 14:00:00,31.08,73.76,1003.85,,,0
AWS-KOL-CAN-01,Canning,42812,SYNTHETIC_NEIGHBOR,2026-09-10 14:00:00,45.70,54.36,998.77,TEMPERATURE_SPIKE,SENSOR_ANOMALY,1
AWS-KOL-DUM-01,Kolkata / Dum Dum,42809,REAL_BASELINE,2026-09-10 14:00:00,30.00,75.00,1003.00,,,0
AWS-KOL-ULB-01,Uluberia,42805,SYNTHETIC_NEIGHBOR,2026-09-10 14:00:00,30.92,74.47,1003.43,,,0
AWS-KOL-ALP-01,Kolkata / Alipore,42807,SYNTHETIC_NEIGHBOR,2026-09-10 14:30:00,31.92,73.83,1003.92,,,0
AWS-KOL-CAN-01,Canning,42812,SYNTHETIC_NEIGHBOR,2026-09-10 14:30:00,46.37,53.34,999.01,TEMPERATURE_SPIKE,SENSOR_ANOMALY,1
AWS-KOL-DUM-01,Kolkata / Dum Dum,42809,REAL_BASELINE,2026-09-10 14:30:00,31.00,75.00,1003.00,,,0
AWS-KOL-ULB-01,Uluberia,42805,SYNTHETIC_NEIGHBOR,2026-09-10 14:30:00,31.22,73.63,1003.89,,,0
AWS-KOL-ALP-01,Kolkata / Alipore,42807,SYNTHETIC_NEIGHBOR,2026-09-10 15:00:00,32.58,69.15,1003.33,,,0
AWS-KOL-CAN-01,Canning,42812,SYNTHETIC_NEIGHBOR,2026-09-10 15:00:00,47.49,50.80,1000.78,TEMPERATURE_SPIKE,SENSOR_ANOMALY,1
AWS-KOL-DUM-01,Kolkata / Dum Dum,42809,REAL_BASELINE,2026-09-10 15:00:00,32.00,71.00,1003.00,,,0
AWS-KOL-ULB-01,Uluberia,42805,SYNTHETIC_NEIGHBOR,2026-09-10 15:00:00,31.91,69.81,1003.60,,,0
AWS-KOL-ALP-01,Kolkata / Alipore,42807,SYNTHETIC_NEIGHBOR,2026-09-10 15:30:00,29.11,90.61,1003.32,,,0
AWS-KOL-CAN-01,Canning,42812,SYNTHETIC_NEIGHBOR,2026-09-10 15:30:00,44.02,69.49,997.86,TEMPERATURE_SPIKE,SENSOR_ANOMALY,1
AWS-KOL-DUM-01,Kolkata / Dum Dum,42809,REAL_BASELINE,2026-09-10 15:30:00,29.00,89.00,1003.00,,,0
AWS-KOL-ULB-01,Uluberia,42805,SYNTHETIC_NEIGHBOR,2026-09-10 15:30:00,29.47,86.30,1003.19,,,0
AWS-KOL-ALP-01,Kolkata / Alipore,42807,SYNTHETIC_NEIGHBOR,2026-09-10 16:00:00,29.83,88.72,1003.69,,,0
AWS-KOL-CAN-01,Canning,42812,SYNTHETIC_NEIGHBOR,2026-09-10 16:00:00,45.03,67.60,999.16,TEMPERATURE_SPIKE,SENSOR_ANOMALY,1
AWS-KOL-DUM-01,Kolkata / Dum Dum,42809,REAL_BASELINE,2026-09-10 16:00:00,29.00,89.00,1003.00,,,0
AWS-KOL-ULB-01,Uluberia,42805,SYNTHETIC_NEIGHBOR,2026-09-10 16:00:00,29.83,87.88,1003.49,,,0
AWS-KOL-ALP-01,Kolkata / Alipore,42807,SYNTHETIC_NEIGHBOR,2026-09-10 16:30:00,28.32,93.49,1003.35,,,0
AWS-KOL-CAN-01,Canning,42812,SYNTHETIC_NEIGHBOR,2026-09-10 16:30:00,30.15,89.53,1004.53,,,0
AWS-KOL-DUM-01,Kolkata / Dum Dum,42809,REAL_BASELINE,2026-09-10 16:30:00,29.00,94.00,1003.00,,,0
AWS-KOL-ULB-01,Uluberia,42805,SYNTHETIC_NEIGHBOR,2026-09-10 16:30:00,28.69,98.95,1004.01,,,0
AWS-KOL-ALP-01,Kolkata / Alipore,42807,SYNTHETIC_NEIGHBOR,2026-09-10 17:00:00,29.83,95.71,1003.59,,,0
AWS-KOL-CAN-01,Canning,42812,SYNTHETIC_NEIGHBOR,2026-09-10 17:00:00,29.99,92.60,1002.75,,,0
AWS-KOL-DUM-01,Kolkata / Dum Dum,42809,REAL_BASELINE,2026-09-10 17:00:00,29.00,94.00,1003.00,,,0
AWS-KOL-ULB-01,Uluberia,42805,SYNTHETIC_NEIGHBOR,2026-09-10 17:00:00,29.61,95.20,1003.57,,,0
AWS-KOL-ALP-01,Kolkata / Alipore,42807,SYNTHETIC_NEIGHBOR,2026-09-10 17:30:00,29.19,87.82,1003.31,,,0
AWS-KOL-CAN-01,Canning,42812,SYNTHETIC_NEIGHBOR,2026-09-10 17:30:00,30.04,81.58,1003.07,,,0
AWS-KOL-DUM-01,Kolkata / Dum Dum,42809,REAL_BASELINE,2026-09-10 17:30:00,29.00,89.00,1003.00,,,0
AWS-KOL-ULB-01,Uluberia,42805,SYNTHETIC_NEIGHBOR,2026-09-10 17:30:00,29.22,90.17,1005.13,,,0
AWS-KOL-ALP-01,Kolkata / Alipore,42807,SYNTHETIC_NEIGHBOR,2026-09-10 18:00:00,30.00,90.83,1004.11,,,0
AWS-KOL-CAN-01,Canning,42812,SYNTHETIC_NEIGHBOR,2026-09-10 18:00:00,30.68,91.69,1005.17,,,0
AWS-KOL-DUM-01,Kolkata / Dum Dum,42809,REAL_BASELINE,2026-09-10 18:00:00,29.00,94.00,1004.00,,,0
AWS-KOL-ULB-01,Uluberia,42805,SYNTHETIC_NEIGHBOR,2026-09-10 18:00:00,29.48,95.24,1005.77,,,0
AWS-KOL-ALP-01,Kolkata / Alipore,42807,SYNTHETIC_NEIGHBOR,2026-09-10 18:30:00,28.70,98.61,1004.75,,,0
AWS-KOL-CAN-01,Canning,42812,SYNTHETIC_NEIGHBOR,2026-09-10 18:30:00,29.14,92.77,1005.25,,,0
AWS-KOL-DUM-01,Kolkata / Dum Dum,42809,REAL_BASELINE,2026-09-10 18:30:00,28.00,100.00,1004.00,,,0
AWS-KOL-ULB-01,Uluberia,42805,SYNTHETIC_NEIGHBOR,2026-09-10 18:30:00,28.14,100.00,1004.33,,,0
AWS-KOL-ALP-01,Kolkata / Alipore,42807,SYNTHETIC_NEIGHBOR,2026-09-10 19:00:00,30.22,90.65,1006.19,,,0
AWS-KOL-CAN-01,Canning,42812,SYNTHETIC_NEIGHBOR,2026-09-10 19:00:00,29.73,92.51,1005.73,,,0
AWS-KOL-DUM-01,Kolkata / Dum Dum,42809,REAL_BASELINE,2026-09-10 19:00:00,29.00,94.00,1005.00,,,0
AWS-KOL-ULB-01,Uluberia,42805,SYNTHETIC_NEIGHBOR,2026-09-10 19:00:00,29.73,92.37,1005.68,,,0
AWS-KOL-ALP-01,Kolkata / Alipore,42807,SYNTHETIC_NEIGHBOR,2026-09-10 19:30:00,29.88,92.97,1005.71,,,0
AWS-KOL-CAN-01,Canning,42812,SYNTHETIC_NEIGHBOR,2026-09-10 19:30:00,30.89,89.52,1006.88,,,0
AWS-KOL-DUM-01,Kolkata / Dum Dum,42809,REAL_BASELINE,2026-09-10 19:30:00,29.00,94.00,1005.00,,,0
AWS-KOL-ULB-01,Uluberia,42805,SYNTHETIC_NEIGHBOR,2026-09-10 19:30:00,29.28,95.30,1006.84,,,0
AWS-KOL-ALP-01,Kolkata / Alipore,42807,SYNTHETIC_NEIGHBOR,2026-09-10 20:00:00,28.42,88.51,1006.51,,,0
AWS-KOL-CAN-01,Canning,42812,SYNTHETIC_NEIGHBOR,2026-09-10 20:00:00,29.06,89.79,1006.67,,,0
AWS-KOL-DUM-01,Kolkata / Dum Dum,42809,REAL_BASELINE,2026-09-10 20:00:00,28.00,94.00,1006.00,,,0
AWS-KOL-ULB-01,Uluberia,42805,SYNTHETIC_NEIGHBOR,2026-09-10 20:00:00,28.21,95.72,1006.99,,,0
AWS-KOL-ALP-01,Kolkata / Alipore,42807,SYNTHETIC_NEIGHBOR,2026-09-10 20:30:00,29.11,96.39,1005.86,,,0
AWS-KOL-CAN-01,Canning,42812,SYNTHETIC_NEIGHBOR,2026-09-10 20:30:00,28.43,94.54,1007.08,,,0
AWS-KOL-DUM-01,Kolkata / Dum Dum,42809,REAL_BASELINE,2026-09-10 20:30:00,28.00,94.00,1006.00,,,0
AWS-KOL-ULB-01,Uluberia,42805,SYNTHETIC_NEIGHBOR,2026-09-10 20:30:00,28.38,89.86,1005.25,,,0
AWS-KOL-ALP-01,Kolkata / Alipore,42807,SYNTHETIC_NEIGHBOR,2026-09-10 21:00:00,28.94,92.01,1004.89,,,0
AWS-KOL-CAN-01,Canning,42812,SYNTHETIC_NEIGHBOR,2026-09-10 21:00:00,28.97,92.65,1007.80,,,0
AWS-KOL-DUM-01,Kolkata / Dum Dum,42809,REAL_BASELINE,2026-09-10 21:00:00,28.00,94.00,1006.00,,,0
AWS-KOL-ULB-01,Uluberia,42805,SYNTHETIC_NEIGHBOR,2026-09-10 21:00:00,28.47,98.18,1006.92,,,0
AWS-KOL-ALP-01,Kolkata / Alipore,42807,SYNTHETIC_NEIGHBOR,2026-09-10 21:30:00,29.33,94.57,1007.98,,,0
AWS-KOL-CAN-01,Canning,42812,SYNTHETIC_NEIGHBOR,2026-09-10 21:30:00,28.83,87.91,1007.38,,,0
AWS-KOL-DUM-01,Kolkata / Dum Dum,42809,REAL_BASELINE,2026-09-10 21:30:00,28.00,94.00,1007.00,,,0
AWS-KOL-ULB-01,Uluberia,42805,SYNTHETIC_NEIGHBOR,2026-09-10 21:30:00,28.49,93.08,1007.46,,,0
AWS-KOL-ALP-01,Kolkata / Alipore,42807,SYNTHETIC_NEIGHBOR,2026-09-10 22:00:00,28.69,93.19,1008.09,,,0
AWS-KOL-CAN-01,Canning,42812,SYNTHETIC_NEIGHBOR,2026-09-10 22:00:00,29.30,90.16,1006.07,,,0
AWS-KOL-DUM-01,Kolkata / Dum Dum,42809,REAL_BASELINE,2026-09-10 22:00:00,28.00,94.00,1007.00,,,0
AWS-KOL-ULB-01,Uluberia,42805,SYNTHETIC_NEIGHBOR,2026-09-10 22:00:00,28.71,91.63,1006.56,,,0
AWS-KOL-ALP-01,Kolkata / Alipore,42807,SYNTHETIC_NEIGHBOR,2026-09-10 22:30:00,29.00,88.90,1007.88,,,0
AWS-KOL-CAN-01,Canning,42812,SYNTHETIC_NEIGHBOR,2026-09-10 22:30:00,29.63,83.62,1007.74,,,0
AWS-KOL-DUM-01,Kolkata / Dum Dum,42809,REAL_BASELINE,2026-09-10 22:30:00,28.00,89.00,1007.00,,,0
AWS-KOL-ULB-01,Uluberia,42805,SYNTHETIC_NEIGHBOR,2026-09-10 22:30:00,28.21,91.26,1007.80,,,0
AWS-KOL-ALP-01,Kolkata / Alipore,42807,SYNTHETIC_NEIGHBOR,2026-09-10 23:00:00,28.61,93.86,1007.66,,,0
AWS-KOL-CAN-01,Canning,42812,SYNTHETIC_NEIGHBOR,2026-09-10 23:00:00,29.26,91.53,1008.50,,,0
AWS-KOL-DUM-01,Kolkata / Dum Dum,42809,REAL_BASELINE,2026-09-10 23:00:00,28.00,94.00,1007.00,,,0
AWS-KOL-ULB-01,Uluberia,42805,SYNTHETIC_NEIGHBOR,2026-09-10 23:00:00,28.35,90.86,1007.45,,,0
AWS-KOL-ALP-01,Kolkata / Alipore,42807,SYNTHETIC_NEIGHBOR,2026-09-10 23:30:00,28.61,90.29,1006.86,,,0
AWS-KOL-CAN-01,Canning,42812,SYNTHETIC_NEIGHBOR,2026-09-10 23:30:00,29.21,90.75,1008.29,,,0
AWS-KOL-DUM-01,Kolkata / Dum Dum,42809,REAL_BASELINE,2026-09-10 23:30:00,28.00,94.00,1007.00,,,0
AWS-KOL-ULB-01,Uluberia,42805,SYNTHETIC_NEIGHBOR,2026-09-10 23:30:00,28.33,93.93,1006.94,,,0
AWS-KOL-ALP-01,Kolkata / Alipore,42807,SYNTHETIC_NEIGHBOR,2026-09-11 00:00:00,28.89,93.00,1006.80,,,0
AWS-KOL-CAN-01,Canning,42812,SYNTHETIC_NEIGHBOR,2026-09-11 00:00:00,29.80,90.04,1005.78,,,0
AWS-KOL-DUM-01,Kolkata / Dum Dum,42809,REAL_BASELINE,2026-09-11 00:00:00,28.00,94.00,1006.00,,,0
AWS-KOL-ULB-01,Uluberia,42805,SYNTHETIC_NEIGHBOR,2026-09-11 00:00:00,28.37,94.56,1006.22,,,0
AWS-KOL-ALP-01,Kolkata / Alipore,42807,SYNTHETIC_NEIGHBOR,2026-09-11 00:30:00,28.81,89.20,1005.82,,,0
AWS-KOL-CAN-01,Canning,42812,SYNTHETIC_NEIGHBOR,2026-09-11 00:30:00,29.49,92.03,1006.37,,,0
AWS-KOL-DUM-01,Kolkata / Dum Dum,42809,REAL_BASELINE,2026-09-11 00:30:00,28.00,94.00,1006.00,,,0
AWS-KOL-ULB-01,Uluberia,42805,SYNTHETIC_NEIGHBOR,2026-09-11 00:30:00,28.53,91.79,1005.39,,,0
AWS-KOL-ALP-01,Kolkata / Alipore,42807,SYNTHETIC_NEIGHBOR,2026-09-11 01:00:00,28.72,92.71,1006.68,,,0
AWS-KOL-CAN-01,Canning,42812,SYNTHETIC_NEIGHBOR,2026-09-11 01:00:00,29.56,93.63,1007.56,,,0
AWS-KOL-DUM-01,Kolkata / Dum Dum,42809,REAL_BASELINE,2026-09-11 01:00:00,28.00,94.00,1006.00,,,0
AWS-KOL-ULB-01,Uluberia,42805,SYNTHETIC_NEIGHBOR,2026-09-11 01:00:00,28.27,94.82,1005.17,,,0
AWS-KOL-ALP-01,Kolkata / Alipore,42807,SYNTHETIC_NEIGHBOR,2026-09-11 01:30:00,28.74,94.21,1006.88,,,0
AWS-KOL-CAN-01,Canning,42812,SYNTHETIC_NEIGHBOR,2026-09-11 01:30:00,29.59,94.04,1006.38,,,0
AWS-KOL-DUM-01,Kolkata / Dum Dum,42809,REAL_BASELINE,2026-09-11 01:30:00,28.00,94.00,1006.00,,,0
AWS-KOL-ULB-01,Uluberia,42805,SYNTHETIC_NEIGHBOR,2026-09-11 01:30:00,28.68,92.86,1006.98,,,0
AWS-KOL-ALP-01,Kolkata / Alipore,42807,SYNTHETIC_NEIGHBOR,2026-09-11 02:00:00,27.74,99.72,1007.48,,,0
AWS-KOL-CAN-01,Canning,42812,SYNTHETIC_NEIGHBOR,2026-09-11 02:00:00,28.52,96.24,1006.64,,,0
AWS-KOL-DUM-01,Kolkata / Dum Dum,42809,REAL_BASELINE,2026-09-11 02:00:00,27.00,100.00,1006.00,,,0
AWS-KOL-ULB-01,Uluberia,42805,SYNTHETIC_NEIGHBOR,2026-09-11 02:00:00,27.16,100.00,1007.12,,,0
AWS-KOL-ALP-01,Kolkata / Alipore,42807,SYNTHETIC_NEIGHBOR,2026-09-11 02:30:00,27.61,95.09,1004.96,,,0
AWS-KOL-CAN-01,Canning,42812,SYNTHETIC_NEIGHBOR,2026-09-11 02:30:00,28.45,94.93,1004.53,,,0
AWS-KOL-DUM-01,Kolkata / Dum Dum,42809,REAL_BASELINE,2026-09-11 02:30:00,27.00,100.00,1005.00,,,0
AWS-KOL-ULB-01,Uluberia,42805,SYNTHETIC_NEIGHBOR,2026-09-11 02:30:00,27.24,95.47,1005.43,,,0
AWS-KOL-ALP-01,Kolkata / Alipore,42807,SYNTHETIC_NEIGHBOR,2026-09-11 03:00:00,27.56,98.47,1006.31,,,0
AWS-KOL-CAN-01,Canning,42812,SYNTHETIC_NEIGHBOR,2026-09-11 03:00:00,27.98,92.89,1005.88,,,0
AWS-KOL-DUM-01,Kolkata / Dum Dum,42809,REAL_BASELINE,2026-09-11 03:00:00,27.00,100.00,1005.00,,,0
AWS-KOL-ULB-01,Uluberia,42805,SYNTHETIC_NEIGHBOR,2026-09-11 03:00:00,27.56,96.49,1004.94,,,0
AWS-KOL-ALP-01,Kolkata / Alipore,42807,SYNTHETIC_NEIGHBOR,2026-09-11 03:30:00,27.58,98.41,1005.97,,,0
AWS-KOL-CAN-01,Canning,42812,SYNTHETIC_NEIGHBOR,2026-09-11 03:30:00,29.23,95.97,1007.03,,,0
AWS-KOL-DUM-01,Kolkata / Dum Dum,42809,REAL_BASELINE,2026-09-11 03:30:00,27.00,100.00,1006.00,,,0
AWS-KOL-ULB-01,Uluberia,42805,SYNTHETIC_NEIGHBOR,2026-09-11 03:30:00,27.23,94.38,1007.17,,,0
AWS-KOL-ALP-01,Kolkata / Alipore,42807,SYNTHETIC_NEIGHBOR,2026-09-11 04:00:00,26.60,100.00,1005.48,,,0
AWS-KOL-CAN-01,Canning,42812,SYNTHETIC_NEIGHBOR,2026-09-11 04:00:00,27.82,96.60,1008.44,,,0
AWS-KOL-DUM-01,Kolkata / Dum Dum,42809,REAL_BASELINE,2026-09-11 04:00:00,27.00,100.00,1006.00,,,0
AWS-KOL-ULB-01,Uluberia,42805,SYNTHETIC_NEIGHBOR,2026-09-11 04:00:00,27.51,98.73,1005.66,,,0
AWS-KOL-ALP-01,Kolkata / Alipore,42807,SYNTHETIC_NEIGHBOR,2026-09-11 04:30:00,27.93,97.60,1006.90,,,0
AWS-KOL-CAN-01,Canning,42812,SYNTHETIC_NEIGHBOR,2026-09-11 04:30:00,27.61,97.80,1007.12,,,0
AWS-KOL-DUM-01,Kolkata / Dum Dum,42809,REAL_BASELINE,2026-09-11 04:30:00,27.00,100.00,1006.00,,,0
AWS-KOL-ULB-01,Uluberia,42805,SYNTHETIC_NEIGHBOR,2026-09-11 04:30:00,26.92,97.36,1006.10,,,0
AWS-KOL-ALP-01,Kolkata / Alipore,42807,SYNTHETIC_NEIGHBOR,2026-09-11 05:00:00,27.53,98.89,1005.40,,,0
AWS-KOL-CAN-01,Canning,42812,SYNTHETIC_NEIGHBOR,2026-09-11 05:00:00,27.99,100.00,1006.31,,,0
AWS-KOL-DUM-01,Kolkata / Dum Dum,42809,REAL_BASELINE,2026-09-11 05:00:00,27.00,100.00,1006.00,,,0
AWS-KOL-ULB-01,Uluberia,42805,SYNTHETIC_NEIGHBOR,2026-09-11 05:00:00,27.25,98.82,1006.01,,,0
AWS-KOL-ALP-01,Kolkata / Alipore,42807,SYNTHETIC_NEIGHBOR,2026-09-11 05:30:00,28.12,97.19,1008.00,,,0
AWS-KOL-CAN-01,Canning,42812,SYNTHETIC_NEIGHBOR,2026-09-11 05:30:00,28.00,98.14,1007.75,,,0
AWS-KOL-DUM-01,Kolkata / Dum Dum,42809,REAL_BASELINE,2026-09-11 05:30:00,27.00,100.00,1007.00,,,0
AWS-KOL-ULB-01,Uluberia,42805,SYNTHETIC_NEIGHBOR,2026-09-11 05:30:00,27.34,98.96,1007.59,,,0
AWS-KOL-ALP-01,Kolkata / Alipore,42807,SYNTHETIC_NEIGHBOR,2026-09-11 06:00:00,27.28,96.68,1008.83,,,0
AWS-KOL-CAN-01,Canning,42812,SYNTHETIC_NEIGHBOR,2026-09-11 06:00:00,28.48,95.98,1008.35,,,0
AWS-KOL-DUM-01,Kolkata / Dum Dum,42809,REAL_BASELINE,2026-09-11 06:00:00,27.00,100.00,1007.00,,,0
AWS-KOL-ULB-01,Uluberia,42805,SYNTHETIC_NEIGHBOR,2026-09-11 06:00:00,27.38,95.05,1007.31,,,0
AWS-KOL-ALP-01,Kolkata / Alipore,42807,SYNTHETIC_NEIGHBOR,2026-09-11 06:30:00,28.66,92.96,1006.86,,,0
AWS-KOL-CAN-01,Canning,42812,SYNTHETIC_NEIGHBOR,2026-09-11 06:30:00,29.22,92.75,1007.79,,,0
AWS-KOL-DUM-01,Kolkata / Dum Dum,42809,REAL_BASELINE,2026-09-11 06:30:00,28.00,94.00,1007.00,,,0
AWS-KOL-ULB-01,Uluberia,42805,SYNTHETIC_NEIGHBOR,2026-09-11 06:30:00,28.25,93.79,1006.92,,,0
AWS-KOL-ALP-01,Kolkata / Alipore,42807,SYNTHETIC_NEIGHBOR,2026-09-11 07:00:00,29.07,86.92,1008.65,,,0
AWS-KOL-CAN-01,Canning,42812,SYNTHETIC_NEIGHBOR,2026-09-11 07:00:00,29.05,83.49,1009.40,,,0
AWS-KOL-DUM-01,Kolkata / Dum Dum,42809,REAL_BASELINE,2026-09-11 07:00:00,28.00,89.00,1008.00,,,0
AWS-KOL-ULB-01,Uluberia,42805,SYNTHETIC_NEIGHBOR,2026-09-11 07:00:00,28.49,89.22,1008.72,,,0
AWS-KOL-ALP-01,Kolkata / Alipore,42807,SYNTHETIC_NEIGHBOR,2026-09-11 07:30:00,27.19,92.67,1007.00,,,0
AWS-KOL-CAN-01,Canning,42812,SYNTHETIC_NEIGHBOR,2026-09-11 07:30:00,28.48,88.68,1009.23,,,0
AWS-KOL-DUM-01,Kolkata / Dum Dum,42809,REAL_BASELINE,2026-09-11 07:30:00,27.00,94.00,1008.00,,,0
AWS-KOL-ULB-01,Uluberia,42805,SYNTHETIC_NEIGHBOR,2026-09-11 07:30:00,27.65,92.07,1008.18,,,0
AWS-KOL-ALP-01,Kolkata / Alipore,42807,SYNTHETIC_NEIGHBOR,2026-09-11 08:00:00,29.13,89.24,1008.85,,,0
AWS-KOL-CAN-01,Canning,42812,SYNTHETIC_NEIGHBOR,2026-09-11 08:00:00,29.34,92.37,1007.74,,,0
AWS-KOL-DUM-01,Kolkata / Dum Dum,42809,REAL_BASELINE,2026-09-11 08:00:00,28.00,94.00,1008.00,,,0
AWS-KOL-ULB-01,Uluberia,42805,SYNTHETIC_NEIGHBOR,2026-09-11 08:00:00,28.40,95.09,1009.15,,,0
AWS-KOL-ALP-01,Kolkata / Alipore,42807,SYNTHETIC_NEIGHBOR,2026-09-11 08:30:00,29.43,86.89,1009.69,,,0
AWS-KOL-CAN-01,Canning,42812,SYNTHETIC_NEIGHBOR,2026-09-11 08:30:00,29.80,85.72,1009.02,,,0
AWS-KOL-DUM-01,Kolkata / Dum Dum,42809,REAL_BASELINE,2026-09-11 08:30:00,29.00,89.00,1008.00,,,0
AWS-KOL-ULB-01,Uluberia,42805,SYNTHETIC_NEIGHBOR,2026-09-11 08:30:00,29.46,86.40,1008.88,,,0
AWS-KOL-ALP-01,Kolkata / Alipore,42807,SYNTHETIC_NEIGHBOR,2026-09-11 09:00:00,30.01,90.52,1008.84,,,0
AWS-KOL-CAN-01,Canning,42812,SYNTHETIC_NEIGHBOR,2026-09-11 09:00:00,30.13,87.69,1011.17,,,0
AWS-KOL-DUM-01,Kolkata / Dum Dum,42809,REAL_BASELINE,2026-09-11 09:00:00,29.00,89.00,1009.00,,,0
AWS-KOL-ULB-01,Uluberia,42805,SYNTHETIC_NEIGHBOR,2026-09-11 09:00:00,29.40,85.35,1009.05,,,0
AWS-KOL-ALP-01,Kolkata / Alipore,42807,SYNTHETIC_NEIGHBOR,2026-09-11 09:30:00,30.04,88.46,1010.18,,,0
AWS-KOL-CAN-01,Canning,42812,SYNTHETIC_NEIGHBOR,2026-09-11 09:30:00,30.97,84.73,1009.27,,,0
AWS-KOL-DUM-01,Kolkata / Dum Dum,42809,REAL_BASELINE,2026-09-11 09:30:00,29.00,89.00,1009.00,,,0
AWS-KOL-ULB-01,Uluberia,42805,SYNTHETIC_NEIGHBOR,2026-09-11 09:30:00,28.98,87.98,1009.91,,,0
AWS-KOL-ALP-01,Kolkata / Alipore,42807,SYNTHETIC_NEIGHBOR,2026-09-11 10:00:00,30.30,87.57,1009.41,,,0
AWS-KOL-CAN-01,Canning,42812,SYNTHETIC_NEIGHBOR,2026-09-11 10:00:00,30.25,87.89,1009.37,,,0
AWS-KOL-DUM-01,Kolkata / Dum Dum,42809,REAL_BASELINE,2026-09-11 10:00:00,29.00,89.00,1009.00,,,0
AWS-KOL-ULB-01,Uluberia,42805,SYNTHETIC_NEIGHBOR,2026-09-11 10:00:00,29.36,87.97,1009.18,,,0
AWS-KOL-ALP-01,Kolkata / Alipore,42807,SYNTHETIC_NEIGHBOR,2026-09-11 10:30:00,31.33,80.56,1011.12,,,0
AWS-KOL-CAN-01,Canning,42812,SYNTHETIC_NEIGHBOR,2026-09-11 10:30:00,31.07,79.26,1009.44,,,0
AWS-KOL-DUM-01,Kolkata / Dum Dum,42809,REAL_BASELINE,2026-09-11 10:30:00,30.00,84.00,1009.00,,,0
AWS-KOL-ULB-01,Uluberia,42805,SYNTHETIC_NEIGHBOR,2026-09-11 10:30:00,30.63,83.02,1009.98,,,0
AWS-KOL-ALP-01,Kolkata / Alipore,42807,SYNTHETIC_NEIGHBOR,2026-09-11 11:00:00,29.41,79.39,1009.14,,,0
AWS-KOL-CAN-01,Canning,42812,SYNTHETIC_NEIGHBOR,2026-09-11 11:00:00,30.40,78.00,1009.83,,,0
AWS-KOL-DUM-01,Kolkata / Dum Dum,42809,REAL_BASELINE,2026-09-11 11:00:00,29.00,84.00,1009.00,,,0
AWS-KOL-ULB-01,Uluberia,42805,SYNTHETIC_NEIGHBOR,2026-09-11 11:00:00,29.59,81.60,1008.62,,,0
AWS-KOL-ALP-01,Kolkata / Alipore,42807,SYNTHETIC_NEIGHBOR,2026-09-11 11:30:00,29.32,77.16,1008.72,,,0
AWS-KOL-CAN-01,Canning,42812,SYNTHETIC_NEIGHBOR,2026-09-11 11:30:00,31.26,77.53,1008.02,,,0
AWS-KOL-DUM-01,Kolkata / Dum Dum,42809,REAL_BASELINE,2026-09-11 11:30:00,29.00,79.00,1008.00,,,0
AWS-KOL-ULB-01,Uluberia,42805,SYNTHETIC_NEIGHBOR,2026-09-11 11:30:00,28.86,78.04,1009.30,,,0
AWS-KOL-ALP-01,Kolkata / Alipore,42807,SYNTHETIC_NEIGHBOR,2026-09-11 12:00:00,31.93,76.32,1009.10,,,0
AWS-KOL-CAN-01,Canning,42812,SYNTHETIC_NEIGHBOR,2026-09-11 12:00:00,32.78,78.19,1008.15,,,0
AWS-KOL-DUM-01,Kolkata / Dum Dum,42809,REAL_BASELINE,2026-09-11 12:00:00,31.00,79.00,1008.00,,,0
AWS-KOL-ULB-01,Uluberia,42805,SYNTHETIC_NEIGHBOR,2026-09-11 12:00:00,31.55,75.76,1007.64,,,0
AWS-KOL-ALP-01,Kolkata / Alipore,42807,SYNTHETIC_NEIGHBOR,2026-09-11 12:30:00,30.25,81.97,1006.39,,,0
AWS-KOL-CAN-01,Canning,42812,SYNTHETIC_NEIGHBOR,2026-09-11 12:30:00,31.57,80.59,1007.29,,,0
AWS-KOL-DUM-01,Kolkata / Dum Dum,42809,REAL_BASELINE,2026-09-11 12:30:00,30.00,84.00,1007.00,,,0
AWS-KOL-ULB-01,Uluberia,42805,SYNTHETIC_NEIGHBOR,2026-09-11 12:30:00,30.57,85.81,1007.44,,,0
AWS-KOL-ALP-01,Kolkata / Alipore,42807,SYNTHETIC_NEIGHBOR,2026-09-11 13:00:00,28.50,91.87,1007.33,,,0
AWS-KOL-CAN-01,Canning,42812,SYNTHETIC_NEIGHBOR,2026-09-11 13:00:00,29.05,87.66,1007.64,,,0
AWS-KOL-DUM-01,Kolkata / Dum Dum,42809,REAL_BASELINE,2026-09-11 13:00:00,28.00,94.00,1007.00,,,0
AWS-KOL-ULB-01,Uluberia,42805,SYNTHETIC_NEIGHBOR,2026-09-11 13:00:00,28.83,91.50,1005.85,,,0
AWS-KOL-ALP-01,Kolkata / Alipore,42807,SYNTHETIC_NEIGHBOR,2026-09-11 13:30:00,28.67,94.32,1006.19,,,0
AWS-KOL-CAN-01,Canning,42812,SYNTHETIC_NEIGHBOR,2026-09-11 13:30:00,29.37,91.40,1008.28,,,0
AWS-KOL-DUM-01,Kolkata / Dum Dum,42809,REAL_BASELINE,2026-09-11 13:30:00,28.00,94.00,1007.00,,,0
AWS-KOL-ULB-01,Uluberia,42805,SYNTHETIC_NEIGHBOR,2026-09-11 13:30:00,28.59,94.15,1006.09,,,0
AWS-KOL-ALP-01,Kolkata / Alipore,42807,SYNTHETIC_NEIGHBOR,2026-09-11 14:00:00,28.92,94.75,1006.24,,,0
AWS-KOL-CAN-01,Canning,42812,SYNTHETIC_NEIGHBOR,2026-09-11 14:00:00,29.43,88.82,1007.81,,,0
AWS-KOL-DUM-01,Kolkata / Dum Dum,42809,REAL_BASELINE,2026-09-11 14:00:00,28.00,94.00,1006.00,,,0
AWS-KOL-ULB-01,Uluberia,42805,SYNTHETIC_NEIGHBOR,2026-09-11 14:00:00,28.18,96.12,1005.93,,,0
AWS-KOL-ALP-01,Kolkata / Alipore,42807,SYNTHETIC_NEIGHBOR,2026-09-11 14:30:00,28.94,86.31,1007.71,,,0
AWS-KOL-CAN-01,Canning,42812,SYNTHETIC_NEIGHBOR,2026-09-11 14:30:00,28.61,86.51,1005.44,,,0
AWS-KOL-DUM-01,Kolkata / Dum Dum,42809,REAL_BASELINE,2026-09-11 14:30:00,28.00,89.00,1006.00,,,0
AWS-KOL-ULB-01,Uluberia,42805,SYNTHETIC_NEIGHBOR,2026-09-11 14:30:00,27.98,91.61,1006.84,,,0
AWS-KOL-ALP-01,Kolkata / Alipore,42807,SYNTHETIC_NEIGHBOR,2026-09-11 15:00:00,28.00,87.49,1005.97,,,0
AWS-KOL-CAN-01,Canning,42812,SYNTHETIC_NEIGHBOR,2026-09-11 15:00:00,29.50,88.96,1007.36,,,0
AWS-KOL-DUM-01,Kolkata / Dum Dum,42809,REAL_BASELINE,2026-09-11 15:00:00,28.00,89.00,1006.00,,,0
AWS-KOL-ULB-01,Uluberia,42805,SYNTHETIC_NEIGHBOR,2026-09-11 15:00:00,28.55,88.98,1005.44,,,0
AWS-KOL-ALP-01,Kolkata / Alipore,42807,SYNTHETIC_NEIGHBOR,2026-09-11 15:30:00,29.95,83.92,1004.97,,,0
AWS-KOL-CAN-01,Canning,42812,SYNTHETIC_NEIGHBOR,2026-09-11 15:30:00,30.08,83.34,1006.05,,,0
AWS-KOL-DUM-01,Kolkata / Dum Dum,42809,REAL_BASELINE,2026-09-11 15:30:00,29.00,84.00,1005.00,,,0
AWS-KOL-ULB-01,Uluberia,42805,SYNTHETIC_NEIGHBOR,2026-09-11 15:30:00,29.00,82.44,1004.88,,,0
AWS-KOL-ALP-01,Kolkata / Alipore,42807,SYNTHETIC_NEIGHBOR,2026-09-11 16:00:00,30.68,82.20,1005.23,,,0
AWS-KOL-CAN-01,Canning,42812,SYNTHETIC_NEIGHBOR,2026-09-11 16:00:00,31.89,82.03,1006.94,,,0
AWS-KOL-DUM-01,Kolkata / Dum Dum,42809,REAL_BASELINE,2026-09-11 16:00:00,30.00,84.00,1005.00,,,0
AWS-KOL-ULB-01,Uluberia,42805,SYNTHETIC_NEIGHBOR,2026-09-11 16:00:00,29.81,83.45,1006.02,,,0
AWS-KOL-ALP-01,Kolkata / Alipore,42807,SYNTHETIC_NEIGHBOR,2026-09-11 16:30:00,30.95,81.04,1004.87,,,0
AWS-KOL-CAN-01,Canning,42812,SYNTHETIC_NEIGHBOR,2026-09-11 16:30:00,31.64,80.21,1006.35,,,0
AWS-KOL-DUM-01,Kolkata / Dum Dum,42809,REAL_BASELINE,2026-09-11 16:30:00,30.00,84.00,1005.00,,,0
AWS-KOL-ULB-01,Uluberia,42805,SYNTHETIC_NEIGHBOR,2026-09-11 16:30:00,30.45,82.87,1005.28,,,0
AWS-KOL-ALP-01,Kolkata / Alipore,42807,SYNTHETIC_NEIGHBOR,2026-09-11 17:00:00,30.41,85.46,1005.78,,,0
AWS-KOL-CAN-01,Canning,42812,SYNTHETIC_NEIGHBOR,2026-09-11 17:00:00,31.79,79.60,1005.52,,,0
AWS-KOL-DUM-01,Kolkata / Dum Dum,42809,REAL_BASELINE,2026-09-11 17:00:00,30.00,84.00,1005.00,,,0
AWS-KOL-ULB-01,Uluberia,42805,SYNTHETIC_NEIGHBOR,2026-09-11 17:00:00,30.29,81.58,1005.67,,,0
AWS-KOL-ALP-01,Kolkata / Alipore,42807,SYNTHETIC_NEIGHBOR,2026-09-11 17:30:00,30.95,81.34,1006.18,,,0
AWS-KOL-CAN-01,Canning,42812,SYNTHETIC_NEIGHBOR,2026-09-11 17:30:00,31.43,79.29,1006.61,,,0
AWS-KOL-DUM-01,Kolkata / Dum Dum,42809,REAL_BASELINE,2026-09-11 17:30:00,30.00,84.00,1006.00,,,0
AWS-KOL-ULB-01,Uluberia,42805,SYNTHETIC_NEIGHBOR,2026-09-11 17:30:00,30.95,81.62,1005.84,,,0
AWS-KOL-ALP-01,Kolkata / Alipore,42807,SYNTHETIC_NEIGHBOR,2026-09-11 18:00:00,30.58,83.28,1005.57,,,0
AWS-KOL-CAN-01,Canning,42812,SYNTHETIC_NEIGHBOR,2026-09-11 18:00:00,30.93,84.78,1007.25,,,0
AWS-KOL-DUM-01,Kolkata / Dum Dum,42809,REAL_BASELINE,2026-09-11 18:00:00,29.00,89.00,1006.00,,,0
AWS-KOL-ULB-01,Uluberia,42805,SYNTHETIC_NEIGHBOR,2026-09-11 18:00:00,30.14,86.62,1005.79,,,0
AWS-KOL-ALP-01,Kolkata / Alipore,42807,SYNTHETIC_NEIGHBOR,2026-09-11 18:30:00,29.84,87.15,1007.03,,,0
AWS-KOL-CAN-01,Canning,42812,SYNTHETIC_NEIGHBOR,2026-09-11 18:30:00,30.25,83.30,1008.23,,,0
AWS-KOL-DUM-01,Kolkata / Dum Dum,42809,REAL_BASELINE,2026-09-11 18:30:00,29.00,89.00,1007.00,,,0
AWS-KOL-ULB-01,Uluberia,42805,SYNTHETIC_NEIGHBOR,2026-09-11 18:30:00,29.69,87.74,1007.04,,,0
AWS-KOL-ALP-01,Kolkata / Alipore,42807,SYNTHETIC_NEIGHBOR,2026-09-11 19:00:00,29.89,86.31,1007.18,,,0
AWS-KOL-CAN-01,Canning,42812,SYNTHETIC_NEIGHBOR,2026-09-11 19:00:00,30.28,88.33,1007.87,,,0
AWS-KOL-DUM-01,Kolkata / Dum Dum,42809,REAL_BASELINE,2026-09-11 19:00:00,29.00,89.00,1007.00,,,0
AWS-KOL-ULB-01,Uluberia,42805,SYNTHETIC_NEIGHBOR,2026-09-11 19:00:00,29.36,87.81,1006.93,,,0
AWS-KOL-ALP-01,Kolkata / Alipore,42807,SYNTHETIC_NEIGHBOR,2026-09-11 19:30:00,29.36,85.76,1008.00,,,0
AWS-KOL-CAN-01,Canning,42812,SYNTHETIC_NEIGHBOR,2026-09-11 19:30:00,30.10,85.89,1007.57,,,0
AWS-KOL-DUM-01,Kolkata / Dum Dum,42809,REAL_BASELINE,2026-09-11 19:30:00,29.00,89.00,1007.00,,,0
AWS-KOL-ULB-01,Uluberia,42805,SYNTHETIC_NEIGHBOR,2026-09-11 19:30:00,28.94,87.38,1008.18,,,0
AWS-KOL-ALP-01,Kolkata / Alipore,42807,SYNTHETIC_NEIGHBOR,2026-09-11 20:00:00,28.55,91.14,1008.10,,,0
AWS-KOL-CAN-01,Canning,42812,SYNTHETIC_NEIGHBOR,2026-09-11 20:00:00,29.18,91.12,1008.61,,,0
AWS-KOL-DUM-01,Kolkata / Dum Dum,42809,REAL_BASELINE,2026-09-11 20:00:00,28.00,94.00,1008.00,,,0
AWS-KOL-ULB-01,Uluberia,42805,SYNTHETIC_NEIGHBOR,2026-09-11 20:00:00,28.37,92.22,1008.45,,,0
AWS-KOL-ALP-01,Kolkata / Alipore,42807,SYNTHETIC_NEIGHBOR,2026-09-11 20:30:00,28.81,92.68,1009.84,,,0
AWS-KOL-CAN-01,Canning,42812,SYNTHETIC_NEIGHBOR,2026-09-11 20:30:00,29.27,92.87,1010.23,,,0
AWS-KOL-DUM-01,Kolkata / Dum Dum,42809,REAL_BASELINE,2026-09-11 20:30:00,28.00,94.00,1009.00,,,0
AWS-KOL-ULB-01,Uluberia,42805,SYNTHETIC_NEIGHBOR,2026-09-11 20:30:00,28.92,92.83,1009.39,,,0
AWS-KOL-ALP-01,Kolkata / Alipore,42807,SYNTHETIC_NEIGHBOR,2026-09-11 21:00:00,28.46,92.41,1009.97,,,0
AWS-KOL-CAN-01,Canning,42812,SYNTHETIC_NEIGHBOR,2026-09-11 21:00:00,29.17,93.39,1009.92,,,0
AWS-KOL-DUM-01,Kolkata / Dum Dum,42809,REAL_BASELINE,2026-09-11 21:00:00,28.00,94.00,1009.00,,,0
AWS-KOL-ULB-01,Uluberia,42805,SYNTHETIC_NEIGHBOR,2026-09-11 21:00:00,28.95,91.07,1009.01,,,0
AWS-KOL-ALP-01,Kolkata / Alipore,42807,SYNTHETIC_NEIGHBOR,2026-09-11 21:30:00,28.53,94.19,1009.85,,,0
AWS-KOL-CAN-01,Canning,42812,SYNTHETIC_NEIGHBOR,2026-09-11 21:30:00,29.27,89.86,1009.88,,,0
AWS-KOL-DUM-01,Kolkata / Dum Dum,42809,REAL_BASELINE,2026-09-11 21:30:00,28.00,94.00,1009.00,,,0
AWS-KOL-ULB-01,Uluberia,42805,SYNTHETIC_NEIGHBOR,2026-09-11 21:30:00,28.65,94.54,1009.16,,,0
AWS-KOL-ALP-01,Kolkata / Alipore,42807,SYNTHETIC_NEIGHBOR,2026-09-11 22:00:00,28.54,92.55,1009.49,,,0
AWS-KOL-CAN-01,Canning,42812,SYNTHETIC_NEIGHBOR,2026-09-11 22:00:00,29.39,89.84,1011.12,,,0
AWS-KOL-DUM-01,Kolkata / Dum Dum,42809,REAL_BASELINE,2026-09-11 22:00:00,28.00,94.00,1009.00,,,0
AWS-KOL-ULB-01,Uluberia,42805,SYNTHETIC_NEIGHBOR,2026-09-11 22:00:00,28.18,95.88,1010.18,,,0
AWS-KOL-ALP-01,Kolkata / Alipore,42807,SYNTHETIC_NEIGHBOR,2026-09-11 22:30:00,29.03,95.62,1009.79,,,0
AWS-KOL-CAN-01,Canning,42812,SYNTHETIC_NEIGHBOR,2026-09-11 22:30:00,29.19,89.76,1009.43,,,0
AWS-KOL-DUM-01,Kolkata / Dum Dum,42809,REAL_BASELINE,2026-09-11 22:30:00,28.00,94.00,1009.00,,,0
AWS-KOL-ULB-01,Uluberia,42805,SYNTHETIC_NEIGHBOR,2026-09-11 22:30:00,28.69,90.36,1008.20,,,0
AWS-KOL-ALP-01,Kolkata / Alipore,42807,SYNTHETIC_NEIGHBOR,2026-09-11 23:00:00,29.24,94.01,1009.69,,,0
AWS-KOL-CAN-01,Canning,42812,SYNTHETIC_NEIGHBOR,2026-09-11 23:00:00,29.62,91.99,1009.77,,,0
AWS-KOL-DUM-01,Kolkata / Dum Dum,42809,REAL_BASELINE,2026-09-11 23:00:00,28.00,94.00,1009.00,,,0
AWS-KOL-ULB-01,Uluberia,42805,SYNTHETIC_NEIGHBOR,2026-09-11 23:00:00,27.89,95.54,1009.51,,,0
AWS-KOL-ALP-01,Kolkata / Alipore,42807,SYNTHETIC_NEIGHBOR,2026-09-11 23:30:00,28.22,92.70,1009.07,,,0
AWS-KOL-CAN-01,Canning,42812,SYNTHETIC_NEIGHBOR,2026-09-11 23:30:00,29.26,90.09,1010.29,,,0
AWS-KOL-DUM-01,Kolkata / Dum Dum,42809,REAL_BASELINE,2026-09-11 23:30:00,28.00,94.00,1009.00,,,0
AWS-KOL-ULB-01,Uluberia,42805,SYNTHETIC_NEIGHBOR,2026-09-11 23:30:00,28.33,91.04,1009.67,,,0
AWS-KOL-ALP-01,Kolkata / Alipore,42807,SYNTHETIC_NEIGHBOR,2026-09-12 00:00:00,28.87,89.72,1009.69,,,0
AWS-KOL-CAN-01,Canning,42812,SYNTHETIC_NEIGHBOR,2026-09-12 00:00:00,29.61,90.32,1010.03,,,0
AWS-KOL-DUM-01,Kolkata / Dum Dum,42809,REAL_BASELINE,2026-09-12 00:00:00,28.00,94.00,1009.00,,,0
AWS-KOL-ULB-01,Uluberia,42805,SYNTHETIC_NEIGHBOR,2026-09-12 00:00:00,28.13,90.02,1009.57,,,0
AWS-KOL-ALP-01,Kolkata / Alipore,42807,SYNTHETIC_NEIGHBOR,2026-09-12 00:30:00,27.67,93.11,1008.24,,,0
AWS-KOL-CAN-01,Canning,42812,SYNTHETIC_NEIGHBOR,2026-09-12 00:30:00,28.21,90.99,1008.86,,,0
AWS-KOL-DUM-01,Kolkata / Dum Dum,42809,REAL_BASELINE,2026-09-12 00:30:00,27.00,94.00,1008.00,,,0
AWS-KOL-ULB-01,Uluberia,42805,SYNTHETIC_NEIGHBOR,2026-09-12 00:30:00,27.70,92.26,1007.19,,,0
AWS-KOL-ALP-01,Kolkata / Alipore,42807,SYNTHETIC_NEIGHBOR,2026-09-12 01:00:00,27.75,89.97,1006.63,,,0
AWS-KOL-CAN-01,Canning,42812,SYNTHETIC_NEIGHBOR,2026-09-12 01:00:00,27.92,89.98,1008.34,,,0
AWS-KOL-DUM-01,Kolkata / Dum Dum,42809,REAL_BASELINE,2026-09-12 01:00:00,27.00,94.00,1008.00,,,0
AWS-KOL-ULB-01,Uluberia,42805,SYNTHETIC_NEIGHBOR,2026-09-12 01:00:00,26.86,92.83,1009.05,,,0
AWS-KOL-ALP-01,Kolkata / Alipore,42807,SYNTHETIC_NEIGHBOR,2026-09-12 01:30:00,27.99,92.27,1009.04,,,0
AWS-KOL-CAN-01,Canning,42812,SYNTHETIC_NEIGHBOR,2026-09-12 01:30:00,28.15,89.13,1009.37,,,0
AWS-KOL-DUM-01,Kolkata / Dum Dum,42809,REAL_BASELINE,2026-09-12 01:30:00,27.00,94.00,1008.00,,,0
AWS-KOL-ULB-01,Uluberia,42805,SYNTHETIC_NEIGHBOR,2026-09-12 01:30:00,27.02,93.80,1008.18,,,0
AWS-KOL-ALP-01,Kolkata / Alipore,42807,SYNTHETIC_NEIGHBOR,2026-09-12 02:00:00,27.57,91.53,1009.20,,,0
AWS-KOL-CAN-01,Canning,42812,SYNTHETIC_NEIGHBOR,2026-09-12 02:00:00,27.74,91.30,1008.70,,,0
AWS-KOL-DUM-01,Kolkata / Dum Dum,42809,REAL_BASELINE,2026-09-12 02:00:00,27.00,94.00,1008.00,,,0
AWS-KOL-ULB-01,Uluberia,42805,SYNTHETIC_NEIGHBOR,2026-09-12 02:00:00,27.14,93.23,1008.42,,,0
AWS-KOL-ALP-01,Kolkata / Alipore,42807,SYNTHETIC_NEIGHBOR,2026-09-12 02:30:00,27.68,92.77,1009.39,,,0
AWS-KOL-CAN-01,Canning,42812,SYNTHETIC_NEIGHBOR,2026-09-12 02:30:00,28.09,91.48,1007.68,,,0
AWS-KOL-DUM-01,Kolkata / Dum Dum,42809,REAL_BASELINE,2026-09-12 02:30:00,27.00,94.00,1008.00,,,0
AWS-KOL-ULB-01,Uluberia,42805,SYNTHETIC_NEIGHBOR,2026-09-12 02:30:00,27.56,89.70,1008.64,,,0
AWS-KOL-ALP-01,Kolkata / Alipore,42807,SYNTHETIC_NEIGHBOR,2026-09-12 03:00:00,27.53,92.66,1007.38,,,0
AWS-KOL-CAN-01,Canning,42812,SYNTHETIC_NEIGHBOR,2026-09-12 03:00:00,28.31,92.16,1009.33,,,0
AWS-KOL-DUM-01,Kolkata / Dum Dum,42809,REAL_BASELINE,2026-09-12 03:00:00,27.00,94.00,1008.00,,,0
AWS-KOL-ULB-01,Uluberia,42805,SYNTHETIC_NEIGHBOR,2026-09-12 03:00:00,27.39,93.09,1009.00,FROZEN_SENSOR,SENSOR_ANOMALY,1
AWS-KOL-ALP-01,Kolkata / Alipore,42807,SYNTHETIC_NEIGHBOR,2026-09-12 03:30:00,28.96,91.14,1007.99,,,0
AWS-KOL-CAN-01,Canning,42812,SYNTHETIC_NEIGHBOR,2026-09-12 03:30:00,29.06,90.67,1008.09,,,0
AWS-KOL-DUM-01,Kolkata / Dum Dum,42809,REAL_BASELINE,2026-09-12 03:30:00,28.00,94.00,1008.00,,,0
AWS-KOL-ULB-01,Uluberia,42805,SYNTHETIC_NEIGHBOR,2026-09-12 03:30:00,27.39,93.09,1009.00,FROZEN_SENSOR,SENSOR_ANOMALY,1
AWS-KOL-ALP-01,Kolkata / Alipore,42807,SYNTHETIC_NEIGHBOR,2026-09-12 04:00:00,28.77,94.26,1007.50,,,0
AWS-KOL-CAN-01,Canning,42812,SYNTHETIC_NEIGHBOR,2026-09-12 04:00:00,29.12,88.12,1009.07,,,0
AWS-KOL-DUM-01,Kolkata / Dum Dum,42809,REAL_BASELINE,2026-09-12 04:00:00,28.00,94.00,1008.00,,,0
AWS-KOL-ULB-01,Uluberia,42805,SYNTHETIC_NEIGHBOR,2026-09-12 04:00:00,27.39,93.09,1009.00,FROZEN_SENSOR,SENSOR_ANOMALY,1
AWS-KOL-ALP-01,Kolkata / Alipore,42807,SYNTHETIC_NEIGHBOR,2026-09-12 04:30:00,28.45,90.55,1009.51,,,0
AWS-KOL-CAN-01,Canning,42812,SYNTHETIC_NEIGHBOR,2026-09-12 04:30:00,29.58,90.27,1007.82,,,0
AWS-KOL-DUM-01,Kolkata / Dum Dum,42809,REAL_BASELINE,2026-09-12 04:30:00,28.00,94.00,1008.00,,,0
AWS-KOL-ULB-01,Uluberia,42805,SYNTHETIC_NEIGHBOR,2026-09-12 04:30:00,27.39,93.09,1009.00,FROZEN_SENSOR,SENSOR_ANOMALY,1
AWS-KOL-ALP-01,Kolkata / Alipore,42807,SYNTHETIC_NEIGHBOR,2026-09-12 05:00:00,29.05,94.45,1009.34,,,0
AWS-KOL-CAN-01,Canning,42812,SYNTHETIC_NEIGHBOR,2026-09-12 05:00:00,29.14,89.83,1009.61,,,0
AWS-KOL-DUM-01,Kolkata / Dum Dum,42809,REAL_BASELINE,2026-09-12 05:00:00,28.00,94.00,1009.00,,,0
AWS-KOL-ULB-01,Uluberia,42805,SYNTHETIC_NEIGHBOR,2026-09-12 05:00:00,27.39,93.09,1009.00,FROZEN_SENSOR,SENSOR_ANOMALY,1
AWS-KOL-ALP-01,Kolkata / Alipore,42807,SYNTHETIC_NEIGHBOR,2026-09-12 05:30:00,28.86,92.11,1009.07,,,0
AWS-KOL-CAN-01,Canning,42812,SYNTHETIC_NEIGHBOR,2026-09-12 05:30:00,28.61,92.95,1010.39,,,0
AWS-KOL-DUM-01,Kolkata / Dum Dum,42809,REAL_BASELINE,2026-09-12 05:30:00,28.00,94.00,1009.00,,,0
AWS-KOL-ULB-01,Uluberia,42805,SYNTHETIC_NEIGHBOR,2026-09-12 05:30:00,27.39,93.09,1009.00,FROZEN_SENSOR,SENSOR_ANOMALY,1
AWS-KOL-ALP-01,Kolkata / Alipore,42807,SYNTHETIC_NEIGHBOR,2026-09-12 06:00:00,28.22,88.67,1009.95,,,0
AWS-KOL-CAN-01,Canning,42812,SYNTHETIC_NEIGHBOR,2026-09-12 06:00:00,29.61,90.04,1009.86,,,0
AWS-KOL-DUM-01,Kolkata / Dum Dum,42809,REAL_BASELINE,2026-09-12 06:00:00,28.00,94.00,1009.00,,,0
AWS-KOL-ULB-01,Uluberia,42805,SYNTHETIC_NEIGHBOR,2026-09-12 06:00:00,27.39,93.09,1009.00,FROZEN_SENSOR,SENSOR_ANOMALY,1
AWS-KOL-ALP-01,Kolkata / Alipore,42807,SYNTHETIC_NEIGHBOR,2026-09-12 06:30:00,28.74,93.30,1010.19,,,0
AWS-KOL-CAN-01,Canning,42812,SYNTHETIC_NEIGHBOR,2026-09-12 06:30:00,28.80,89.42,1011.38,,,0
AWS-KOL-DUM-01,Kolkata / Dum Dum,42809,REAL_BASELINE,2026-09-12 06:30:00,28.00,94.00,1010.00,,,0
AWS-KOL-ULB-01,Uluberia,42805,SYNTHETIC_NEIGHBOR,2026-09-12 06:30:00,27.39,93.09,1009.00,FROZEN_SENSOR,SENSOR_ANOMALY,1
AWS-KOL-ALP-01,Kolkata / Alipore,42807,SYNTHETIC_NEIGHBOR,2026-09-12 07:00:00,28.36,92.37,1011.94,,,0
AWS-KOL-CAN-01,Canning,42812,SYNTHETIC_NEIGHBOR,2026-09-12 07:00:00,29.20,90.81,1010.34,,,0
AWS-KOL-DUM-01,Kolkata / Dum Dum,42809,REAL_BASELINE,2026-09-12 07:00:00,28.00,94.00,1010.00,,,0
AWS-KOL-ULB-01,Uluberia,42805,SYNTHETIC_NEIGHBOR,2026-09-12 07:00:00,29.30,91.79,1009.84,,,0
AWS-KOL-ALP-01,Kolkata / Alipore,42807,SYNTHETIC_NEIGHBOR,2026-09-12 07:30:00,29.75,89.93,1010.97,,,0
AWS-KOL-CAN-01,Canning,42812,SYNTHETIC_NEIGHBOR,2026-09-12 07:30:00,30.30,89.16,1010.48,,,0
AWS-KOL-DUM-01,Kolkata / Dum Dum,42809,REAL_BASELINE,2026-09-12 07:30:00,29.00,94.00,1010.00,,,0
AWS-KOL-ULB-01,Uluberia,42805,SYNTHETIC_NEIGHBOR,2026-09-12 07:30:00,28.74,92.27,1008.61,,,0
AWS-KOL-ALP-01,Kolkata / Alipore,42807,SYNTHETIC_NEIGHBOR,2026-09-12 08:00:00,30.54,86.47,1009.99,,,0
AWS-KOL-CAN-01,Canning,42812,SYNTHETIC_NEIGHBOR,2026-09-12 08:00:00,31.10,84.21,1011.76,,,0
AWS-KOL-DUM-01,Kolkata / Dum Dum,42809,REAL_BASELINE,2026-09-12 08:00:00,30.00,89.00,1010.00,,,0
AWS-KOL-ULB-01,Uluberia,42805,SYNTHETIC_NEIGHBOR,2026-09-12 08:00:00,30.90,87.67,1011.00,,,0
AWS-KOL-ALP-01,Kolkata / Alipore,42807,SYNTHETIC_NEIGHBOR,2026-09-12 08:30:00,30.59,81.81,1010.82,,,0
AWS-KOL-CAN-01,Canning,42812,SYNTHETIC_NEIGHBOR,2026-09-12 08:30:00,31.54,81.73,1011.00,,,0
AWS-KOL-DUM-01,Kolkata / Dum Dum,42809,REAL_BASELINE,2026-09-12 08:30:00,30.00,84.00,1011.00,,,0
AWS-KOL-ULB-01,Uluberia,42805,SYNTHETIC_NEIGHBOR,2026-09-12 08:30:00,30.46,82.16,1010.57,,,0
AWS-KOL-ALP-01,Kolkata / Alipore,42807,SYNTHETIC_NEIGHBOR,2026-09-12 09:00:00,30.69,78.87,1011.10,,,0
AWS-KOL-CAN-01,Canning,42812,SYNTHETIC_NEIGHBOR,2026-09-12 09:00:00,31.96,81.29,1011.11,,,0
AWS-KOL-DUM-01,Kolkata / Dum Dum,42809,REAL_BASELINE,2026-09-12 09:00:00,30.00,84.00,1011.00,,,0
AWS-KOL-ULB-01,Uluberia,42805,SYNTHETIC_NEIGHBOR,2026-09-12 09:00:00,30.59,83.21,1010.98,,,0
AWS-KOL-ALP-01,Kolkata / Alipore,42807,SYNTHETIC_NEIGHBOR,2026-09-12 09:30:00,30.49,82.38,1010.99,,,0
AWS-KOL-CAN-01,Canning,42812,SYNTHETIC_NEIGHBOR,2026-09-12 09:30:00,31.24,82.02,1012.47,,,0
AWS-KOL-DUM-01,Kolkata / Dum Dum,42809,REAL_BASELINE,2026-09-12 09:30:00,30.00,84.00,1011.00,,,0
AWS-KOL-ULB-01,Uluberia,42805,SYNTHETIC_NEIGHBOR,2026-09-12 09:30:00,29.95,82.37,1012.32,,,0
AWS-KOL-ALP-01,Kolkata / Alipore,42807,SYNTHETIC_NEIGHBOR,2026-09-12 10:00:00,32.33,77.83,1012.53,,,0
AWS-KOL-CAN-01,Canning,42812,SYNTHETIC_NEIGHBOR,2026-09-12 10:00:00,32.72,75.33,1010.50,,,0
AWS-KOL-DUM-01,Kolkata / Dum Dum,42809,REAL_BASELINE,2026-09-12 10:00:00,31.00,79.00,1011.00,,,0
AWS-KOL-ULB-01,Uluberia,42805,SYNTHETIC_NEIGHBOR,2026-09-12 10:00:00,31.38,75.80,1011.30,,,0
AWS-KOL-ALP-01,Kolkata / Alipore,42807,SYNTHETIC_NEIGHBOR,2026-09-12 10:30:00,32.31,77.62,1010.85,,,0
AWS-KOL-CAN-01,Canning,42812,SYNTHETIC_NEIGHBOR,2026-09-12 10:30:00,31.89,72.24,1010.57,,,0
AWS-KOL-DUM-01,Kolkata / Dum Dum,42809,REAL_BASELINE,2026-09-12 10:30:00,31.00,79.00,1011.00,,,0
AWS-KOL-ULB-01,Uluberia,42805,SYNTHETIC_NEIGHBOR,2026-09-12 10:30:00,31.97,79.50,1011.11,,,0
AWS-KOL-ALP-01,Kolkata / Alipore,42807,SYNTHETIC_NEIGHBOR,2026-09-12 11:00:00,32.65,77.24,1010.39,,,0
AWS-KOL-CAN-01,Canning,42812,SYNTHETIC_NEIGHBOR,2026-09-12 11:00:00,33.79,76.26,1009.51,,,0
AWS-KOL-DUM-01,Kolkata / Dum Dum,42809,REAL_BASELINE,2026-09-12 11:00:00,32.00,79.00,1010.00,,,0
AWS-KOL-ULB-01,Uluberia,42805,SYNTHETIC_NEIGHBOR,2026-09-12 11:00:00,32.77,74.53,1009.92,,,0
AWS-KOL-ALP-01,Kolkata / Alipore,42807,SYNTHETIC_NEIGHBOR,2026-09-12 11:30:00,32.21,73.52,1009.52,,,0
AWS-KOL-CAN-01,Canning,42812,SYNTHETIC_NEIGHBOR,2026-09-12 11:30:00,32.82,69.91,1011.47,,,0
AWS-KOL-DUM-01,Kolkata / Dum Dum,42809,REAL_BASELINE,2026-09-12 11:30:00,32.00,75.00,1010.00,,,0
AWS-KOL-ULB-01,Uluberia,42805,SYNTHETIC_NEIGHBOR,2026-09-12 11:30:00,32.33,75.32,1011.15,,,0
AWS-KOL-ALP-01,Kolkata / Alipore,42807,SYNTHETIC_NEIGHBOR,2026-09-12 12:00:00,31.78,78.33,1008.72,,,0
AWS-KOL-CAN-01,Canning,42812,SYNTHETIC_NEIGHBOR,2026-09-12 12:00:00,32.27,73.61,1010.29,,,0
AWS-KOL-DUM-01,Kolkata / Dum Dum,42809,REAL_BASELINE,2026-09-12 12:00:00,31.00,79.00,1009.00,,,0
AWS-KOL-ULB-01,Uluberia,42805,SYNTHETIC_NEIGHBOR,2026-09-12 12:00:00,31.72,79.76,1009.18,,,0
AWS-KOL-ALP-01,Kolkata / Alipore,42807,SYNTHETIC_NEIGHBOR,2026-09-12 12:30:00,32.01,76.99,1009.01,,,0
AWS-KOL-CAN-01,Canning,42812,SYNTHETIC_NEIGHBOR,2026-09-12 12:30:00,32.48,76.94,1011.44,,,0
AWS-KOL-DUM-01,Kolkata / Dum Dum,42809,REAL_BASELINE,2026-09-12 12:30:00,31.00,79.00,1009.00,,,0
AWS-KOL-ULB-01,Uluberia,42805,SYNTHETIC_NEIGHBOR,2026-09-12 12:30:00,31.66,76.05,1008.52,,,0
AWS-KOL-ALP-01,Kolkata / Alipore,42807,SYNTHETIC_NEIGHBOR,2026-09-12 13:00:00,30.24,77.58,1008.63,,,0
AWS-KOL-CAN-01,Canning,42812,SYNTHETIC_NEIGHBOR,2026-09-12 13:00:00,31.78,75.03,1010.35,,,0
AWS-KOL-DUM-01,Kolkata / Dum Dum,42809,REAL_BASELINE,2026-09-12 13:00:00,30.00,79.00,1009.00,,,0
AWS-KOL-ULB-01,Uluberia,42805,SYNTHETIC_NEIGHBOR,2026-09-12 13:00:00,30.45,78.71,1008.47,,,0
AWS-KOL-ALP-01,Kolkata / Alipore,42807,SYNTHETIC_NEIGHBOR,2026-09-12 13:30:00,30.69,76.56,1009.33,,,0
AWS-KOL-CAN-01,Canning,42812,SYNTHETIC_NEIGHBOR,2026-09-12 13:30:00,31.34,76.89,1009.57,,,0
AWS-KOL-DUM-01,Kolkata / Dum Dum,42809,REAL_BASELINE,2026-09-12 13:30:00,30.00,79.00,1009.00,,,0
AWS-KOL-ULB-01,Uluberia,42805,SYNTHETIC_NEIGHBOR,2026-09-12 13:30:00,30.69,78.62,1010.35,,,0
AWS-KOL-ALP-01,Kolkata / Alipore,42807,SYNTHETIC_NEIGHBOR,2026-09-12 14:00:00,28.54,76.46,1010.28,,,0
AWS-KOL-CAN-01,Canning,42812,SYNTHETIC_NEIGHBOR,2026-09-12 14:00:00,29.42,78.57,1009.96,,,0
AWS-KOL-DUM-01,Kolkata / Dum Dum,42809,REAL_BASELINE,2026-09-12 14:00:00,29.00,79.00,1009.00,,,0
AWS-KOL-ULB-01,Uluberia,42805,SYNTHETIC_NEIGHBOR,2026-09-12 14:00:00,28.69,79.58,1008.46,,,0
AWS-KOL-ALP-01,Kolkata / Alipore,42807,SYNTHETIC_NEIGHBOR,2026-09-12 14:30:00,27.38,95.04,1009.13,,,0
AWS-KOL-CAN-01,Canning,42812,SYNTHETIC_NEIGHBOR,2026-09-12 14:30:00,27.96,94.37,1010.55,,,0
AWS-KOL-DUM-01,Kolkata / Dum Dum,42809,REAL_BASELINE,2026-09-12 14:30:00,27.00,94.00,1009.00,,,0
AWS-KOL-ULB-01,Uluberia,42805,SYNTHETIC_NEIGHBOR,2026-09-12 14:30:00,27.28,91.71,1009.06,,,0
AWS-KOL-ALP-01,Kolkata / Alipore,42807,SYNTHETIC_NEIGHBOR,2026-09-12 15:00:00,28.25,90.42,1008.51,,,0
AWS-KOL-CAN-01,Canning,42812,SYNTHETIC_NEIGHBOR,2026-09-12 15:00:00,28.75,90.06,1009.97,,,0
AWS-KOL-DUM-01,Kolkata / Dum Dum,42809,REAL_BASELINE,2026-09-12 15:00:00,27.00,94.00,1009.00,,,0
AWS-KOL-ULB-01,Uluberia,42805,SYNTHETIC_NEIGHBOR,2026-09-12 15:00:00,27.58,92.35,1007.50,,,0
AWS-KOL-ALP-01,Kolkata / Alipore,42807,SYNTHETIC_NEIGHBOR,2026-09-12 15:30:00,27.63,89.58,1009.92,,,0
AWS-KOL-CAN-01,Canning,42812,SYNTHETIC_NEIGHBOR,2026-09-12 15:30:00,28.26,85.63,1009.86,,,0
AWS-KOL-DUM-01,Kolkata / Dum Dum,42809,REAL_BASELINE,2026-09-12 15:30:00,27.00,89.00,1008.00,,,0
AWS-KOL-ULB-01,Uluberia,42805,SYNTHETIC_NEIGHBOR,2026-09-12 15:30:00,27.61,88.58,1006.81,,,0
AWS-KOL-ALP-01,Kolkata / Alipore,42807,SYNTHETIC_NEIGHBOR,2026-09-12 16:00:00,26.55,98.75,1007.34,,,0
AWS-KOL-CAN-01,Canning,42812,SYNTHETIC_NEIGHBOR,2026-09-12 16:00:00,27.17,99.78,1008.72,,,0
AWS-KOL-DUM-01,Kolkata / Dum Dum,42809,REAL_BASELINE,2026-09-12 16:00:00,26.00,100.00,1008.00,,,0
AWS-KOL-ULB-01,Uluberia,42805,SYNTHETIC_NEIGHBOR,2026-09-12 16:00:00,25.90,95.83,1008.19,,,0
AWS-KOL-ALP-01,Kolkata / Alipore,42807,SYNTHETIC_NEIGHBOR,2026-09-12 16:30:00,27.50,90.81,1008.56,,,0
AWS-KOL-CAN-01,Canning,42812,SYNTHETIC_NEIGHBOR,2026-09-12 16:30:00,28.40,90.96,1009.15,,,0
AWS-KOL-DUM-01,Kolkata / Dum Dum,42809,REAL_BASELINE,2026-09-12 16:30:00,27.00,94.00,1008.00,,,0
AWS-KOL-ULB-01,Uluberia,42805,SYNTHETIC_NEIGHBOR,2026-09-12 16:30:00,26.97,92.05,1007.97,,,0
AWS-KOL-ALP-01,Kolkata / Alipore,42807,SYNTHETIC_NEIGHBOR,2026-09-12 17:00:00,27.68,94.11,1007.89,,,0
AWS-KOL-CAN-01,Canning,42812,SYNTHETIC_NEIGHBOR,2026-09-12 17:00:00,28.03,93.42,1009.01,,,0
AWS-KOL-DUM-01,Kolkata / Dum Dum,42809,REAL_BASELINE,2026-09-12 17:00:00,27.00,94.00,1008.00,,,0
AWS-KOL-ULB-01,Uluberia,42805,SYNTHETIC_NEIGHBOR,2026-09-12 17:00:00,26.91,92.66,1007.33,,,0
AWS-KOL-ALP-01,Kolkata / Alipore,42807,SYNTHETIC_NEIGHBOR,2026-09-12 17:30:00,27.30,90.02,1007.84,,,0
AWS-KOL-CAN-01,Canning,42812,SYNTHETIC_NEIGHBOR,2026-09-12 17:30:00,29.02,92.31,1009.87,,,0
AWS-KOL-DUM-01,Kolkata / Dum Dum,42809,REAL_BASELINE,2026-09-12 17:30:00,27.00,94.00,1008.00,,,0
AWS-KOL-ULB-01,Uluberia,42805,SYNTHETIC_NEIGHBOR,2026-09-12 17:30:00,27.78,92.76,1008.48,,,0
AWS-KOL-ALP-01,Kolkata / Alipore,42807,SYNTHETIC_NEIGHBOR,2026-09-12 18:00:00,27.74,96.39,1007.59,,,0
AWS-KOL-CAN-01,Canning,42812,SYNTHETIC_NEIGHBOR,2026-09-12 18:00:00,28.62,94.40,1009.04,,,0
AWS-KOL-DUM-01,Kolkata / Dum Dum,42809,REAL_BASELINE,2026-09-12 18:00:00,27.00,100.00,1008.00,,,0
AWS-KOL-ULB-01,Uluberia,42805,SYNTHETIC_NEIGHBOR,2026-09-12 18:00:00,27.63,100.00,1008.46,,,0
AWS-KOL-ALP-01,Kolkata / Alipore,42807,SYNTHETIC_NEIGHBOR,2026-09-12 18:30:00,27.28,99.40,1009.30,,,0
AWS-KOL-CAN-01,Canning,42812,SYNTHETIC_NEIGHBOR,2026-09-12 18:30:00,27.96,93.18,1010.22,,,0
AWS-KOL-DUM-01,Kolkata / Dum Dum,42809,REAL_BASELINE,2026-09-12 18:30:00,27.00,100.00,1009.00,,,0
AWS-KOL-ULB-01,Uluberia,42805,SYNTHETIC_NEIGHBOR,2026-09-12 18:30:00,26.86,96.16,1010.42,,,0
AWS-KOL-ALP-01,Kolkata / Alipore,42807,SYNTHETIC_NEIGHBOR,2026-09-12 19:00:00,27.28,97.67,1009.45,,,0
AWS-KOL-CAN-01,Canning,42812,SYNTHETIC_NEIGHBOR,2026-09-12 19:00:00,28.32,94.83,1009.40,,,0
AWS-KOL-DUM-01,Kolkata / Dum Dum,42809,REAL_BASELINE,2026-09-12 19:00:00,27.00,100.00,1009.00,,,0
AWS-KOL-ULB-01,Uluberia,42805,SYNTHETIC_NEIGHBOR,2026-09-12 19:00:00,27.68,98.53,1009.18,,,0
AWS-KOL-ALP-01,Kolkata / Alipore,42807,SYNTHETIC_NEIGHBOR,2026-09-12 19:30:00,26.94,91.48,1011.00,,,0
AWS-KOL-CAN-01,Canning,42812,SYNTHETIC_NEIGHBOR,2026-09-12 19:30:00,28.04,89.03,1011.16,,,0
AWS-KOL-DUM-01,Kolkata / Dum Dum,42809,REAL_BASELINE,2026-09-12 19:30:00,27.00,94.00,1010.00,,,0
AWS-KOL-ULB-01,Uluberia,42805,SYNTHETIC_NEIGHBOR,2026-09-12 19:30:00,27.61,93.65,1009.80,,,0
AWS-KOL-ALP-01,Kolkata / Alipore,42807,SYNTHETIC_NEIGHBOR,2026-09-12 20:00:00,27.96,95.19,1011.22,,,0
AWS-KOL-CAN-01,Canning,42812,SYNTHETIC_NEIGHBOR,2026-09-12 20:00:00,27.75,96.08,1009.97,,,0
AWS-KOL-DUM-01,Kolkata / Dum Dum,42809,REAL_BASELINE,2026-09-12 20:00:00,27.00,94.00,1010.00,,,0
AWS-KOL-ULB-01,Uluberia,42805,SYNTHETIC_NEIGHBOR,2026-09-12 20:00:00,26.97,93.76,1010.13,,,0
AWS-KOL-ALP-01,Kolkata / Alipore,42807,SYNTHETIC_NEIGHBOR,2026-09-12 20:30:00,27.83,94.65,1012.05,,,0
AWS-KOL-CAN-01,Canning,42812,SYNTHETIC_NEIGHBOR,2026-09-12 20:30:00,27.99,90.88,1012.61,,,0
AWS-KOL-DUM-01,Kolkata / Dum Dum,42809,REAL_BASELINE,2026-09-12 20:30:00,27.00,94.00,1011.00,,,0
AWS-KOL-ULB-01,Uluberia,42805,SYNTHETIC_NEIGHBOR,2026-09-12 20:30:00,27.77,95.03,1011.77,,,0
AWS-KOL-ALP-01,Kolkata / Alipore,42807,SYNTHETIC_NEIGHBOR,2026-09-12 21:00:00,27.95,97.34,1010.48,,,0
AWS-KOL-CAN-01,Canning,42812,SYNTHETIC_NEIGHBOR,2026-09-12 21:00:00,28.45,95.82,1012.77,,,0
AWS-KOL-DUM-01,Kolkata / Dum Dum,42809,REAL_BASELINE,2026-09-12 21:00:00,27.00,100.00,1011.00,,,0
AWS-KOL-ULB-01,Uluberia,42805,SYNTHETIC_NEIGHBOR,2026-09-12 21:00:00,27.09,98.49,1010.90,,,0
AWS-KOL-ALP-01,Kolkata / Alipore,42807,SYNTHETIC_NEIGHBOR,2026-09-12 21:30:00,28.04,99.59,1011.42,,,0
AWS-KOL-CAN-01,Canning,42812,SYNTHETIC_NEIGHBOR,2026-09-12 21:30:00,28.40,99.56,1010.67,,,0
AWS-KOL-DUM-01,Kolkata / Dum Dum,42809,REAL_BASELINE,2026-09-12 21:30:00,27.00,100.00,1011.00,,,0
AWS-KOL-ULB-01,Uluberia,42805,SYNTHETIC_NEIGHBOR,2026-09-12 21:30:00,27.66,100.00,1012.05,,,0
AWS-KOL-ALP-01,Kolkata / Alipore,42807,SYNTHETIC_NEIGHBOR,2026-09-12 22:00:00,27.98,96.86,1011.02,,,0
AWS-KOL-CAN-01,Canning,42812,SYNTHETIC_NEIGHBOR,2026-09-12 22:00:00,28.53,95.56,1011.76,,,0
AWS-KOL-DUM-01,Kolkata / Dum Dum,42809,REAL_BASELINE,2026-09-12 22:00:00,27.00,100.00,1011.00,,,0
AWS-KOL-ULB-01,Uluberia,42805,SYNTHETIC_NEIGHBOR,2026-09-12 22:00:00,26.87,97.09,1011.44,,,0
AWS-KOL-ALP-01,Kolkata / Alipore,42807,SYNTHETIC_NEIGHBOR,2026-09-12 22:30:00,27.55,97.00,1011.27,,,0
AWS-KOL-CAN-01,Canning,42812,SYNTHETIC_NEIGHBOR,2026-09-12 22:30:00,28.41,96.18,1012.02,,,0
AWS-KOL-DUM-01,Kolkata / Dum Dum,42809,REAL_BASELINE,2026-09-12 22:30:00,27.00,100.00,1011.00,,,0
AWS-KOL-ULB-01,Uluberia,42805,SYNTHETIC_NEIGHBOR,2026-09-12 22:30:00,27.43,98.64,1011.19,,,0
AWS-KOL-ALP-01,Kolkata / Alipore,42807,SYNTHETIC_NEIGHBOR,2026-09-12 23:00:00,27.39,97.50,1011.11,,,0
AWS-KOL-CAN-01,Canning,42812,SYNTHETIC_NEIGHBOR,2026-09-12 23:00:00,27.89,94.64,1012.62,,,0
AWS-KOL-DUM-01,Kolkata / Dum Dum,42809,REAL_BASELINE,2026-09-12 23:00:00,27.00,100.00,1012.00,,,0
AWS-KOL-ULB-01,Uluberia,42805,SYNTHETIC_NEIGHBOR,2026-09-12 23:00:00,27.80,98.98,1012.31,,,0
AWS-KOL-ALP-01,Kolkata / Alipore,42807,SYNTHETIC_NEIGHBOR,2026-09-12 23:30:00,27.37,98.92,1012.59,,,0
AWS-KOL-CAN-01,Canning,42812,SYNTHETIC_NEIGHBOR,2026-09-12 23:30:00,28.27,95.20,1011.08,,,0
AWS-KOL-DUM-01,Kolkata / Dum Dum,42809,REAL_BASELINE,2026-09-12 23:30:00,27.00,100.00,1011.00,,,0
AWS-KOL-ULB-01,Uluberia,42805,SYNTHETIC_NEIGHBOR,2026-09-12 23:30:00,27.49,97.38,1011.70,,,0
AWS-KOL-ALP-01,Kolkata / Alipore,42807,SYNTHETIC_NEIGHBOR,2026-09-13 00:00:00,27.35,95.43,1011.74,,,0
AWS-KOL-CAN-01,Canning,42812,SYNTHETIC_NEIGHBOR,2026-09-13 00:00:00,27.85,97.88,1012.63,,,0
AWS-KOL-DUM-01,Kolkata / Dum Dum,42809,REAL_BASELINE,2026-09-13 00:00:00,27.00,100.00,1011.00,,,0
AWS-KOL-ULB-01,Uluberia,42805,SYNTHETIC_NEIGHBOR,2026-09-13 00:00:00,27.19,99.53,1012.17,,,0
AWS-KOL-ALP-01,Kolkata / Alipore,42807,SYNTHETIC_NEIGHBOR,2026-09-13 00:30:00,27.54,100.00,1011.17,,,0
AWS-KOL-CAN-01,Canning,42812,SYNTHETIC_NEIGHBOR,2026-09-13 00:30:00,27.97,96.93,1012.06,,,0
AWS-KOL-DUM-01,Kolkata / Dum Dum,42809,REAL_BASELINE,2026-09-13 00:30:00,27.00,100.00,1011.00,,,0
AWS-KOL-ULB-01,Uluberia,42805,SYNTHETIC_NEIGHBOR,2026-09-13 00:30:00,27.80,100.00,1011.46,,,0
AWS-KOL-ALP-01,Kolkata / Alipore,42807,SYNTHETIC_NEIGHBOR,2026-09-13 01:00:00,27.93,98.59,1011.95,,,0
AWS-KOL-CAN-01,Canning,42812,SYNTHETIC_NEIGHBOR,2026-09-13 01:00:00,28.12,94.77,1012.05,,,0
AWS-KOL-DUM-01,Kolkata / Dum Dum,42809,REAL_BASELINE,2026-09-13 01:00:00,27.00,100.00,1011.00,,,0
AWS-KOL-ULB-01,Uluberia,42805,SYNTHETIC_NEIGHBOR,2026-09-13 01:00:00,28.34,100.00,1010.71,,,0
AWS-KOL-ALP-01,Kolkata / Alipore,42807,SYNTHETIC_NEIGHBOR,2026-09-13 01:30:00,28.19,94.85,1011.22,,,0
AWS-KOL-CAN-01,Canning,42812,SYNTHETIC_NEIGHBOR,2026-09-13 01:30:00,28.44,95.43,1011.48,,,0
AWS-KOL-DUM-01,Kolkata / Dum Dum,42809,REAL_BASELINE,2026-09-13 01:30:00,27.00,100.00,1011.00,,,0
AWS-KOL-ULB-01,Uluberia,42805,SYNTHETIC_NEIGHBOR,2026-09-13 01:30:00,27.34,98.14,1010.65,,,0
AWS-KOL-ALP-01,Kolkata / Alipore,42807,SYNTHETIC_NEIGHBOR,2026-09-13 02:00:00,27.32,95.61,1009.72,,,0
AWS-KOL-CAN-01,Canning,42812,SYNTHETIC_NEIGHBOR,2026-09-13 02:00:00,28.26,98.50,1010.44,,,0
AWS-KOL-DUM-01,Kolkata / Dum Dum,42809,REAL_BASELINE,2026-09-13 02:00:00,27.00,100.00,1010.00,,,0
AWS-KOL-ULB-01,Uluberia,42805,SYNTHETIC_NEIGHBOR,2026-09-13 02:00:00,26.98,100.00,1009.40,,,0
AWS-KOL-ALP-01,Kolkata / Alipore,42807,SYNTHETIC_NEIGHBOR,2026-09-13 02:30:00,27.73,96.63,1009.90,,,0
AWS-KOL-CAN-01,Canning,42812,SYNTHETIC_NEIGHBOR,2026-09-13 02:30:00,28.44,97.47,1011.79,,,0
AWS-KOL-DUM-01,Kolkata / Dum Dum,42809,REAL_BASELINE,2026-09-13 02:30:00,27.00,100.00,1010.00,,,0
AWS-KOL-ULB-01,Uluberia,42805,SYNTHETIC_NEIGHBOR,2026-09-13 02:30:00,27.63,99.32,1010.64,,,0
AWS-KOL-ALP-01,Kolkata / Alipore,42807,SYNTHETIC_NEIGHBOR,2026-09-13 03:00:00,27.34,100.00,1010.77,,,0
AWS-KOL-CAN-01,Canning,42812,SYNTHETIC_NEIGHBOR,2026-09-13 03:00:00,28.47,97.71,1009.86,,,0
AWS-KOL-DUM-01,Kolkata / Dum Dum,42809,REAL_BASELINE,2026-09-13 03:00:00,27.00,100.00,1010.00,,,0
AWS-KOL-ULB-01,Uluberia,42805,SYNTHETIC_NEIGHBOR,2026-09-13 03:00:00,27.00,99.44,1010.30,,,0
AWS-KOL-ALP-01,Kolkata / Alipore,42807,SYNTHETIC_NEIGHBOR,2026-09-13 03:30:00,27.90,98.47,1010.27,,,0
AWS-KOL-CAN-01,Canning,42812,SYNTHETIC_NEIGHBOR,2026-09-13 03:30:00,28.74,97.19,1011.42,,,0
AWS-KOL-DUM-01,Kolkata / Dum Dum,42809,REAL_BASELINE,2026-09-13 03:30:00,27.00,100.00,1010.00,,,0
AWS-KOL-ULB-01,Uluberia,42805,SYNTHETIC_NEIGHBOR,2026-09-13 03:30:00,27.82,100.00,1010.42,,,0
AWS-KOL-ALP-01,Kolkata / Alipore,42807,SYNTHETIC_NEIGHBOR,2026-09-13 04:00:00,27.95,98.74,1011.15,,,0
AWS-KOL-CAN-01,Canning,42812,SYNTHETIC_NEIGHBOR,2026-09-13 04:00:00,29.10,94.59,1010.37,,,0
AWS-KOL-DUM-01,Kolkata / Dum Dum,42809,REAL_BASELINE,2026-09-13 04:00:00,27.00,100.00,1010.00,,,0
AWS-KOL-ULB-01,Uluberia,42805,SYNTHETIC_NEIGHBOR,2026-09-13 04:00:00,27.95,99.30,1009.90,,,0
AWS-KOL-ALP-01,Kolkata / Alipore,42807,SYNTHETIC_NEIGHBOR,2026-09-13 04:30:00,27.46,100.00,1011.79,,,0
AWS-KOL-CAN-01,Canning,42812,SYNTHETIC_NEIGHBOR,2026-09-13 04:30:00,29.00,96.34,1012.53,,,0
AWS-KOL-DUM-01,Kolkata / Dum Dum,42809,REAL_BASELINE,2026-09-13 04:30:00,27.00,100.00,1011.00,,,0
AWS-KOL-ULB-01,Uluberia,42805,SYNTHETIC_NEIGHBOR,2026-09-13 04:30:00,27.98,96.37,1010.46,,,0
AWS-KOL-ALP-01,Kolkata / Alipore,42807,SYNTHETIC_NEIGHBOR,2026-09-13 05:00:00,27.79,97.27,1011.10,,,0
AWS-KOL-CAN-01,Canning,42812,SYNTHETIC_NEIGHBOR,2026-09-13 05:00:00,28.07,96.47,1011.27,,,0
AWS-KOL-DUM-01,Kolkata / Dum Dum,42809,REAL_BASELINE,2026-09-13 05:00:00,27.00,100.00,1011.00,,,0
AWS-KOL-ULB-01,Uluberia,42805,SYNTHETIC_NEIGHBOR,2026-09-13 05:00:00,26.95,99.91,1011.29,,,0
AWS-KOL-ALP-01,Kolkata / Alipore,42807,SYNTHETIC_NEIGHBOR,2026-09-13 05:30:00,28.04,99.18,1011.70,,,0
AWS-KOL-CAN-01,Canning,42812,SYNTHETIC_NEIGHBOR,2026-09-13 05:30:00,28.56,94.96,1011.55,,,0
AWS-KOL-DUM-01,Kolkata / Dum Dum,42809,REAL_BASELINE,2026-09-13 05:30:00,27.00,100.00,1011.00,,,0
AWS-KOL-ULB-01,Uluberia,42805,SYNTHETIC_NEIGHBOR,2026-09-13 05:30:00,27.50,100.00,1011.65,,,0
AWS-KOL-ALP-01,Kolkata / Alipore,42807,SYNTHETIC_NEIGHBOR,2026-09-13 06:00:00,27.63,98.01,1012.57,,,0
AWS-KOL-CAN-01,Canning,42812,SYNTHETIC_NEIGHBOR,2026-09-13 06:00:00,27.90,98.30,1013.44,,,0
AWS-KOL-DUM-01,Kolkata / Dum Dum,42809,REAL_BASELINE,2026-09-13 06:00:00,27.00,100.00,1012.00,,,0
AWS-KOL-ULB-01,Uluberia,42805,SYNTHETIC_NEIGHBOR,2026-09-13 06:00:00,27.73,100.00,1012.90,,,0
AWS-KOL-ALP-01,Kolkata / Alipore,42807,SYNTHETIC_NEIGHBOR,2026-09-13 06:30:00,27.04,98.90,1011.40,,,0
AWS-KOL-CAN-01,Canning,42812,SYNTHETIC_NEIGHBOR,2026-09-13 06:30:00,27.97,96.52,1013.73,,,0
AWS-KOL-DUM-01,Kolkata / Dum Dum,42809,REAL_BASELINE,2026-09-13 06:30:00,27.00,100.00,1012.00,,,0
AWS-KOL-ULB-01,Uluberia,42805,SYNTHETIC_NEIGHBOR,2026-09-13 06:30:00,27.52,99.49,1013.45,,,0
AWS-KOL-ALP-01,Kolkata / Alipore,42807,SYNTHETIC_NEIGHBOR,2026-09-13 07:00:00,28.78,90.59,1011.42,,,0
AWS-KOL-CAN-01,Canning,42812,SYNTHETIC_NEIGHBOR,2026-09-13 07:00:00,28.99,90.95,1011.82,,,0
AWS-KOL-DUM-01,Kolkata / Dum Dum,42809,REAL_BASELINE,2026-09-13 07:00:00,28.00,94.00,1012.00,,,0
AWS-KOL-ULB-01,Uluberia,42805,SYNTHETIC_NEIGHBOR,2026-09-13 07:00:00,28.55,93.62,1011.70,,,0
AWS-KOL-ALP-01,Kolkata / Alipore,42807,SYNTHETIC_NEIGHBOR,2026-09-13 07:30:00,28.74,93.25,1011.96,,,0
AWS-KOL-CAN-01,Canning,42812,SYNTHETIC_NEIGHBOR,2026-09-13 07:30:00,29.56,89.32,1013.31,,,0
AWS-KOL-DUM-01,Kolkata / Dum Dum,42809,REAL_BASELINE,2026-09-13 07:30:00,28.00,94.00,1012.00,,,0
AWS-KOL-ULB-01,Uluberia,42805,SYNTHETIC_NEIGHBOR,2026-09-13 07:30:00,28.91,93.55,1011.31,,,0
AWS-KOL-ALP-01,Kolkata / Alipore,42807,SYNTHETIC_NEIGHBOR,2026-09-13 08:00:00,30.73,87.46,1011.80,,,0
AWS-KOL-CAN-01,Canning,42812,SYNTHETIC_NEIGHBOR,2026-09-13 08:00:00,30.86,85.10,1013.51,,,0
AWS-KOL-DUM-01,Kolkata / Dum Dum,42809,REAL_BASELINE,2026-09-13 08:00:00,30.00,89.00,1012.00,,,0
AWS-KOL-ULB-01,Uluberia,42805,SYNTHETIC_NEIGHBOR,2026-09-13 08:00:00,30.69,90.19,1012.17,,,0
AWS-KOL-ALP-01,Kolkata / Alipore,42807,SYNTHETIC_NEIGHBOR,2026-09-13 08:30:00,31.39,80.63,1013.71,,,0
AWS-KOL-CAN-01,Canning,42812,SYNTHETIC_NEIGHBOR,2026-09-13 08:30:00,31.22,83.38,1013.92,,,0
AWS-KOL-DUM-01,Kolkata / Dum Dum,42809,REAL_BASELINE,2026-09-13 08:30:00,30.00,84.00,1013.00,,,0
AWS-KOL-ULB-01,Uluberia,42805,SYNTHETIC_NEIGHBOR,2026-09-13 08:30:00,30.04,83.63,1012.41,,,0
AWS-KOL-ALP-01,Kolkata / Alipore,42807,SYNTHETIC_NEIGHBOR,2026-09-13 09:00:00,30.39,84.07,1013.39,,,0
AWS-KOL-CAN-01,Canning,42812,SYNTHETIC_NEIGHBOR,2026-09-13 09:00:00,31.60,79.03,1014.81,,,0
AWS-KOL-DUM-01,Kolkata / Dum Dum,42809,REAL_BASELINE,2026-09-13 09:00:00,30.00,84.00,1013.00,,,0
AWS-KOL-ULB-01,Uluberia,42805,SYNTHETIC_NEIGHBOR,2026-09-13 09:00:00,30.34,79.59,1012.57,,,0
AWS-KOL-ALP-01,Kolkata / Alipore,42807,SYNTHETIC_NEIGHBOR,2026-09-13 09:30:00,30.21,84.81,1013.76,,,0
AWS-KOL-CAN-01,Canning,42812,SYNTHETIC_NEIGHBOR,2026-09-13 09:30:00,31.43,86.71,1013.38,,,0
AWS-KOL-DUM-01,Kolkata / Dum Dum,42809,REAL_BASELINE,2026-09-13 09:30:00,30.00,89.00,1013.00,,,0
AWS-KOL-ULB-01,Uluberia,42805,SYNTHETIC_NEIGHBOR,2026-09-13 09:30:00,30.59,85.41,1012.86,,,0
AWS-KOL-ALP-01,Kolkata / Alipore,42807,SYNTHETIC_NEIGHBOR,2026-09-13 10:00:00,30.64,86.31,1012.47,,,0
AWS-KOL-CAN-01,Canning,42812,SYNTHETIC_NEIGHBOR,2026-09-13 10:00:00,31.29,86.53,1013.11,,,0
AWS-KOL-DUM-01,Kolkata / Dum Dum,42809,REAL_BASELINE,2026-09-13 10:00:00,30.00,89.00,1012.00,,,0
AWS-KOL-ULB-01,Uluberia,42805,SYNTHETIC_NEIGHBOR,2026-09-13 10:00:00,30.73,87.15,1012.66,,,0
AWS-KOL-ALP-01,Kolkata / Alipore,42807,SYNTHETIC_NEIGHBOR,2026-09-13 10:30:00,32.80,69.74,1012.49,,,0
AWS-KOL-CAN-01,Canning,42812,SYNTHETIC_NEIGHBOR,2026-09-13 10:30:00,32.55,71.32,1012.26,,,0
AWS-KOL-DUM-01,Kolkata / Dum Dum,42809,REAL_BASELINE,2026-09-13 10:30:00,32.00,71.00,1012.00,,,0
AWS-KOL-ULB-01,Uluberia,42805,SYNTHETIC_NEIGHBOR,2026-09-13 10:30:00,32.12,69.59,1011.28,,,0
AWS-KOL-ALP-01,Kolkata / Alipore,42807,SYNTHETIC_NEIGHBOR,2026-09-13 11:00:00,33.31,68.06,1011.92,,,0
AWS-KOL-CAN-01,Canning,42812,SYNTHETIC_NEIGHBOR,2026-09-13 11:00:00,33.01,68.53,1013.88,,,0
AWS-KOL-DUM-01,Kolkata / Dum Dum,42809,REAL_BASELINE,2026-09-13 11:00:00,32.00,71.00,1012.00,,,0
AWS-KOL-ULB-01,Uluberia,42805,SYNTHETIC_NEIGHBOR,2026-09-13 11:00:00,32.50,68.68,1013.13,,,0
AWS-KOL-ALP-01,Kolkata / Alipore,42807,SYNTHETIC_NEIGHBOR,2026-09-13 11:30:00,32.80,68.00,1012.35,,,0
AWS-KOL-CAN-01,Canning,42812,SYNTHETIC_NEIGHBOR,2026-09-13 11:30:00,33.35,68.09,1012.90,,,0
AWS-KOL-DUM-01,Kolkata / Dum Dum,42809,REAL_BASELINE,2026-09-13 11:30:00,32.00,71.00,1012.00,,,0
AWS-KOL-ULB-01,Uluberia,42805,SYNTHETIC_NEIGHBOR,2026-09-13 11:30:00,32.41,73.45,1014.18,,,0
AWS-KOL-ALP-01,Kolkata / Alipore,42807,SYNTHETIC_NEIGHBOR,2026-09-13 12:00:00,32.76,63.66,1010.66,,,0
AWS-KOL-CAN-01,Canning,42812,SYNTHETIC_NEIGHBOR,2026-09-13 12:00:00,33.58,60.68,1011.77,,,0
AWS-KOL-DUM-01,Kolkata / Dum Dum,42809,REAL_BASELINE,2026-09-13 12:00:00,32.00,67.00,1011.00,,,0
AWS-KOL-ULB-01,Uluberia,42805,SYNTHETIC_NEIGHBOR,2026-09-13 12:00:00,32.54,66.39,1010.92,,,0
AWS-KOL-ALP-01,Kolkata / Alipore,42807,SYNTHETIC_NEIGHBOR,2026-09-13 12:30:00,33.34,70.60,1011.07,,,0
AWS-KOL-CAN-01,Canning,42812,SYNTHETIC_NEIGHBOR,2026-09-13 12:30:00,33.57,67.28,1011.54,,,0
AWS-KOL-DUM-01,Kolkata / Dum Dum,42809,REAL_BASELINE,2026-09-13 12:30:00,32.00,71.00,1011.00,,,0
AWS-KOL-ULB-01,Uluberia,42805,SYNTHETIC_NEIGHBOR,2026-09-13 12:30:00,32.26,72.26,1010.81,,,0
AWS-KOL-ALP-01,Kolkata / Alipore,42807,SYNTHETIC_NEIGHBOR,2026-09-13 13:00:00,33.68,63.17,1010.61,,,0
AWS-KOL-CAN-01,Canning,42812,SYNTHETIC_NEIGHBOR,2026-09-13 13:00:00,34.38,58.46,1012.53,,,0
AWS-KOL-DUM-01,Kolkata / Dum Dum,42809,REAL_BASELINE,2026-09-13 13:00:00,33.00,63.00,1010.00,,,0
AWS-KOL-ULB-01,Uluberia,42805,SYNTHETIC_NEIGHBOR,2026-09-13 13:00:00,33.69,57.77,1011.11,,,0
AWS-KOL-ALP-01,Kolkata / Alipore,42807,SYNTHETIC_NEIGHBOR,2026-09-13 13:30:00,32.25,62.97,1008.91,,,0
AWS-KOL-CAN-01,Canning,42812,SYNTHETIC_NEIGHBOR,2026-09-13 13:30:00,33.74,63.07,1010.05,,,0
AWS-KOL-DUM-01,Kolkata / Dum Dum,42809,REAL_BASELINE,2026-09-13 13:30:00,32.00,67.00,1009.00,,,0
AWS-KOL-ULB-01,Uluberia,42805,SYNTHETIC_NEIGHBOR,2026-09-13 13:30:00,31.82,68.18,1009.01,,,0
AWS-KOL-ALP-01,Kolkata / Alipore,42807,SYNTHETIC_NEIGHBOR,2026-09-13 14:00:00,32.25,70.02,1009.74,,,0
AWS-KOL-CAN-01,Canning,42812,SYNTHETIC_NEIGHBOR,2026-09-13 14:00:00,33.33,69.99,1010.31,,,0
AWS-KOL-DUM-01,Kolkata / Dum Dum,42809,REAL_BASELINE,2026-09-13 14:00:00,32.00,71.00,1009.00,,,0
AWS-KOL-ULB-01,Uluberia,42805,SYNTHETIC_NEIGHBOR,2026-09-13 14:00:00,32.93,69.87,1009.28,,,0
AWS-KOL-ALP-01,Kolkata / Alipore,42807,SYNTHETIC_NEIGHBOR,2026-09-13 14:30:00,34.00,67.33,1009.17,,,0
AWS-KOL-CAN-01,Canning,42812,SYNTHETIC_NEIGHBOR,2026-09-13 14:30:00,34.96,63.72,1009.90,,,0
AWS-KOL-DUM-01,Kolkata / Dum Dum,42809,REAL_BASELINE,2026-09-13 14:30:00,33.00,67.00,1009.00,,,0
AWS-KOL-ULB-01,Uluberia,42805,SYNTHETIC_NEIGHBOR,2026-09-13 14:30:00,33.55,64.52,1008.05,,,0
AWS-KOL-ALP-01,Kolkata / Alipore,42807,SYNTHETIC_NEIGHBOR,2026-09-13 15:00:00,33.42,67.06,1008.75,,,0
AWS-KOL-CAN-01,Canning,42812,SYNTHETIC_NEIGHBOR,2026-09-13 15:00:00,33.35,64.79,1009.56,,,0
AWS-KOL-DUM-01,Kolkata / Dum Dum,42809,REAL_BASELINE,2026-09-13 15:00:00,32.00,67.00,1009.00,,,0
AWS-KOL-ULB-01,Uluberia,42805,SYNTHETIC_NEIGHBOR,2026-09-13 15:00:00,32.90,65.08,1009.89,,,0
AWS-KOL-ALP-01,Kolkata / Alipore,42807,SYNTHETIC_NEIGHBOR,2026-09-13 15:30:00,27.48,93.29,1011.48,,,0
AWS-KOL-CAN-01,Canning,42812,SYNTHETIC_NEIGHBOR,2026-09-13 15:30:00,28.47,89.75,1011.06,,,0
AWS-KOL-DUM-01,Kolkata / Dum Dum,42809,REAL_BASELINE,2026-09-13 15:30:00,27.00,94.00,1010.00,,,0
AWS-KOL-ULB-01,Uluberia,42805,SYNTHETIC_NEIGHBOR,2026-09-13 15:30:00,27.65,92.27,1009.92,,,0
AWS-KOL-ALP-01,Kolkata / Alipore,42807,SYNTHETIC_NEIGHBOR,2026-09-13 16:00:00,26.32,100.00,1009.94,,,0
AWS-KOL-CAN-01,Canning,42812,SYNTHETIC_NEIGHBOR,2026-09-13 16:00:00,25.84,94.48,1010.12,,,0
AWS-KOL-DUM-01,Kolkata / Dum Dum,42809,REAL_BASELINE,2026-09-13 16:00:00,25.00,100.00,1010.00,,,0
AWS-KOL-ULB-01,Uluberia,42805,SYNTHETIC_NEIGHBOR,2026-09-13 16:00:00,25.30,98.99,1009.23,,,0
AWS-KOL-ALP-01,Kolkata / Alipore,42807,SYNTHETIC_NEIGHBOR,2026-09-13 16:30:00,26.75,93.09,1010.50,,,0
AWS-KOL-CAN-01,Canning,42812,SYNTHETIC_NEIGHBOR,2026-09-13 16:30:00,27.86,94.35,1008.88,,,0
AWS-KOL-DUM-01,Kolkata / Dum Dum,42809,REAL_BASELINE,2026-09-13 16:30:00,26.00,100.00,1010.00,,,0
AWS-KOL-ULB-01,Uluberia,42805,SYNTHETIC_NEIGHBOR,2026-09-13 16:30:00,26.46,100.00,1009.91,,,0
AWS-KOL-ALP-01,Kolkata / Alipore,42807,SYNTHETIC_NEIGHBOR,2026-09-13 17:00:00,27.78,89.63,1011.58,,,0
AWS-KOL-CAN-01,Canning,42812,SYNTHETIC_NEIGHBOR,2026-09-13 17:00:00,28.51,83.40,1011.02,,,0
AWS-KOL-DUM-01,Kolkata / Dum Dum,42809,REAL_BASELINE,2026-09-13 17:00:00,27.00,89.00,1010.00,,,0
AWS-KOL-ULB-01,Uluberia,42805,SYNTHETIC_NEIGHBOR,2026-09-13 17:00:00,27.05,88.16,1010.03,,,0
AWS-KOL-ALP-01,Kolkata / Alipore,42807,SYNTHETIC_NEIGHBOR,2026-09-13 17:30:00,26.50,95.13,1010.24,,,0
AWS-KOL-CAN-01,Canning,42812,SYNTHETIC_NEIGHBOR,2026-09-13 17:30:00,26.78,91.49,1011.38,,,0
AWS-KOL-DUM-01,Kolkata / Dum Dum,42809,REAL_BASELINE,2026-09-13 17:30:00,26.00,94.00,1010.00,,,0
AWS-KOL-ULB-01,Uluberia,42805,SYNTHETIC_NEIGHBOR,2026-09-13 17:30:00,26.42,91.70,1009.90,,,0
AWS-KOL-ALP-01,Kolkata / Alipore,42807,SYNTHETIC_NEIGHBOR,2026-09-13 18:00:00,27.49,86.47,1009.91,,,0
AWS-KOL-CAN-01,Canning,42812,SYNTHETIC_NEIGHBOR,2026-09-13 18:00:00,28.22,83.25,1011.07,,,0
AWS-KOL-DUM-01,Kolkata / Dum Dum,42809,REAL_BASELINE,2026-09-13 18:00:00,27.00,89.00,1010.00,,,0
AWS-KOL-ULB-01,Uluberia,42805,SYNTHETIC_NEIGHBOR,2026-09-13 18:00:00,27.13,89.75,1010.47,,,0
AWS-KOL-ALP-01,Kolkata / Alipore,42807,SYNTHETIC_NEIGHBOR,2026-09-13 18:30:00,27.23,89.74,1011.39,,,0
AWS-KOL-CAN-01,Canning,42812,SYNTHETIC_NEIGHBOR,2026-09-13 18:30:00,27.26,91.80,1011.52,,,0
AWS-KOL-DUM-01,Kolkata / Dum Dum,42809,REAL_BASELINE,2026-09-13 18:30:00,26.00,94.00,1010.00,,,0
AWS-KOL-ULB-01,Uluberia,42805,SYNTHETIC_NEIGHBOR,2026-09-13 18:30:00,26.74,93.13,1010.52,,,0
AWS-KOL-ALP-01,Kolkata / Alipore,42807,SYNTHETIC_NEIGHBOR,2026-09-13 19:00:00,26.67,93.64,1009.78,,,0
AWS-KOL-CAN-01,Canning,42812,SYNTHETIC_NEIGHBOR,2026-09-13 19:00:00,27.44,93.41,1012.30,,,0
AWS-KOL-DUM-01,Kolkata / Dum Dum,42809,REAL_BASELINE,2026-09-13 19:00:00,26.00,94.00,1010.00,,,0
AWS-KOL-ULB-01,Uluberia,42805,SYNTHETIC_NEIGHBOR,2026-09-13 19:00:00,26.77,95.64,1010.57,,,0
AWS-KOL-ALP-01,Kolkata / Alipore,42807,SYNTHETIC_NEIGHBOR,2026-09-13 19:30:00,27.07,95.73,1011.36,,,0
AWS-KOL-CAN-01,Canning,42812,SYNTHETIC_NEIGHBOR,2026-09-13 19:30:00,26.74,90.51,1012.03,,,0
AWS-KOL-DUM-01,Kolkata / Dum Dum,42809,REAL_BASELINE,2026-09-13 19:30:00,26.00,94.00,1011.00,,,0
AWS-KOL-ULB-01,Uluberia,42805,SYNTHETIC_NEIGHBOR,2026-09-13 19:30:00,26.11,91.02,1010.85,,,0
AWS-KOL-ALP-01,Kolkata / Alipore,42807,SYNTHETIC_NEIGHBOR,2026-09-13 20:00:00,26.27,94.08,1012.59,,,0
AWS-KOL-CAN-01,Canning,42812,SYNTHETIC_NEIGHBOR,2026-09-13 20:00:00,27.54,88.11,1012.04,,,0
AWS-KOL-DUM-01,Kolkata / Dum Dum,42809,REAL_BASELINE,2026-09-13 20:00:00,26.00,94.00,1011.00,,,0
AWS-KOL-ULB-01,Uluberia,42805,SYNTHETIC_NEIGHBOR,2026-09-13 20:00:00,26.10,93.68,1010.62,,,0
AWS-KOL-ALP-01,Kolkata / Alipore,42807,SYNTHETIC_NEIGHBOR,2026-09-13 20:30:00,28.04,93.50,1012.18,,,0
AWS-KOL-CAN-01,Canning,42812,SYNTHETIC_NEIGHBOR,2026-09-13 20:30:00,28.48,90.74,1014.11,,,0
AWS-KOL-DUM-01,Kolkata / Dum Dum,42809,REAL_BASELINE,2026-09-13 20:30:00,27.00,94.00,1012.00,,,0
AWS-KOL-ULB-01,Uluberia,42805,SYNTHETIC_NEIGHBOR,2026-09-13 20:30:00,26.73,94.01,1013.07,,,0
AWS-KOL-ALP-01,Kolkata / Alipore,42807,SYNTHETIC_NEIGHBOR,2026-09-13 21:00:00,27.57,91.46,1012.52,,,0
AWS-KOL-CAN-01,Canning,42812,SYNTHETIC_NEIGHBOR,2026-09-13 21:00:00,27.98,89.79,1012.18,,,0
AWS-KOL-DUM-01,Kolkata / Dum Dum,42809,REAL_BASELINE,2026-09-13 21:00:00,27.00,94.00,1012.00,,,0
AWS-KOL-ULB-01,Uluberia,42805,SYNTHETIC_NEIGHBOR,2026-09-13 21:00:00,27.34,89.35,1011.78,,,0
AWS-KOL-ALP-01,Kolkata / Alipore,42807,SYNTHETIC_NEIGHBOR,2026-09-13 21:30:00,27.90,91.59,1012.11,,,0
AWS-KOL-CAN-01,Canning,42812,SYNTHETIC_NEIGHBOR,2026-09-13 21:30:00,28.61,93.44,1012.38,,,0
AWS-KOL-DUM-01,Kolkata / Dum Dum,42809,REAL_BASELINE,2026-09-13 21:30:00,27.00,94.00,1012.00,,,0
AWS-KOL-ULB-01,Uluberia,42805,SYNTHETIC_NEIGHBOR,2026-09-13 21:30:00,27.82,89.84,1011.61,,,0
AWS-KOL-ALP-01,Kolkata / Alipore,42807,SYNTHETIC_NEIGHBOR,2026-09-13 22:00:00,27.89,92.74,1013.48,,,0
AWS-KOL-CAN-01,Canning,42812,SYNTHETIC_NEIGHBOR,2026-09-13 22:00:00,28.60,90.23,1014.43,,,0
AWS-KOL-DUM-01,Kolkata / Dum Dum,42809,REAL_BASELINE,2026-09-13 22:00:00,27.00,94.00,1013.00,,,0
AWS-KOL-ULB-01,Uluberia,42805,SYNTHETIC_NEIGHBOR,2026-09-13 22:00:00,27.23,92.01,1011.89,,,0
AWS-KOL-ALP-01,Kolkata / Alipore,42807,SYNTHETIC_NEIGHBOR,2026-09-13 22:30:00,27.94,90.70,1013.11,,,0
AWS-KOL-CAN-01,Canning,42812,SYNTHETIC_NEIGHBOR,2026-09-13 22:30:00,28.65,90.19,1012.96,,,0
AWS-KOL-DUM-01,Kolkata / Dum Dum,42809,REAL_BASELINE,2026-09-13 22:30:00,27.00,94.00,1012.00,,,0
AWS-KOL-ULB-01,Uluberia,42805,SYNTHETIC_NEIGHBOR,2026-09-13 22:30:00,27.47,92.71,1011.18,,,0
AWS-KOL-ALP-01,Kolkata / Alipore,42807,SYNTHETIC_NEIGHBOR,2026-09-13 23:00:00,28.21,91.18,1012.77,,,0
AWS-KOL-CAN-01,Canning,42812,SYNTHETIC_NEIGHBOR,2026-09-13 23:00:00,28.40,91.17,1013.05,,,0
AWS-KOL-DUM-01,Kolkata / Dum Dum,42809,REAL_BASELINE,2026-09-13 23:00:00,27.00,94.00,1012.00,,,0
AWS-KOL-ULB-01,Uluberia,42805,SYNTHETIC_NEIGHBOR,2026-09-13 23:00:00,27.72,91.45,1012.89,,,0
AWS-KOL-ALP-01,Kolkata / Alipore,42807,SYNTHETIC_NEIGHBOR,2026-09-13 23:30:00,27.76,92.38,1012.11,,,0
AWS-KOL-CAN-01,Canning,42812,SYNTHETIC_NEIGHBOR,2026-09-13 23:30:00,28.28,91.72,1012.08,,,0
AWS-KOL-DUM-01,Kolkata / Dum Dum,42809,REAL_BASELINE,2026-09-13 23:30:00,27.00,94.00,1012.00,,,0
AWS-KOL-ULB-01,Uluberia,42805,SYNTHETIC_NEIGHBOR,2026-09-13 23:30:00,26.80,92.76,1012.69,,,0
AWS-KOL-ALP-01,Kolkata / Alipore,42807,SYNTHETIC_NEIGHBOR,2026-09-14 00:00:00,27.60,94.82,1013.31,,,0
AWS-KOL-CAN-01,Canning,42812,SYNTHETIC_NEIGHBOR,2026-09-14 00:00:00,28.79,93.17,1013.08,,,0
AWS-KOL-DUM-01,Kolkata / Dum Dum,42809,REAL_BASELINE,2026-09-14 00:00:00,27.00,94.00,1012.00,,,0
AWS-KOL-ULB-01,Uluberia,42805,SYNTHETIC_NEIGHBOR,2026-09-14 00:00:00,27.60,91.82,1010.32,,,0
AWS-KOL-ALP-01,Kolkata / Alipore,42807,SYNTHETIC_NEIGHBOR,2026-09-14 00:30:00,26.84,96.90,1012.26,,,0
AWS-KOL-CAN-01,Canning,42812,SYNTHETIC_NEIGHBOR,2026-09-14 00:30:00,26.43,98.51,1012.76,,,0
AWS-KOL-DUM-01,Kolkata / Dum Dum,42809,REAL_BASELINE,2026-09-14 00:30:00,26.00,100.00,1012.00,,,0
AWS-KOL-ULB-01,Uluberia,42805,SYNTHETIC_NEIGHBOR,2026-09-14 00:30:00,26.19,97.07,1011.63,,,0
AWS-KOL-ALP-01,Kolkata / Alipore,42807,SYNTHETIC_NEIGHBOR,2026-09-14 01:00:00,26.40,96.65,1011.41,,,0
AWS-KOL-CAN-01,Canning,42812,SYNTHETIC_NEIGHBOR,2026-09-14 01:00:00,27.23,96.08,1013.50,,,0
AWS-KOL-DUM-01,Kolkata / Dum Dum,42809,REAL_BASELINE,2026-09-14 01:00:00,26.00,100.00,1012.00,,,0
AWS-KOL-ULB-01,Uluberia,42805,SYNTHETIC_NEIGHBOR,2026-09-14 01:00:00,25.79,98.45,1011.58,,,0
AWS-KOL-ALP-01,Kolkata / Alipore,42807,SYNTHETIC_NEIGHBOR,2026-09-14 01:30:00,26.82,98.20,1012.99,,,0
AWS-KOL-CAN-01,Canning,42812,SYNTHETIC_NEIGHBOR,2026-09-14 01:30:00,27.94,96.52,1013.27,,,0
AWS-KOL-DUM-01,Kolkata / Dum Dum,42809,REAL_BASELINE,2026-09-14 01:30:00,26.00,100.00,1012.00,,,0
AWS-KOL-ULB-01,Uluberia,42805,SYNTHETIC_NEIGHBOR,2026-09-14 01:30:00,26.14,98.94,1012.22,,,0
AWS-KOL-ALP-01,Kolkata / Alipore,42807,SYNTHETIC_NEIGHBOR,2026-09-14 02:00:00,27.45,96.09,1012.31,,,0
AWS-KOL-CAN-01,Canning,42812,SYNTHETIC_NEIGHBOR,2026-09-14 02:00:00,27.31,95.32,1013.15,,,0
AWS-KOL-DUM-01,Kolkata / Dum Dum,42809,REAL_BASELINE,2026-09-14 02:00:00,26.00,100.00,1012.00,,,0
AWS-KOL-ULB-01,Uluberia,42805,SYNTHETIC_NEIGHBOR,2026-09-14 02:00:00,26.40,99.31,1011.69,,,0
AWS-KOL-ALP-01,Kolkata / Alipore,42807,SYNTHETIC_NEIGHBOR,2026-09-14 02:30:00,26.96,96.59,1011.14,,,0
AWS-KOL-CAN-01,Canning,42812,SYNTHETIC_NEIGHBOR,2026-09-14 02:30:00,27.60,99.12,1011.37,,,0
AWS-KOL-DUM-01,Kolkata / Dum Dum,42809,REAL_BASELINE,2026-09-14 02:30:00,26.00,100.00,1011.00,,,0
AWS-KOL-ULB-01,Uluberia,42805,SYNTHETIC_NEIGHBOR,2026-09-14 02:30:00,26.62,98.89,1011.93,,,0
AWS-KOL-ALP-01,Kolkata / Alipore,42807,SYNTHETIC_NEIGHBOR,2026-09-14 03:00:00,26.74,95.37,1012.47,,,0
AWS-KOL-CAN-01,Canning,42812,SYNTHETIC_NEIGHBOR,2026-09-14 03:00:00,26.96,90.17,1011.37,,,0
AWS-KOL-DUM-01,Kolkata / Dum Dum,42809,REAL_BASELINE,2026-09-14 03:00:00,26.00,94.00,1011.00,,,0
AWS-KOL-ULB-01,Uluberia,42805,SYNTHETIC_NEIGHBOR,2026-09-14 03:00:00,26.37,89.84,1010.03,,,0
AWS-KOL-ALP-01,Kolkata / Alipore,42807,SYNTHETIC_NEIGHBOR,2026-09-14 03:30:00,27.06,92.85,1011.93,,,0
AWS-KOL-CAN-01,Canning,42812,SYNTHETIC_NEIGHBOR,2026-09-14 03:30:00,26.98,88.86,1011.76,,,0
AWS-KOL-DUM-01,Kolkata / Dum Dum,42809,REAL_BASELINE,2026-09-14 03:30:00,26.00,94.00,1011.00,,,0
AWS-KOL-ULB-01,Uluberia,42805,SYNTHETIC_NEIGHBOR,2026-09-14 03:30:00,26.88,93.11,1011.33,,,0
AWS-KOL-ALP-01,Kolkata / Alipore,42807,SYNTHETIC_NEIGHBOR,2026-09-14 04:00:00,27.11,92.91,1011.53,,,0
AWS-KOL-CAN-01,Canning,42812,SYNTHETIC_NEIGHBOR,2026-09-14 04:00:00,27.45,90.29,1013.00,,,0
AWS-KOL-DUM-01,Kolkata / Dum Dum,42809,REAL_BASELINE,2026-09-14 04:00:00,26.00,94.00,1011.00,,,0
AWS-KOL-ULB-01,Uluberia,42805,SYNTHETIC_NEIGHBOR,2026-09-14 04:00:00,26.36,91.81,1011.68,,,0
AWS-KOL-ALP-01,Kolkata / Alipore,42807,SYNTHETIC_NEIGHBOR,2026-09-14 04:30:00,26.03,97.39,1011.91,,,0
AWS-KOL-CAN-01,Canning,42812,SYNTHETIC_NEIGHBOR,2026-09-14 04:30:00,26.68,90.55,1010.69,,,0
AWS-KOL-DUM-01,Kolkata / Dum Dum,42809,REAL_BASELINE,2026-09-14 04:30:00,25.00,100.00,1011.00,,,0
AWS-KOL-ULB-01,Uluberia,42805,SYNTHETIC_NEIGHBOR,2026-09-14 04:30:00,25.54,97.39,1012.38,,,0
AWS-KOL-ALP-01,Kolkata / Alipore,42807,SYNTHETIC_NEIGHBOR,2026-09-14 05:00:00,25.81,98.11,1011.44,,,0
AWS-KOL-CAN-01,Canning,42812,SYNTHETIC_NEIGHBOR,2026-09-14 05:00:00,26.17,95.55,1011.99,,,0
AWS-KOL-DUM-01,Kolkata / Dum Dum,42809,REAL_BASELINE,2026-09-14 05:00:00,25.00,100.00,1011.00,,,0
AWS-KOL-ULB-01,Uluberia,42805,SYNTHETIC_NEIGHBOR,2026-09-14 05:00:00,25.75,96.23,1011.37,,,0
AWS-KOL-ALP-01,Kolkata / Alipore,42807,SYNTHETIC_NEIGHBOR,2026-09-14 05:30:00,25.54,98.52,1011.87,,,0
AWS-KOL-CAN-01,Canning,42812,SYNTHETIC_NEIGHBOR,2026-09-14 05:30:00,26.35,94.73,1012.89,,,0
AWS-KOL-DUM-01,Kolkata / Dum Dum,42809,REAL_BASELINE,2026-09-14 05:30:00,25.00,100.00,1012.00,,,0
AWS-KOL-ULB-01,Uluberia,42805,SYNTHETIC_NEIGHBOR,2026-09-14 05:30:00,25.31,96.13,1012.49,,,0
AWS-KOL-ALP-01,Kolkata / Alipore,42807,SYNTHETIC_NEIGHBOR,2026-09-14 06:00:00,25.72,97.89,1011.36,,,0
AWS-KOL-CAN-01,Canning,42812,SYNTHETIC_NEIGHBOR,2026-09-14 06:00:00,27.39,96.05,1013.47,,,0
AWS-KOL-DUM-01,Kolkata / Dum Dum,42809,REAL_BASELINE,2026-09-14 06:00:00,26.00,100.00,1012.00,,,0
AWS-KOL-ULB-01,Uluberia,42805,SYNTHETIC_NEIGHBOR,2026-09-14 06:00:00,26.33,98.73,1012.98,,,0
AWS-KOL-ALP-01,Kolkata / Alipore,42807,SYNTHETIC_NEIGHBOR,2026-09-14 06:30:00,27.54,92.31,1013.40,,,0
AWS-KOL-CAN-01,Canning,42812,SYNTHETIC_NEIGHBOR,2026-09-14 06:30:00,28.53,94.19,1013.22,,,0
AWS-KOL-DUM-01,Kolkata / Dum Dum,42809,REAL_BASELINE,2026-09-14 06:30:00,27.00,94.00,1012.00,,,0
AWS-KOL-ULB-01,Uluberia,42805,SYNTHETIC_NEIGHBOR,2026-09-14 06:30:00,27.21,95.08,1012.85,,,0
AWS-KOL-ALP-01,Kolkata / Alipore,42807,SYNTHETIC_NEIGHBOR,2026-09-14 07:00:00,28.60,88.32,1012.34,,,0
AWS-KOL-CAN-01,Canning,42812,SYNTHETIC_NEIGHBOR,2026-09-14 07:00:00,29.47,85.69,1012.81,,,0
AWS-KOL-DUM-01,Kolkata / Dum Dum,42809,REAL_BASELINE,2026-09-14 07:00:00,28.00,89.00,1012.00,,,0
AWS-KOL-ULB-01,Uluberia,42805,SYNTHETIC_NEIGHBOR,2026-09-14 07:00:00,28.99,88.77,1011.27,,,0
AWS-KOL-ALP-01,Kolkata / Alipore,42807,SYNTHETIC_NEIGHBOR,2026-09-14 07:30:00,29.77,81.77,1013.62,,,0
AWS-KOL-CAN-01,Canning,42812,SYNTHETIC_NEIGHBOR,2026-09-14 07:30:00,30.38,81.31,1012.71,,,0
AWS-KOL-DUM-01,Kolkata / Dum Dum,42809,REAL_BASELINE,2026-09-14 07:30:00,29.00,84.00,1013.00,,,0
AWS-KOL-ULB-01,Uluberia,42805,SYNTHETIC_NEIGHBOR,2026-09-14 07:30:00,28.85,85.76,1013.18,,,0
AWS-KOL-ALP-01,Kolkata / Alipore,42807,SYNTHETIC_NEIGHBOR,2026-09-14 08:00:00,30.17,83.16,1013.03,,,0
AWS-KOL-CAN-01,Canning,42812,SYNTHETIC_NEIGHBOR,2026-09-14 08:00:00,29.71,81.74,1014.26,,,0
AWS-KOL-DUM-01,Kolkata / Dum Dum,42809,REAL_BASELINE,2026-09-14 08:00:00,29.00,84.00,1013.00,,,0
AWS-KOL-ULB-01,Uluberia,42805,SYNTHETIC_NEIGHBOR,2026-09-14 08:00:00,30.01,82.58,1013.25,,,0
AWS-KOL-ALP-01,Kolkata / Alipore,42807,SYNTHETIC_NEIGHBOR,2026-09-14 08:30:00,30.07,76.39,1013.57,,,0
AWS-KOL-CAN-01,Canning,42812,SYNTHETIC_NEIGHBOR,2026-09-14 08:30:00,31.18,74.13,1014.89,,,0
AWS-KOL-DUM-01,Kolkata / Dum Dum,42809,REAL_BASELINE,2026-09-14 08:30:00,30.00,79.00,1013.00,,,0
AWS-KOL-ULB-01,Uluberia,42805,SYNTHETIC_NEIGHBOR,2026-09-14 08:30:00,30.96,76.04,1013.27,,,0
AWS-KOL-ALP-01,Kolkata / Alipore,42807,SYNTHETIC_NEIGHBOR,2026-09-14 09:00:00,30.55,80.04,1013.57,,,0
AWS-KOL-CAN-01,Canning,42812,SYNTHETIC_NEIGHBOR,2026-09-14 09:00:00,31.51,73.94,1014.83,,,0
AWS-KOL-DUM-01,Kolkata / Dum Dum,42809,REAL_BASELINE,2026-09-14 09:00:00,30.00,79.00,1013.00,,,0
AWS-KOL-ULB-01,Uluberia,42805,SYNTHETIC_NEIGHBOR,2026-09-14 09:00:00,30.30,81.48,1013.96,,,0
AWS-KOL-ALP-01,Kolkata / Alipore,42807,SYNTHETIC_NEIGHBOR,2026-09-14 09:30:00,31.47,74.33,1013.57,,,0
AWS-KOL-CAN-01,Canning,42812,SYNTHETIC_NEIGHBOR,2026-09-14 09:30:00,32.22,73.04,1013.88,,,0
AWS-KOL-DUM-01,Kolkata / Dum Dum,42809,REAL_BASELINE,2026-09-14 09:30:00,31.00,75.00,1013.00,,,0
AWS-KOL-ULB-01,Uluberia,42805,SYNTHETIC_NEIGHBOR,2026-09-14 09:30:00,31.41,72.96,1012.68,,,0
AWS-KOL-ALP-01,Kolkata / Alipore,42807,SYNTHETIC_NEIGHBOR,2026-09-14 10:00:00,32.73,65.64,1014.15,GRADUAL_DRIFT,SENSOR_DEGRADATION,1
AWS-KOL-CAN-01,Canning,42812,SYNTHETIC_NEIGHBOR,2026-09-14 10:00:00,32.83,64.00,1015.02,,,0
AWS-KOL-DUM-01,Kolkata / Dum Dum,42809,REAL_BASELINE,2026-09-14 10:00:00,32.00,67.00,1013.00,,,0
AWS-KOL-ULB-01,Uluberia,42805,SYNTHETIC_NEIGHBOR,2026-09-14 10:00:00,32.16,64.28,1012.55,,,0
AWS-KOL-ALP-01,Kolkata / Alipore,42807,SYNTHETIC_NEIGHBOR,2026-09-14 10:30:00,33.26,63.10,1012.25,GRADUAL_DRIFT,SENSOR_DEGRADATION,1
AWS-KOL-CAN-01,Canning,42812,SYNTHETIC_NEIGHBOR,2026-09-14 10:30:00,33.07,62.70,1012.69,,,0
AWS-KOL-DUM-01,Kolkata / Dum Dum,42809,REAL_BASELINE,2026-09-14 10:30:00,32.00,67.00,1012.00,,,0
AWS-KOL-ULB-01,Uluberia,42805,SYNTHETIC_NEIGHBOR,2026-09-14 10:30:00,32.27,65.47,1012.16,,,0
AWS-KOL-ALP-01,Kolkata / Alipore,42807,SYNTHETIC_NEIGHBOR,2026-09-14 11:00:00,34.35,60.74,1012.42,GRADUAL_DRIFT,SENSOR_DEGRADATION,1
AWS-KOL-CAN-01,Canning,42812,SYNTHETIC_NEIGHBOR,2026-09-14 11:00:00,34.13,58.90,1012.93,,,0
AWS-KOL-DUM-01,Kolkata / Dum Dum,42809,REAL_BASELINE,2026-09-14 11:00:00,33.00,63.00,1012.00,,,0
AWS-KOL-ULB-01,Uluberia,42805,SYNTHETIC_NEIGHBOR,2026-09-14 11:00:00,32.80,60.77,1011.73,,,0
AWS-KOL-ALP-01,Kolkata / Alipore,42807,SYNTHETIC_NEIGHBOR,2026-09-14 11:30:00,34.18,57.38,1011.42,GRADUAL_DRIFT,SENSOR_DEGRADATION,1
AWS-KOL-CAN-01,Canning,42812,SYNTHETIC_NEIGHBOR,2026-09-14 11:30:00,33.98,57.58,1014.36,,,0
AWS-KOL-DUM-01,Kolkata / Dum Dum,42809,REAL_BASELINE,2026-09-14 11:30:00,33.00,59.00,1012.00,,,0
AWS-KOL-ULB-01,Uluberia,42805,SYNTHETIC_NEIGHBOR,2026-09-14 11:30:00,33.75,58.55,1012.99,,,0
AWS-KOL-ALP-01,Kolkata / Alipore,42807,SYNTHETIC_NEIGHBOR,2026-09-14 12:00:00,34.94,57.33,1010.86,GRADUAL_DRIFT,SENSOR_DEGRADATION,1
AWS-KOL-CAN-01,Canning,42812,SYNTHETIC_NEIGHBOR,2026-09-14 12:00:00,34.18,51.74,1011.31,,,0
AWS-KOL-DUM-01,Kolkata / Dum Dum,42809,REAL_BASELINE,2026-09-14 12:00:00,33.00,59.00,1011.00,,,0
AWS-KOL-ULB-01,Uluberia,42805,SYNTHETIC_NEIGHBOR,2026-09-14 12:00:00,33.11,59.04,1010.86,,,0
AWS-KOL-ALP-01,Kolkata / Alipore,42807,SYNTHETIC_NEIGHBOR,2026-09-14 12:30:00,34.48,58.05,1009.82,GRADUAL_DRIFT,SENSOR_DEGRADATION,1
AWS-KOL-CAN-01,Canning,42812,SYNTHETIC_NEIGHBOR,2026-09-14 12:30:00,34.57,56.26,1012.57,,,0
AWS-KOL-DUM-01,Kolkata / Dum Dum,42809,REAL_BASELINE,2026-09-14 12:30:00,33.00,59.00,1010.00,,,0
AWS-KOL-ULB-01,Uluberia,42805,SYNTHETIC_NEIGHBOR,2026-09-14 12:30:00,33.10,60.55,1010.84,,,0
AWS-KOL-ALP-01,Kolkata / Alipore,42807,SYNTHETIC_NEIGHBOR,2026-09-14 13:00:00,35.17,57.90,1008.94,GRADUAL_DRIFT,SENSOR_DEGRADATION,1
AWS-KOL-CAN-01,Canning,42812,SYNTHETIC_NEIGHBOR,2026-09-14 13:00:00,34.26,54.89,1010.59,,,0
AWS-KOL-DUM-01,Kolkata / Dum Dum,42809,REAL_BASELINE,2026-09-14 13:00:00,33.00,59.00,1010.00,,,0
AWS-KOL-ULB-01,Uluberia,42805,SYNTHETIC_NEIGHBOR,2026-09-14 13:00:00,33.40,56.24,1010.99,,,0
AWS-KOL-ALP-01,Kolkata / Alipore,42807,SYNTHETIC_NEIGHBOR,2026-09-14 13:30:00,35.98,56.88,1008.91,GRADUAL_DRIFT,SENSOR_DEGRADATION,1
AWS-KOL-CAN-01,Canning,42812,SYNTHETIC_NEIGHBOR,2026-09-14 13:30:00,33.93,52.56,1010.12,,,0
AWS-KOL-DUM-01,Kolkata / Dum Dum,42809,REAL_BASELINE,2026-09-14 13:30:00,33.00,59.00,1009.00,,,0
AWS-KOL-ULB-01,Uluberia,42805,SYNTHETIC_NEIGHBOR,2026-09-14 13:30:00,33.59,56.72,1009.57,,,0
AWS-KOL-ALP-01,Kolkata / Alipore,42807,SYNTHETIC_NEIGHBOR,2026-09-14 14:00:00,36.64,63.58,1007.54,GRADUAL_DRIFT,SENSOR_DEGRADATION,1
AWS-KOL-CAN-01,Canning,42812,SYNTHETIC_NEIGHBOR,2026-09-14 14:00:00,34.41,53.43,1011.88,,,0
AWS-KOL-DUM-01,Kolkata / Dum Dum,42809,REAL_BASELINE,2026-09-14 14:00:00,33.00,59.00,1009.00,,,0
AWS-KOL-ULB-01,Uluberia,42805,SYNTHETIC_NEIGHBOR,2026-09-14 14:00:00,33.25,59.69,1009.27,,,0
AWS-KOL-ALP-01,Kolkata / Alipore,42807,SYNTHETIC_NEIGHBOR,2026-09-14 14:30:00,35.86,58.17,1006.04,GRADUAL_DRIFT,SENSOR_DEGRADATION,1
AWS-KOL-CAN-01,Canning,42812,SYNTHETIC_NEIGHBOR,2026-09-14 14:30:00,34.08,55.25,1009.06,,,0
AWS-KOL-DUM-01,Kolkata / Dum Dum,42809,REAL_BASELINE,2026-09-14 14:30:00,33.00,59.00,1008.00,,,0
AWS-KOL-ULB-01,Uluberia,42805,SYNTHETIC_NEIGHBOR,2026-09-14 14:30:00,32.60,58.18,1009.99,,,0
AWS-KOL-ALP-01,Kolkata / Alipore,42807,SYNTHETIC_NEIGHBOR,2026-09-14 15:00:00,36.18,63.24,1006.54,GRADUAL_DRIFT,SENSOR_DEGRADATION,1
AWS-KOL-CAN-01,Canning,42812,SYNTHETIC_NEIGHBOR,2026-09-14 15:00:00,33.31,58.13,1008.42,,,0
AWS-KOL-DUM-01,Kolkata / Dum Dum,42809,REAL_BASELINE,2026-09-14 15:00:00,33.00,63.00,1008.00,,,0
AWS-KOL-ULB-01,Uluberia,42805,SYNTHETIC_NEIGHBOR,2026-09-14 15:00:00,33.70,61.96,1008.05,,,0
AWS-KOL-ALP-01,Kolkata / Alipore,42807,SYNTHETIC_NEIGHBOR,2026-09-14 15:30:00,37.03,58.88,1006.56,GRADUAL_DRIFT,SENSOR_DEGRADATION,1
AWS-KOL-CAN-01,Canning,42812,SYNTHETIC_NEIGHBOR,2026-09-14 15:30:00,34.53,53.14,1008.76,,,0
AWS-KOL-DUM-01,Kolkata / Dum Dum,42809,REAL_BASELINE,2026-09-14 15:30:00,33.00,59.00,1008.00,,,0
AWS-KOL-ULB-01,Uluberia,42805,SYNTHETIC_NEIGHBOR,2026-09-14 15:30:00,33.84,54.14,1007.65,,,0
AWS-KOL-ALP-01,Kolkata / Alipore,42807,SYNTHETIC_NEIGHBOR,2026-09-14 16:00:00,37.12,59.22,1005.28,GRADUAL_DRIFT,SENSOR_DEGRADATION,1
AWS-KOL-CAN-01,Canning,42812,SYNTHETIC_NEIGHBOR,2026-09-14 16:00:00,34.45,54.04,1008.59,,,0
AWS-KOL-DUM-01,Kolkata / Dum Dum,42809,REAL_BASELINE,2026-09-14 16:00:00,33.00,59.00,1007.00,,,0
AWS-KOL-ULB-01,Uluberia,42805,SYNTHETIC_NEIGHBOR,2026-09-14 16:00:00,33.47,61.35,1007.79,,,0
AWS-KOL-ALP-01,Kolkata / Alipore,42807,SYNTHETIC_NEIGHBOR,2026-09-14 16:30:00,37.55,65.45,1004.81,GRADUAL_DRIFT,SENSOR_DEGRADATION,1
AWS-KOL-CAN-01,Canning,42812,SYNTHETIC_NEIGHBOR,2026-09-14 16:30:00,34.20,56.55,1008.51,,,0
AWS-KOL-DUM-01,Kolkata / Dum Dum,42809,REAL_BASELINE,2026-09-14 16:30:00,33.00,63.00,1007.00,,,0
AWS-KOL-ULB-01,Uluberia,42805,SYNTHETIC_NEIGHBOR,2026-09-14 16:30:00,33.98,61.08,1006.35,,,0
AWS-KOL-ALP-01,Kolkata / Alipore,42807,SYNTHETIC_NEIGHBOR,2026-09-14 17:00:00,37.03,65.65,1004.86,GRADUAL_DRIFT,SENSOR_DEGRADATION,1
AWS-KOL-CAN-01,Canning,42812,SYNTHETIC_NEIGHBOR,2026-09-14 17:00:00,33.84,62.89,1007.77,,,0
AWS-KOL-DUM-01,Kolkata / Dum Dum,42809,REAL_BASELINE,2026-09-14 17:00:00,32.00,67.00,1007.00,,,0
AWS-KOL-ULB-01,Uluberia,42805,SYNTHETIC_NEIGHBOR,2026-09-14 17:00:00,32.96,67.02,1006.46,,,0
AWS-KOL-ALP-01,Kolkata / Alipore,42807,SYNTHETIC_NEIGHBOR,2026-09-14 17:30:00,37.45,63.94,1005.77,GRADUAL_DRIFT,SENSOR_DEGRADATION,1
AWS-KOL-CAN-01,Canning,42812,SYNTHETIC_NEIGHBOR,2026-09-14 17:30:00,33.47,62.69,1007.35,,,0
AWS-KOL-DUM-01,Kolkata / Dum Dum,42809,REAL_BASELINE,2026-09-14 17:30:00,32.00,67.00,1007.00,,,0
AWS-KOL-ULB-01,Uluberia,42805,SYNTHETIC_NEIGHBOR,2026-09-14 17:30:00,32.01,69.31,1007.29,,,0
AWS-KOL-ALP-01,Kolkata / Alipore,42807,SYNTHETIC_NEIGHBOR,2026-09-14 18:00:00,35.98,71.41,1006.74,GRADUAL_DRIFT,SENSOR_DEGRADATION,1
AWS-KOL-CAN-01,Canning,42812,SYNTHETIC_NEIGHBOR,2026-09-14 18:00:00,32.41,67.90,1009.57,,,0
AWS-KOL-DUM-01,Kolkata / Dum Dum,42809,REAL_BASELINE,2026-09-14 18:00:00,31.00,70.00,1008.00,,,0
AWS-KOL-ULB-01,Uluberia,42805,SYNTHETIC_NEIGHBOR,2026-09-14 18:00:00,31.42,69.66,1008.12,,,0
AWS-KOL-ALP-01,Kolkata / Alipore,42807,SYNTHETIC_NEIGHBOR,2026-09-14 18:30:00,31.35,71.13,1008.72,,,0
AWS-KOL-CAN-01,Canning,42812,SYNTHETIC_NEIGHBOR,2026-09-14 18:30:00,32.05,71.70,1008.73,,,0
AWS-KOL-DUM-01,Kolkata / Dum Dum,42809,REAL_BASELINE,2026-09-14 18:30:00,31.00,75.00,1008.00,,,0
AWS-KOL-ULB-01,Uluberia,42805,SYNTHETIC_NEIGHBOR,2026-09-14 18:30:00,31.74,74.52,1008.41,,,0
AWS-KOL-ALP-01,Kolkata / Alipore,42807,SYNTHETIC_NEIGHBOR,2026-09-14 19:00:00,30.60,73.10,1008.16,,,0
AWS-KOL-CAN-01,Canning,42812,SYNTHETIC_NEIGHBOR,2026-09-14 19:00:00,31.39,68.55,1008.89,,,0
AWS-KOL-DUM-01,Kolkata / Dum Dum,42809,REAL_BASELINE,2026-09-14 19:00:00,30.00,75.00,1008.00,,,0
AWS-KOL-ULB-01,Uluberia,42805,SYNTHETIC_NEIGHBOR,2026-09-14 19:00:00,30.53,74.78,1007.45,,,0
AWS-KOL-ALP-01,Kolkata / Alipore,42807,SYNTHETIC_NEIGHBOR,2026-09-14 19:30:00,30.55,76.68,1009.02,,,0
AWS-KOL-CAN-01,Canning,42812,SYNTHETIC_NEIGHBOR,2026-09-14 19:30:00,30.87,73.83,1009.91,,,0
AWS-KOL-DUM-01,Kolkata / Dum Dum,42809,REAL_BASELINE,2026-09-14 19:30:00,30.00,79.00,1009.00,,,0
AWS-KOL-ULB-01,Uluberia,42805,SYNTHETIC_NEIGHBOR,2026-09-14 19:30:00,30.53,78.33,1008.59,,,0
AWS-KOL-ALP-01,Kolkata / Alipore,42807,SYNTHETIC_NEIGHBOR,2026-09-14 20:00:00,30.83,72.93,1009.05,,,0
AWS-KOL-CAN-01,Canning,42812,SYNTHETIC_NEIGHBOR,2026-09-14 20:00:00,30.98,70.84,1010.40,,,0
AWS-KOL-DUM-01,Kolkata / Dum Dum,42809,REAL_BASELINE,2026-09-14 20:00:00,30.00,75.00,1009.00,,,0
AWS-KOL-ULB-01,Uluberia,42805,SYNTHETIC_NEIGHBOR,2026-09-14 20:00:00,30.34,73.89,1008.50,,,0
AWS-KOL-ALP-01,Kolkata / Alipore,42807,SYNTHETIC_NEIGHBOR,2026-09-14 20:30:00,31.68,69.00,1008.98,,,0
AWS-KOL-CAN-01,Canning,42812,SYNTHETIC_NEIGHBOR,2026-09-14 20:30:00,31.12,72.08,1012.14,,,0
AWS-KOL-DUM-01,Kolkata / Dum Dum,42809,REAL_BASELINE,2026-09-14 20:30:00,30.00,75.00,1010.00,,,0
AWS-KOL-ULB-01,Uluberia,42805,SYNTHETIC_NEIGHBOR,2026-09-14 20:30:00,30.58,74.60,1010.84,,,0
AWS-KOL-ALP-01,Kolkata / Alipore,42807,SYNTHETIC_NEIGHBOR,2026-09-14 21:00:00,30.73,69.80,1010.58,,,0
AWS-KOL-CAN-01,Canning,42812,SYNTHETIC_NEIGHBOR,2026-09-14 21:00:00,31.38,75.56,1010.40,,,0
AWS-KOL-DUM-01,Kolkata / Dum Dum,42809,REAL_BASELINE,2026-09-14 21:00:00,30.00,75.00,1010.00,,,0
AWS-KOL-ULB-01,Uluberia,42805,SYNTHETIC_NEIGHBOR,2026-09-14 21:00:00,30.84,71.54,1011.27,,,0
AWS-KOL-ALP-01,Kolkata / Alipore,42807,SYNTHETIC_NEIGHBOR,2026-09-14 21:30:00,30.75,78.82,1010.89,,,0
AWS-KOL-CAN-01,Canning,42812,SYNTHETIC_NEIGHBOR,2026-09-14 21:30:00,31.54,75.79,1010.44,,,0
AWS-KOL-DUM-01,Kolkata / Dum Dum,42809,REAL_BASELINE,2026-09-14 21:30:00,30.00,79.00,1010.00,,,0
AWS-KOL-ULB-01,Uluberia,42805,SYNTHETIC_NEIGHBOR,2026-09-14 21:30:00,30.34,76.74,1010.12,,,0
AWS-KOL-ALP-01,Kolkata / Alipore,42807,SYNTHETIC_NEIGHBOR,2026-09-14 22:00:00,30.14,73.78,1011.08,,,0
AWS-KOL-CAN-01,Canning,42812,SYNTHETIC_NEIGHBOR,2026-09-14 22:00:00,31.72,73.93,1011.01,,,0
AWS-KOL-DUM-01,Kolkata / Dum Dum,42809,REAL_BASELINE,2026-09-14 22:00:00,30.00,75.00,1010.00,,,0
AWS-KOL-ULB-01,Uluberia,42805,SYNTHETIC_NEIGHBOR,2026-09-14 22:00:00,30.35,73.65,1010.47,,,0
AWS-KOL-ALP-01,Kolkata / Alipore,42807,SYNTHETIC_NEIGHBOR,2026-09-14 22:30:00,30.95,73.87,1009.46,,,0
AWS-KOL-CAN-01,Canning,42812,SYNTHETIC_NEIGHBOR,2026-09-14 22:30:00,31.78,72.41,1011.59,,,0
AWS-KOL-DUM-01,Kolkata / Dum Dum,42809,REAL_BASELINE,2026-09-14 22:30:00,30.00,75.00,1010.00,,,0
AWS-KOL-ULB-01,Uluberia,42805,SYNTHETIC_NEIGHBOR,2026-09-14 22:30:00,30.42,73.63,1011.56,,,0
AWS-KOL-ALP-01,Kolkata / Alipore,42807,SYNTHETIC_NEIGHBOR,2026-09-14 23:00:00,30.33,74.38,1011.80,,,0
AWS-KOL-CAN-01,Canning,42812,SYNTHETIC_NEIGHBOR,2026-09-14 23:00:00,31.38,74.88,1010.49,,,0
AWS-KOL-DUM-01,Kolkata / Dum Dum,42809,REAL_BASELINE,2026-09-14 23:00:00,30.00,79.00,1010.00,,,0
AWS-KOL-ULB-01,Uluberia,42805,SYNTHETIC_NEIGHBOR,2026-09-14 23:00:00,29.70,81.64,1010.69,,,0
AWS-KOL-ALP-01,Kolkata / Alipore,42807,SYNTHETIC_NEIGHBOR,2026-09-14 23:30:00,30.88,78.76,1009.76,,,0
AWS-KOL-CAN-01,Canning,42812,SYNTHETIC_NEIGHBOR,2026-09-14 23:30:00,31.46,77.59,1009.36,,,0
AWS-KOL-DUM-01,Kolkata / Dum Dum,42809,REAL_BASELINE,2026-09-14 23:30:00,30.00,79.00,1010.00,,,0
AWS-KOL-ULB-01,Uluberia,42805,SYNTHETIC_NEIGHBOR,2026-09-14 23:30:00,30.61,79.39,1010.27,,,0
AWS-KOL-ALP-01,Kolkata / Alipore,42807,SYNTHETIC_NEIGHBOR,2026-09-15 00:00:00,29.39,87.10,1010.08,,,0
AWS-KOL-CAN-01,Canning,42812,SYNTHETIC_NEIGHBOR,2026-09-15 00:00:00,30.43,84.69,1011.44,,,0
AWS-KOL-DUM-01,Kolkata / Dum Dum,42809,REAL_BASELINE,2026-09-15 00:00:00,29.00,89.00,1010.00,,,0
AWS-KOL-ULB-01,Uluberia,42805,SYNTHETIC_NEIGHBOR,2026-09-15 00:00:00,29.22,87.21,1011.02,,,0
AWS-KOL-ALP-01,Kolkata / Alipore,42807,SYNTHETIC_NEIGHBOR,2026-09-15 00:30:00,29.64,88.30,1009.49,,,0
AWS-KOL-CAN-01,Canning,42812,SYNTHETIC_NEIGHBOR,2026-09-15 00:30:00,30.83,82.93,1010.97,,,0
AWS-KOL-DUM-01,Kolkata / Dum Dum,42809,REAL_BASELINE,2026-09-15 00:30:00,29.00,89.00,1010.00,,,0
AWS-KOL-ULB-01,Uluberia,42805,SYNTHETIC_NEIGHBOR,2026-09-15 00:30:00,29.32,86.75,1010.01,,,0
AWS-KOL-ALP-01,Kolkata / Alipore,42807,SYNTHETIC_NEIGHBOR,2026-09-15 01:00:00,30.13,90.35,1010.23,,,0
AWS-KOL-CAN-01,Canning,42812,SYNTHETIC_NEIGHBOR,2026-09-15 01:00:00,30.17,82.33,1012.10,,,0
AWS-KOL-DUM-01,Kolkata / Dum Dum,42809,REAL_BASELINE,2026-09-15 01:00:00,29.00,89.00,1010.00,,,0
AWS-KOL-ULB-01,Uluberia,42805,SYNTHETIC_NEIGHBOR,2026-09-15 01:00:00,29.03,86.56,1010.27,,,0
AWS-KOL-ALP-01,Kolkata / Alipore,42807,SYNTHETIC_NEIGHBOR,2026-09-15 01:30:00,29.96,90.00,1011.92,,,0
AWS-KOL-CAN-01,Canning,42812,SYNTHETIC_NEIGHBOR,2026-09-15 01:30:00,30.56,84.74,1010.44,,,0
AWS-KOL-DUM-01,Kolkata / Dum Dum,42809,REAL_BASELINE,2026-09-15 01:30:00,29.00,89.00,1010.00,,,0
AWS-KOL-ULB-01,Uluberia,42805,SYNTHETIC_NEIGHBOR,2026-09-15 01:30:00,29.34,89.56,1010.87,,,0
AWS-KOL-ALP-01,Kolkata / Alipore,42807,SYNTHETIC_NEIGHBOR,2026-09-15 02:00:00,29.92,83.86,1010.00,,,0
AWS-KOL-CAN-01,Canning,42812,SYNTHETIC_NEIGHBOR,2026-09-15 02:00:00,30.81,84.59,1010.84,,,0
AWS-KOL-DUM-01,Kolkata / Dum Dum,42809,REAL_BASELINE,2026-09-15 02:00:00,29.00,89.00,1010.00,,,0
AWS-KOL-ULB-01,Uluberia,42805,SYNTHETIC_NEIGHBOR,2026-09-15 02:00:00,30.35,87.73,1011.20,,,0
AWS-KOL-ALP-01,Kolkata / Alipore,42807,SYNTHETIC_NEIGHBOR,2026-09-15 02:30:00,30.34,88.53,1010.10,,,0
AWS-KOL-CAN-01,Canning,42812,SYNTHETIC_NEIGHBOR,2026-09-15 02:30:00,29.50,84.33,1011.35,,,0
AWS-KOL-DUM-01,Kolkata / Dum Dum,42809,REAL_BASELINE,2026-09-15 02:30:00,29.00,89.00,1010.00,,,0
AWS-KOL-ULB-01,Uluberia,42805,SYNTHETIC_NEIGHBOR,2026-09-15 02:30:00,29.61,90.16,1009.43,,,0
AWS-KOL-ALP-01,Kolkata / Alipore,42807,SYNTHETIC_NEIGHBOR,2026-09-15 03:00:00,28.77,88.62,1009.78,,,0
AWS-KOL-CAN-01,Canning,42812,SYNTHETIC_NEIGHBOR,2026-09-15 03:00:00,29.49,86.70,1011.47,,,0
AWS-KOL-DUM-01,Kolkata / Dum Dum,42809,REAL_BASELINE,2026-09-15 03:00:00,28.00,94.00,1010.00,,,0
AWS-KOL-ULB-01,Uluberia,42805,SYNTHETIC_NEIGHBOR,2026-09-15 03:00:00,29.04,90.35,1010.02,,,0
AWS-KOL-ALP-01,Kolkata / Alipore,42807,SYNTHETIC_NEIGHBOR,2026-09-15 03:30:00,29.30,93.08,1010.68,,,0
AWS-KOL-CAN-01,Canning,42812,SYNTHETIC_NEIGHBOR,2026-09-15 03:30:00,29.34,88.20,1010.80,,,0
AWS-KOL-DUM-01,Kolkata / Dum Dum,42809,REAL_BASELINE,2026-09-15 03:30:00,28.00,94.00,1010.00,,,0
AWS-KOL-ULB-01,Uluberia,42805,SYNTHETIC_NEIGHBOR,2026-09-15 03:30:00,28.85,93.14,1010.71,,,0
AWS-KOL-ALP-01,Kolkata / Alipore,42807,SYNTHETIC_NEIGHBOR,2026-09-15 04:00:00,28.57,90.79,1010.10,,,0
AWS-KOL-CAN-01,Canning,42812,SYNTHETIC_NEIGHBOR,2026-09-15 04:00:00,28.93,88.31,1010.89,,,0
AWS-KOL-DUM-01,Kolkata / Dum Dum,42809,REAL_BASELINE,2026-09-15 04:00:00,28.00,94.00,1010.00,,,0
AWS-KOL-ULB-01,Uluberia,42805,SYNTHETIC_NEIGHBOR,2026-09-15 04:00:00,28.32,91.43,1010.69,,,0
AWS-KOL-ALP-01,Kolkata / Alipore,42807,SYNTHETIC_NEIGHBOR,2026-09-15 04:30:00,28.37,93.17,1010.75,,,0
AWS-KOL-CAN-01,Canning,42812,SYNTHETIC_NEIGHBOR,2026-09-15 04:30:00,29.88,91.14,1011.45,,,0
AWS-KOL-DUM-01,Kolkata / Dum Dum,42809,REAL_BASELINE,2026-09-15 04:30:00,28.00,94.00,1010.00,,,0
AWS-KOL-ULB-01,Uluberia,42805,SYNTHETIC_NEIGHBOR,2026-09-15 04:30:00,28.43,90.56,1010.80,,,0
AWS-KOL-ALP-01,Kolkata / Alipore,42807,SYNTHETIC_NEIGHBOR,2026-09-15 05:00:00,29.29,91.95,1012.87,,,0
AWS-KOL-CAN-01,Canning,42812,SYNTHETIC_NEIGHBOR,2026-09-15 05:00:00,29.62,94.20,1011.77,,,0
AWS-KOL-DUM-01,Kolkata / Dum Dum,42809,REAL_BASELINE,2026-09-15 05:00:00,28.00,94.00,1011.00,,,0
AWS-KOL-ULB-01,Uluberia,42805,SYNTHETIC_NEIGHBOR,2026-09-15 05:00:00,28.09,93.28,1010.69,,,0
AWS-KOL-ALP-01,Kolkata / Alipore,42807,SYNTHETIC_NEIGHBOR,2026-09-15 05:30:00,28.77,91.87,1011.52,,,0
AWS-KOL-CAN-01,Canning,42812,SYNTHETIC_NEIGHBOR,2026-09-15 05:30:00,29.27,88.93,1011.53,,,0
AWS-KOL-DUM-01,Kolkata / Dum Dum,42809,REAL_BASELINE,2026-09-15 05:30:00,28.00,94.00,1011.00,,,0
AWS-KOL-ULB-01,Uluberia,42805,SYNTHETIC_NEIGHBOR,2026-09-15 05:30:00,28.84,92.87,1010.26,,,0
AWS-KOL-ALP-01,Kolkata / Alipore,42807,SYNTHETIC_NEIGHBOR,2026-09-15 06:00:00,27.99,91.92,1011.60,,,0
AWS-KOL-CAN-01,Canning,42812,SYNTHETIC_NEIGHBOR,2026-09-15 06:00:00,28.89,87.56,1012.29,,,0
AWS-KOL-DUM-01,Kolkata / Dum Dum,42809,REAL_BASELINE,2026-09-15 06:00:00,28.00,94.00,1011.00,,,0
AWS-KOL-ULB-01,Uluberia,42805,SYNTHETIC_NEIGHBOR,2026-09-15 06:00:00,29.52,94.39,1010.50,,,0
AWS-KOL-ALP-01,Kolkata / Alipore,42807,SYNTHETIC_NEIGHBOR,2026-09-15 06:30:00,29.66,87.12,1010.51,,,0
AWS-KOL-CAN-01,Canning,42812,SYNTHETIC_NEIGHBOR,2026-09-15 06:30:00,29.81,85.54,1012.45,,,0
AWS-KOL-DUM-01,Kolkata / Dum Dum,42809,REAL_BASELINE,2026-09-15 06:30:00,29.00,89.00,1011.00,,,0
AWS-KOL-ULB-01,Uluberia,42805,SYNTHETIC_NEIGHBOR,2026-09-15 06:30:00,29.49,86.85,1011.56,,,0
AWS-KOL-ALP-01,Kolkata / Alipore,42807,SYNTHETIC_NEIGHBOR,2026-09-15 07:00:00,29.88,85.51,1010.55,,,0
AWS-KOL-CAN-01,Canning,42812,SYNTHETIC_NEIGHBOR,2026-09-15 07:00:00,30.53,87.66,1012.18,,,0
AWS-KOL-DUM-01,Kolkata / Dum Dum,42809,REAL_BASELINE,2026-09-15 07:00:00,29.00,89.00,1011.00,,,0
AWS-KOL-ULB-01,Uluberia,42805,SYNTHETIC_NEIGHBOR,2026-09-15 07:00:00,29.81,90.64,1010.13,,,0
AWS-KOL-ALP-01,Kolkata / Alipore,42807,SYNTHETIC_NEIGHBOR,2026-09-15 07:30:00,30.87,84.65,1013.19,,,0
AWS-KOL-CAN-01,Canning,42812,SYNTHETIC_NEIGHBOR,2026-09-15 07:30:00,31.80,79.49,1013.38,,,0
AWS-KOL-DUM-01,Kolkata / Dum Dum,42809,REAL_BASELINE,2026-09-15 07:30:00,30.00,84.00,1012.00,,,0
AWS-KOL-ULB-01,Uluberia,42805,SYNTHETIC_NEIGHBOR,2026-09-15 07:30:00,30.67,81.96,1012.33,,,0
AWS-KOL-ALP-01,Kolkata / Alipore,42807,SYNTHETIC_NEIGHBOR,2026-09-15 08:00:00,31.23,75.91,1012.63,,,0
AWS-KOL-CAN-01,Canning,42812,SYNTHETIC_NEIGHBOR,2026-09-15 08:00:00,32.67,75.58,1013.97,,,0
AWS-KOL-DUM-01,Kolkata / Dum Dum,42809,REAL_BASELINE,2026-09-15 08:00:00,31.00,79.00,1012.00,,,0
AWS-KOL-ULB-01,Uluberia,42805,SYNTHETIC_NEIGHBOR,2026-09-15 08:00:00,31.92,76.20,1012.13,,,0
AWS-KOL-ALP-01,Kolkata / Alipore,42807,SYNTHETIC_NEIGHBOR,2026-09-15 08:30:00,31.52,78.85,1011.90,,,0
AWS-KOL-CAN-01,Canning,42812,SYNTHETIC_NEIGHBOR,2026-09-15 08:30:00,32.02,77.41,1010.98,,,0
AWS-KOL-DUM-01,Kolkata / Dum Dum,42809,REAL_BASELINE,2026-09-15 08:30:00,31.00,79.00,1011.00,,,0
AWS-KOL-ULB-01,Uluberia,42805,SYNTHETIC_NEIGHBOR,2026-09-15 08:30:00,31.81,73.61,1011.07,,,0
AWS-KOL-ALP-01,Kolkata / Alipore,42807,SYNTHETIC_NEIGHBOR,2026-09-15 09:00:00,32.45,74.60,1011.58,,,0
AWS-KOL-CAN-01,Canning,42812,SYNTHETIC_NEIGHBOR,2026-09-15 09:00:00,32.53,69.45,1011.49,,,0
AWS-KOL-DUM-01,Kolkata / Dum Dum,42809,REAL_BASELINE,2026-09-15 09:00:00,32.00,75.00,1011.00,,,0
AWS-KOL-ULB-01,Uluberia,42805,SYNTHETIC_NEIGHBOR,2026-09-15 09:00:00,32.81,76.93,1011.68,,,0
AWS-KOL-ALP-01,Kolkata / Alipore,42807,SYNTHETIC_NEIGHBOR,2026-09-15 09:30:00,34.20,63.84,1011.69,,,0
AWS-KOL-CAN-01,Canning,42812,SYNTHETIC_NEIGHBOR,2026-09-15 09:30:00,34.34,61.72,1011.65,,,0
AWS-KOL-DUM-01,Kolkata / Dum Dum,42809,REAL_BASELINE,2026-09-15 09:30:00,33.00,67.00,1011.00,,,0
AWS-KOL-ULB-01,Uluberia,42805,SYNTHETIC_NEIGHBOR,2026-09-15 09:30:00,33.28,66.95,1011.55,,,0
AWS-KOL-ALP-01,Kolkata / Alipore,42807,SYNTHETIC_NEIGHBOR,2026-09-15 10:00:00,33.51,64.42,1010.07,,,0
AWS-KOL-CAN-01,Canning,42812,SYNTHETIC_NEIGHBOR,2026-09-15 10:00:00,34.48,63.44,1011.88,,,0
AWS-KOL-DUM-01,Kolkata / Dum Dum,42809,REAL_BASELINE,2026-09-15 10:00:00,33.00,67.00,1011.00,,,0
AWS-KOL-ULB-01,Uluberia,42805,SYNTHETIC_NEIGHBOR,2026-09-15 10:00:00,33.59,65.16,1010.53,,,0
AWS-KOL-ALP-01,Kolkata / Alipore,42807,SYNTHETIC_NEIGHBOR,2026-09-15 10:30:00,33.49,64.76,1011.55,,,0
AWS-KOL-CAN-01,Canning,42812,SYNTHETIC_NEIGHBOR,2026-09-15 10:30:00,34.09,62.93,1010.97,,,0
AWS-KOL-DUM-01,Kolkata / Dum Dum,42809,REAL_BASELINE,2026-09-15 10:30:00,33.00,67.00,1011.00,,,0
AWS-KOL-ULB-01,Uluberia,42805,SYNTHETIC_NEIGHBOR,2026-09-15 10:30:00,33.26,62.99,1010.74,,,0
AWS-KOL-ALP-01,Kolkata / Alipore,42807,SYNTHETIC_NEIGHBOR,2026-09-15 11:00:00,34.89,61.59,1010.29,,,0
AWS-KOL-CAN-01,Canning,42812,SYNTHETIC_NEIGHBOR,2026-09-15 11:00:00,35.22,61.32,1010.08,,,0
AWS-KOL-DUM-01,Kolkata / Dum Dum,42809,REAL_BASELINE,2026-09-15 11:00:00,34.00,63.00,1010.00,,,0
AWS-KOL-ULB-01,Uluberia,42805,SYNTHETIC_NEIGHBOR,2026-09-15 11:00:00,34.55,60.77,1010.39,,,0
AWS-KOL-ALP-01,Kolkata / Alipore,42807,SYNTHETIC_NEIGHBOR,2026-09-15 11:30:00,33.65,64.36,1010.62,,,0
AWS-KOL-CAN-01,Canning,42812,SYNTHETIC_NEIGHBOR,2026-09-15 11:30:00,34.07,61.55,1010.56,,,0
AWS-KOL-DUM-01,Kolkata / Dum Dum,42809,REAL_BASELINE,2026-09-15 11:30:00,33.00,67.00,1010.00,,,0
AWS-KOL-ULB-01,Uluberia,42805,SYNTHETIC_NEIGHBOR,2026-09-15 11:30:00,32.96,66.47,1009.77,,,0
AWS-KOL-ALP-01,Kolkata / Alipore,42807,SYNTHETIC_NEIGHBOR,2026-09-15 12:00:00,33.26,62.09,1009.68,,,0
AWS-KOL-CAN-01,Canning,42812,SYNTHETIC_NEIGHBOR,2026-09-15 12:00:00,34.24,59.17,1010.54,,,0
AWS-KOL-DUM-01,Kolkata / Dum Dum,42809,REAL_BASELINE,2026-09-15 12:00:00,33.00,63.00,1009.00,,,0
AWS-KOL-ULB-01,Uluberia,42805,SYNTHETIC_NEIGHBOR,2026-09-15 12:00:00,33.31,62.59,1008.41,,,0
AWS-KOL-ALP-01,Kolkata / Alipore,42807,SYNTHETIC_NEIGHBOR,2026-09-15 12:30:00,33.90,61.02,1009.76,,,0
AWS-KOL-CAN-01,Canning,42812,SYNTHETIC_NEIGHBOR,2026-09-15 12:30:00,34.20,58.34,1009.06,,,0
AWS-KOL-DUM-01,Kolkata / Dum Dum,42809,REAL_BASELINE,2026-09-15 12:30:00,33.00,63.00,1009.00,,,0
AWS-KOL-ULB-01,Uluberia,42805,SYNTHETIC_NEIGHBOR,2026-09-15 12:30:00,33.33,61.29,1008.29,,,0
AWS-KOL-ALP-01,Kolkata / Alipore,42807,SYNTHETIC_NEIGHBOR,2026-09-15 13:00:00,35.14,59.06,1006.98,,,0
AWS-KOL-CAN-01,Canning,42812,SYNTHETIC_NEIGHBOR,2026-09-15 13:00:00,34.55,53.13,1009.01,,,0
AWS-KOL-DUM-01,Kolkata / Dum Dum,42809,REAL_BASELINE,2026-09-15 13:00:00,34.00,59.00,1008.00,,,0
AWS-KOL-ULB-01,Uluberia,42805,SYNTHETIC_NEIGHBOR,2026-09-15 13:00:00,35.34,55.74,1007.98,,,0
AWS-KOL-ALP-01,Kolkata / Alipore,42807,SYNTHETIC_NEIGHBOR,2026-09-15 13:30:00,35.17,60.32,1008.18,,,0
AWS-KOL-CAN-01,Canning,42812,SYNTHETIC_NEIGHBOR,2026-09-15 13:30:00,35.63,59.54,1008.52,,,0
AWS-KOL-DUM-01,Kolkata / Dum Dum,42809,REAL_BASELINE,2026-09-15 13:30:00,34.00,63.00,1007.00,,,0
AWS-KOL-ULB-01,Uluberia,42805,SYNTHETIC_NEIGHBOR,2026-09-15 13:30:00,34.73,59.49,1007.08,,,0
AWS-KOL-ALP-01,Kolkata / Alipore,42807,SYNTHETIC_NEIGHBOR,2026-09-15 14:00:00,34.48,61.43,1006.55,,,0
AWS-KOL-CAN-01,Canning,42812,SYNTHETIC_NEIGHBOR,2026-09-15 14:00:00,34.95,59.86,1007.89,,,0
AWS-KOL-DUM-01,Kolkata / Dum Dum,42809,REAL_BASELINE,2026-09-15 14:00:00,34.00,63.00,1007.00,,,0
AWS-KOL-ULB-01,Uluberia,42805,SYNTHETIC_NEIGHBOR,2026-09-15 14:00:00,34.88,62.36,1008.20,,,0
AWS-KOL-ALP-01,Kolkata / Alipore,42807,SYNTHETIC_NEIGHBOR,2026-09-15 14:30:00,35.16,63.26,1003.93,,,0
AWS-KOL-CAN-01,Canning,42812,SYNTHETIC_NEIGHBOR,2026-09-15 14:30:00,35.03,60.58,1005.97,,,0
AWS-KOL-DUM-01,Kolkata / Dum Dum,42809,REAL_BASELINE,2026-09-15 14:30:00,34.00,63.00,1006.00,,,0
AWS-KOL-ULB-01,Uluberia,42805,SYNTHETIC_NEIGHBOR,2026-09-15 14:30:00,34.22,63.35,1006.23,,,0
AWS-KOL-ALP-01,Kolkata / Alipore,42807,SYNTHETIC_NEIGHBOR,2026-09-15 15:00:00,34.58,64.47,1006.10,,,0
AWS-KOL-CAN-01,Canning,42812,SYNTHETIC_NEIGHBOR,2026-09-15 15:00:00,35.69,59.49,1006.97,,,0
AWS-KOL-DUM-01,Kolkata / Dum Dum,42809,REAL_BASELINE,2026-09-15 15:00:00,34.00,63.00,1006.00,,,0
AWS-KOL-ULB-01,Uluberia,42805,SYNTHETIC_NEIGHBOR,2026-09-15 15:00:00,34.27,60.62,1006.04,,,0
AWS-KOL-ALP-01,Kolkata / Alipore,42807,SYNTHETIC_NEIGHBOR,2026-09-15 15:30:00,32.22,70.54,1006.48,,,0
AWS-KOL-CAN-01,Canning,42812,SYNTHETIC_NEIGHBOR,2026-09-15 15:30:00,33.15,69.14,1006.17,,,0
AWS-KOL-DUM-01,Kolkata / Dum Dum,42809,REAL_BASELINE,2026-09-15 15:30:00,32.00,71.00,1006.00,,,0
AWS-KOL-ULB-01,Uluberia,42805,SYNTHETIC_NEIGHBOR,2026-09-15 15:30:00,31.71,71.03,1005.24,,,0
AWS-KOL-ALP-01,Kolkata / Alipore,42807,SYNTHETIC_NEIGHBOR,2026-09-15 16:00:00,31.21,73.74,1008.08,,,0
AWS-KOL-CAN-01,Canning,42812,SYNTHETIC_NEIGHBOR,2026-09-15 16:00:00,32.03,70.14,1008.95,,,0
AWS-KOL-DUM-01,Kolkata / Dum Dum,42809,REAL_BASELINE,2026-09-15 16:00:00,31.00,75.00,1007.00,,,0
AWS-KOL-ULB-01,Uluberia,42805,SYNTHETIC_NEIGHBOR,2026-09-15 16:00:00,30.91,75.75,1007.50,,,0
AWS-KOL-ALP-01,Kolkata / Alipore,42807,SYNTHETIC_NEIGHBOR,2026-09-15 16:30:00,31.45,73.14,1006.80,,,0
AWS-KOL-CAN-01,Canning,42812,SYNTHETIC_NEIGHBOR,2026-09-15 16:30:00,32.07,71.46,1007.41,,,0
AWS-KOL-DUM-01,Kolkata / Dum Dum,42809,REAL_BASELINE,2026-09-15 16:30:00,31.00,75.00,1007.00,,,0
AWS-KOL-ULB-01,Uluberia,42805,SYNTHETIC_NEIGHBOR,2026-09-15 16:30:00,30.82,75.53,1006.78,,,0
AWS-KOL-ALP-01,Kolkata / Alipore,42807,SYNTHETIC_NEIGHBOR,2026-09-15 17:00:00,29.98,81.98,1009.37,,,0
AWS-KOL-CAN-01,Canning,42812,SYNTHETIC_NEIGHBOR,2026-09-15 17:00:00,30.50,78.20,1006.94,,,0
AWS-KOL-DUM-01,Kolkata / Dum Dum,42809,REAL_BASELINE,2026-09-15 17:00:00,29.00,84.00,1007.00,,,0
AWS-KOL-ULB-01,Uluberia,42805,SYNTHETIC_NEIGHBOR,2026-09-15 17:00:00,29.09,82.41,1006.04,,,0
AWS-KOL-ALP-01,Kolkata / Alipore,42807,SYNTHETIC_NEIGHBOR,2026-09-15 17:30:00,29.31,82.45,1006.31,,,0
AWS-KOL-CAN-01,Canning,42812,SYNTHETIC_NEIGHBOR,2026-09-15 17:30:00,30.27,81.10,1007.20,,,0
AWS-KOL-DUM-01,Kolkata / Dum Dum,42809,REAL_BASELINE,2026-09-15 17:30:00,29.00,84.00,1007.00,,,0
AWS-KOL-ULB-01,Uluberia,42805,SYNTHETIC_NEIGHBOR,2026-09-15 17:30:00,29.61,83.20,1007.97,,,0
AWS-KOL-ALP-01,Kolkata / Alipore,42807,SYNTHETIC_NEIGHBOR,2026-09-15 18:00:00,29.93,76.88,1007.29,,,0
AWS-KOL-CAN-01,Canning,42812,SYNTHETIC_NEIGHBOR,2026-09-15 18:00:00,30.46,76.31,1006.72,,,0
AWS-KOL-DUM-01,Kolkata / Dum Dum,42809,REAL_BASELINE,2026-09-15 18:00:00,29.00,79.00,1007.00,,,0
AWS-KOL-ULB-01,Uluberia,42805,SYNTHETIC_NEIGHBOR,2026-09-15 18:00:00,29.72,77.01,1007.99,,,0
AWS-KOL-ALP-01,Kolkata / Alipore,42807,SYNTHETIC_NEIGHBOR,2026-09-15 18:30:00,30.76,72.14,1007.40,,,0
AWS-KOL-CAN-01,Canning,42812,SYNTHETIC_NEIGHBOR,2026-09-15 18:30:00,31.80,70.20,1006.70,,,0
AWS-KOL-DUM-01,Kolkata / Dum Dum,42809,REAL_BASELINE,2026-09-15 18:30:00,30.00,75.00,1007.00,,,0
AWS-KOL-ULB-01,Uluberia,42805,SYNTHETIC_NEIGHBOR,2026-09-15 18:30:00,30.31,76.39,1008.31,,,0
AWS-KOL-ALP-01,Kolkata / Alipore,42807,SYNTHETIC_NEIGHBOR,2026-09-15 19:00:00,31.06,73.42,1007.23,,,0
AWS-KOL-CAN-01,Canning,42812,SYNTHETIC_NEIGHBOR,2026-09-15 19:00:00,31.13,75.40,1007.13,,,0
AWS-KOL-DUM-01,Kolkata / Dum Dum,42809,REAL_BASELINE,2026-09-15 19:00:00,30.00,79.00,1007.00,,,0
AWS-KOL-ULB-01,Uluberia,42805,SYNTHETIC_NEIGHBOR,2026-09-15 19:00:00,30.30,75.99,1008.82,,,0
AWS-KOL-ALP-01,Kolkata / Alipore,42807,SYNTHETIC_NEIGHBOR,2026-09-15 19:30:00,30.72,76.39,1007.53,,,0
AWS-KOL-CAN-01,Canning,42812,SYNTHETIC_NEIGHBOR,2026-09-15 19:30:00,31.64,76.64,1009.71,,,0
AWS-KOL-DUM-01,Kolkata / Dum Dum,42809,REAL_BASELINE,2026-09-15 19:30:00,30.00,79.00,1008.00,,,0
AWS-KOL-ULB-01,Uluberia,42805,SYNTHETIC_NEIGHBOR,2026-09-15 19:30:00,30.52,77.23,1007.69,,,0
AWS-KOL-ALP-01,Kolkata / Alipore,42807,SYNTHETIC_NEIGHBOR,2026-09-15 20:00:00,30.43,76.66,1008.88,,,0
AWS-KOL-CAN-01,Canning,42812,SYNTHETIC_NEIGHBOR,2026-09-15 20:00:00,31.11,76.23,1009.43,,,0
AWS-KOL-DUM-01,Kolkata / Dum Dum,42809,REAL_BASELINE,2026-09-15 20:00:00,30.00,79.00,1008.00,,,0
AWS-KOL-ULB-01,Uluberia,42805,SYNTHETIC_NEIGHBOR,2026-09-15 20:00:00,30.24,79.90,1008.49,,,0
AWS-KOL-ALP-01,Kolkata / Alipore,42807,SYNTHETIC_NEIGHBOR,2026-09-15 20:30:00,30.83,77.24,1009.52,,,0
AWS-KOL-CAN-01,Canning,42812,SYNTHETIC_NEIGHBOR,2026-09-15 20:30:00,31.00,74.24,1010.08,,,0
AWS-KOL-DUM-01,Kolkata / Dum Dum,42809,REAL_BASELINE,2026-09-15 20:30:00,30.00,79.00,1009.00,,,0
AWS-KOL-ULB-01,Uluberia,42805,SYNTHETIC_NEIGHBOR,2026-09-15 20:30:00,30.71,77.61,1009.55,,,0
AWS-KOL-ALP-01,Kolkata / Alipore,42807,SYNTHETIC_NEIGHBOR,2026-09-15 21:00:00,30.62,75.94,1009.41,,,0
AWS-KOL-CAN-01,Canning,42812,SYNTHETIC_NEIGHBOR,2026-09-15 21:00:00,31.43,74.40,1009.48,,,0
AWS-KOL-DUM-01,Kolkata / Dum Dum,42809,REAL_BASELINE,2026-09-15 21:00:00,30.00,79.00,1009.00,,,0
AWS-KOL-ULB-01,Uluberia,42805,SYNTHETIC_NEIGHBOR,2026-09-15 21:00:00,30.23,78.47,1008.17,,,0
AWS-KOL-ALP-01,Kolkata / Alipore,42807,SYNTHETIC_NEIGHBOR,2026-09-15 21:30:00,30.80,77.77,1009.54,,,0
AWS-KOL-CAN-01,Canning,42812,SYNTHETIC_NEIGHBOR,2026-09-15 21:30:00,31.10,76.23,1009.13,,,0
AWS-KOL-DUM-01,Kolkata / Dum Dum,42809,REAL_BASELINE,2026-09-15 21:30:00,30.00,79.00,1009.00,,,0
AWS-KOL-ULB-01,Uluberia,42805,SYNTHETIC_NEIGHBOR,2026-09-15 21:30:00,30.13,79.60,1008.27,,,0
AWS-KOL-ALP-01,Kolkata / Alipore,42807,SYNTHETIC_NEIGHBOR,2026-09-15 22:00:00,29.47,81.34,1009.85,,,0
AWS-KOL-CAN-01,Canning,42812,SYNTHETIC_NEIGHBOR,2026-09-15 22:00:00,29.80,79.74,1009.14,,,0
AWS-KOL-DUM-01,Kolkata / Dum Dum,42809,REAL_BASELINE,2026-09-15 22:00:00,29.00,84.00,1009.00,,,0
AWS-KOL-ULB-01,Uluberia,42805,SYNTHETIC_NEIGHBOR,2026-09-15 22:00:00,29.98,82.46,1008.84,,,0
AWS-KOL-ALP-01,Kolkata / Alipore,42807,SYNTHETIC_NEIGHBOR,2026-09-15 22:30:00,29.74,83.87,1008.95,,,0
AWS-KOL-CAN-01,Canning,42812,SYNTHETIC_NEIGHBOR,2026-09-15 22:30:00,29.92,81.16,1010.46,,,0
AWS-KOL-DUM-01,Kolkata / Dum Dum,42809,REAL_BASELINE,2026-09-15 22:30:00,29.00,84.00,1010.00,,,0
AWS-KOL-ULB-01,Uluberia,42805,SYNTHETIC_NEIGHBOR,2026-09-15 22:30:00,28.90,81.95,1010.31,,,0
AWS-KOL-ALP-01,Kolkata / Alipore,42807,SYNTHETIC_NEIGHBOR,2026-09-15 23:00:00,29.81,85.82,1009.25,,,0
AWS-KOL-CAN-01,Canning,42812,SYNTHETIC_NEIGHBOR,2026-09-15 23:00:00,29.78,78.63,1011.58,,,0
AWS-KOL-DUM-01,Kolkata / Dum Dum,42809,REAL_BASELINE,2026-09-15 23:00:00,29.00,84.00,1010.00,,,0
AWS-KOL-ULB-01,Uluberia,42805,SYNTHETIC_NEIGHBOR,2026-09-15 23:00:00,29.09,80.44,1010.77,,,0
AWS-KOL-ALP-01,Kolkata / Alipore,42807,SYNTHETIC_NEIGHBOR,2026-09-15 23:30:00,29.44,84.40,1009.55,,,0
AWS-KOL-CAN-01,Canning,42812,SYNTHETIC_NEIGHBOR,2026-09-15 23:30:00,30.07,82.34,1010.47,,,0
AWS-KOL-DUM-01,Kolkata / Dum Dum,42809,REAL_BASELINE,2026-09-15 23:30:00,29.00,84.00,1009.00,,,0
AWS-KOL-ULB-01,Uluberia,42805,SYNTHETIC_NEIGHBOR,2026-09-15 23:30:00,29.93,82.22,1008.98,,,0
AWS-KOL-ALP-01,Kolkata / Alipore,42807,SYNTHETIC_NEIGHBOR,2026-09-16 00:00:00,30.22,84.20,1009.58,,,0
AWS-KOL-CAN-01,Canning,42812,SYNTHETIC_NEIGHBOR,2026-09-16 00:00:00,30.00,78.86,1008.90,,,0
AWS-KOL-DUM-01,Kolkata / Dum Dum,42809,REAL_BASELINE,2026-09-16 00:00:00,29.00,84.00,1009.00,,,0
AWS-KOL-ULB-01,Uluberia,42805,SYNTHETIC_NEIGHBOR,2026-09-16 00:00:00,29.05,82.81,1008.37,,,0
AWS-KOL-ALP-01,Kolkata / Alipore,42807,SYNTHETIC_NEIGHBOR,2026-09-16 00:30:00,29.95,77.62,1008.84,,,0
AWS-KOL-CAN-01,Canning,42812,SYNTHETIC_NEIGHBOR,2026-09-16 00:30:00,30.06,81.83,1010.27,,,0
AWS-KOL-DUM-01,Kolkata / Dum Dum,42809,REAL_BASELINE,2026-09-16 00:30:00,29.00,84.00,1009.00,,,0
AWS-KOL-ULB-01,Uluberia,42805,SYNTHETIC_NEIGHBOR,2026-09-16 00:30:00,28.97,83.62,1008.47,,,0
AWS-KOL-ALP-01,Kolkata / Alipore,42807,SYNTHETIC_NEIGHBOR,2026-09-16 01:00:00,29.80,80.10,1009.49,,,0
AWS-KOL-CAN-01,Canning,42812,SYNTHETIC_NEIGHBOR,2026-09-16 01:00:00,30.81,84.22,1010.66,,,0
AWS-KOL-DUM-01,Kolkata / Dum Dum,42809,REAL_BASELINE,2026-09-16 01:00:00,29.00,84.00,1009.00,,,0
AWS-KOL-ULB-01,Uluberia,42805,SYNTHETIC_NEIGHBOR,2026-09-16 01:00:00,29.04,82.26,1008.55,,,0
AWS-KOL-ALP-01,Kolkata / Alipore,42807,SYNTHETIC_NEIGHBOR,2026-09-16 01:30:00,29.49,79.23,1008.96,,,0
AWS-KOL-CAN-01,Canning,42812,SYNTHETIC_NEIGHBOR,2026-09-16 01:30:00,30.69,84.60,1010.20,,,0
AWS-KOL-DUM-01,Kolkata / Dum Dum,42809,REAL_BASELINE,2026-09-16 01:30:00,29.00,84.00,1009.00,,,0
AWS-KOL-ULB-01,Uluberia,42805,SYNTHETIC_NEIGHBOR,2026-09-16 01:30:00,29.47,84.29,1008.09,,,0
AWS-KOL-ALP-01,Kolkata / Alipore,42807,SYNTHETIC_NEIGHBOR,2026-09-16 02:00:00,29.40,83.85,1009.24,,,0
AWS-KOL-CAN-01,Canning,42812,SYNTHETIC_NEIGHBOR,2026-09-16 02:00:00,30.17,82.24,1008.57,,,0
AWS-KOL-DUM-01,Kolkata / Dum Dum,42809,REAL_BASELINE,2026-09-16 02:00:00,29.00,84.00,1009.00,,,0
AWS-KOL-ULB-01,Uluberia,42805,SYNTHETIC_NEIGHBOR,2026-09-16 02:00:00,29.81,81.54,1009.59,,,0
AWS-KOL-ALP-01,Kolkata / Alipore,42807,SYNTHETIC_NEIGHBOR,2026-09-16 02:30:00,28.70,88.64,1010.09,,,0
AWS-KOL-CAN-01,Canning,42812,SYNTHETIC_NEIGHBOR,2026-09-16 02:30:00,28.95,87.27,1010.25,,,0
AWS-KOL-DUM-01,Kolkata / Dum Dum,42809,REAL_BASELINE,2026-09-16 02:30:00,28.00,89.00,1009.00,,,0
AWS-KOL-ULB-01,Uluberia,42805,SYNTHETIC_NEIGHBOR,2026-09-16 02:30:00,28.90,87.02,1010.03,,,0
AWS-KOL-ALP-01,Kolkata / Alipore,42807,SYNTHETIC_NEIGHBOR,2026-09-16 03:00:00,28.96,86.47,1010.10,,,0
AWS-KOL-CAN-01,Canning,42812,SYNTHETIC_NEIGHBOR,2026-09-16 03:00:00,29.17,87.35,1009.83,,,0
AWS-KOL-DUM-01,Kolkata / Dum Dum,42809,REAL_BASELINE,2026-09-16 03:00:00,28.00,89.00,1009.00,,,0
AWS-KOL-ULB-01,Uluberia,42805,SYNTHETIC_NEIGHBOR,2026-09-16 03:00:00,28.44,88.21,1009.91,,,0
AWS-KOL-ALP-01,Kolkata / Alipore,42807,SYNTHETIC_NEIGHBOR,2026-09-16 03:30:00,28.67,88.38,1009.82,,,0
AWS-KOL-CAN-01,Canning,42812,SYNTHETIC_NEIGHBOR,2026-09-16 03:30:00,29.00,87.41,1010.93,,,0
AWS-KOL-DUM-01,Kolkata / Dum Dum,42809,REAL_BASELINE,2026-09-16 03:30:00,28.00,89.00,1009.00,,,0
AWS-KOL-ULB-01,Uluberia,42805,SYNTHETIC_NEIGHBOR,2026-09-16 03:30:00,28.58,88.79,1008.60,,,0
AWS-KOL-ALP-01,Kolkata / Alipore,42807,SYNTHETIC_NEIGHBOR,2026-09-16 04:00:00,29.15,89.45,1009.50,,,0
AWS-KOL-CAN-01,Canning,42812,SYNTHETIC_NEIGHBOR,2026-09-16 04:00:00,29.84,89.30,1010.28,,,0
AWS-KOL-DUM-01,Kolkata / Dum Dum,42809,REAL_BASELINE,2026-09-16 04:00:00,28.00,94.00,1009.00,,,0
AWS-KOL-ULB-01,Uluberia,42805,SYNTHETIC_NEIGHBOR,2026-09-16 04:00:00,28.15,94.35,1008.21,,,0
AWS-KOL-ALP-01,Kolkata / Alipore,42807,SYNTHETIC_NEIGHBOR,2026-09-16 04:30:00,28.56,91.21,1009.47,,,0
AWS-KOL-CAN-01,Canning,42812,SYNTHETIC_NEIGHBOR,2026-09-16 04:30:00,28.70,93.54,1010.12,,,0
AWS-KOL-DUM-01,Kolkata / Dum Dum,42809,REAL_BASELINE,2026-09-16 04:30:00,28.00,94.00,1009.00,,,0
AWS-KOL-ULB-01,Uluberia,42805,SYNTHETIC_NEIGHBOR,2026-09-16 04:30:00,28.23,95.82,1009.18,,,0
AWS-KOL-ALP-01,Kolkata / Alipore,42807,SYNTHETIC_NEIGHBOR,2026-09-16 05:00:00,28.79,92.82,1010.51,,,0
AWS-KOL-CAN-01,Canning,42812,SYNTHETIC_NEIGHBOR,2026-09-16 05:00:00,29.36,88.74,1009.96,,,0
AWS-KOL-DUM-01,Kolkata / Dum Dum,42809,REAL_BASELINE,2026-09-16 05:00:00,28.00,94.00,1009.00,,,0
AWS-KOL-ULB-01,Uluberia,42805,SYNTHETIC_NEIGHBOR,2026-09-16 05:00:00,28.55,93.02,1008.75,,,0
AWS-KOL-ALP-01,Kolkata / Alipore,42807,SYNTHETIC_NEIGHBOR,2026-09-16 05:30:00,28.42,89.34,1009.74,,,0
AWS-KOL-CAN-01,Canning,42812,SYNTHETIC_NEIGHBOR,2026-09-16 05:30:00,29.01,89.59,1010.26,,,0
AWS-KOL-DUM-01,Kolkata / Dum Dum,42809,REAL_BASELINE,2026-09-16 05:30:00,28.00,94.00,1009.00,,,0
AWS-KOL-ULB-01,Uluberia,42805,SYNTHETIC_NEIGHBOR,2026-09-16 05:30:00,28.78,91.14,1008.95,,,0
AWS-KOL-ALP-01,Kolkata / Alipore,42807,SYNTHETIC_NEIGHBOR,2026-09-16 06:00:00,28.56,93.27,1009.67,,,0
AWS-KOL-CAN-01,Canning,42812,SYNTHETIC_NEIGHBOR,2026-09-16 06:00:00,29.02,91.50,1010.48,,,0
AWS-KOL-DUM-01,Kolkata / Dum Dum,42809,REAL_BASELINE,2026-09-16 06:00:00,28.00,94.00,1010.00,,,0
AWS-KOL-ULB-01,Uluberia,42805,SYNTHETIC_NEIGHBOR,2026-09-16 06:00:00,28.04,93.17,1009.56,,,0
AWS-KOL-ALP-01,Kolkata / Alipore,42807,SYNTHETIC_NEIGHBOR,2026-09-16 06:30:00,29.60,89.66,1010.28,,,0
AWS-KOL-CAN-01,Canning,42812,SYNTHETIC_NEIGHBOR,2026-09-16 06:30:00,30.25,84.84,1009.84,,,0
AWS-KOL-DUM-01,Kolkata / Dum Dum,42809,REAL_BASELINE,2026-09-16 06:30:00,29.00,89.00,1010.00,,,0
AWS-KOL-ULB-01,Uluberia,42805,SYNTHETIC_NEIGHBOR,2026-09-16 06:30:00,29.46,89.91,1011.08,,,0
AWS-KOL-ALP-01,Kolkata / Alipore,42807,SYNTHETIC_NEIGHBOR,2026-09-16 07:00:00,30.70,86.54,1010.54,,,0
AWS-KOL-CAN-01,Canning,42812,SYNTHETIC_NEIGHBOR,2026-09-16 07:00:00,29.91,89.10,1011.59,,,0
AWS-KOL-DUM-01,Kolkata / Dum Dum,42809,REAL_BASELINE,2026-09-16 07:00:00,29.00,89.00,1010.00,,,0
AWS-KOL-ULB-01,Uluberia,42805,SYNTHETIC_NEIGHBOR,2026-09-16 07:00:00,29.74,89.09,1010.11,,,0
AWS-KOL-ALP-01,Kolkata / Alipore,42807,SYNTHETIC_NEIGHBOR,2026-09-16 07:30:00,29.81,84.80,1011.87,,,0
AWS-KOL-CAN-01,Canning,42812,SYNTHETIC_NEIGHBOR,2026-09-16 07:30:00,31.39,79.16,1012.51,,,0
AWS-KOL-DUM-01,Kolkata / Dum Dum,42809,REAL_BASELINE,2026-09-16 07:30:00,30.00,84.00,1011.00,,,0
AWS-KOL-ULB-01,Uluberia,42805,SYNTHETIC_NEIGHBOR,2026-09-16 07:30:00,30.50,83.43,1010.43,,,0
AWS-KOL-ALP-01,Kolkata / Alipore,42807,SYNTHETIC_NEIGHBOR,2026-09-16 08:00:00,31.31,77.26,1011.33,,,0
AWS-KOL-CAN-01,Canning,42812,SYNTHETIC_NEIGHBOR,2026-09-16 08:00:00,31.94,78.89,1011.59,,,0
AWS-KOL-DUM-01,Kolkata / Dum Dum,42809,REAL_BASELINE,2026-09-16 08:00:00,31.00,79.00,1011.00,,,0
AWS-KOL-ULB-01,Uluberia,42805,SYNTHETIC_NEIGHBOR,2026-09-16 08:00:00,31.38,78.57,1012.23,,,0
AWS-KOL-ALP-01,Kolkata / Alipore,42807,SYNTHETIC_NEIGHBOR,2026-09-16 08:30:00,31.43,73.06,1010.51,,,0
AWS-KOL-CAN-01,Canning,42812,SYNTHETIC_NEIGHBOR,2026-09-16 08:30:00,32.67,72.35,1012.01,,,0
AWS-KOL-DUM-01,Kolkata / Dum Dum,42809,REAL_BASELINE,2026-09-16 08:30:00,31.00,75.00,1011.00,,,0
AWS-KOL-ULB-01,Uluberia,42805,SYNTHETIC_NEIGHBOR,2026-09-16 08:30:00,31.50,77.34,1011.12,,,0
AWS-KOL-ALP-01,Kolkata / Alipore,42807,SYNTHETIC_NEIGHBOR,2026-09-16 09:00:00,32.50,72.33,1012.12,,,0
AWS-KOL-CAN-01,Canning,42812,SYNTHETIC_NEIGHBOR,2026-09-16 09:00:00,33.51,72.49,1011.45,,,0
AWS-KOL-DUM-01,Kolkata / Dum Dum,42809,REAL_BASELINE,2026-09-16 09:00:00,32.00,75.00,1011.00,,,0
AWS-KOL-ULB-01,Uluberia,42805,SYNTHETIC_NEIGHBOR,2026-09-16 09:00:00,32.59,75.13,1011.27,,,0
AWS-KOL-ALP-01,Kolkata / Alipore,42807,SYNTHETIC_NEIGHBOR,2026-09-16 09:30:00,32.65,70.19,1011.68,,,0
AWS-KOL-CAN-01,Canning,42812,SYNTHETIC_NEIGHBOR,2026-09-16 09:30:00,33.13,67.16,1010.70,,,0
AWS-KOL-DUM-01,Kolkata / Dum Dum,42809,REAL_BASELINE,2026-09-16 09:30:00,32.00,71.00,1011.00,,,0
AWS-KOL-ULB-01,Uluberia,42805,SYNTHETIC_NEIGHBOR,2026-09-16 09:30:00,32.61,69.85,1012.28,,,0
AWS-KOL-ALP-01,Kolkata / Alipore,42807,SYNTHETIC_NEIGHBOR,2026-09-16 10:00:00,33.08,61.79,1010.82,,,0
AWS-KOL-CAN-01,Canning,42812,SYNTHETIC_NEIGHBOR,2026-09-16 10:00:00,34.06,60.61,1011.10,,,0
AWS-KOL-DUM-01,Kolkata / Dum Dum,42809,REAL_BASELINE,2026-09-16 10:00:00,33.00,63.00,1010.00,,,0
AWS-KOL-ULB-01,Uluberia,42805,SYNTHETIC_NEIGHBOR,2026-09-16 10:00:00,33.59,61.63,1007.98,,,0
AWS-KOL-ALP-01,Kolkata / Alipore,42807,SYNTHETIC_NEIGHBOR,2026-09-16 10:30:00,33.73,65.49,1009.89,,,0
AWS-KOL-CAN-01,Canning,42812,SYNTHETIC_NEIGHBOR,2026-09-16 10:30:00,33.84,64.73,1011.18,,,0
AWS-KOL-DUM-01,Kolkata / Dum Dum,42809,REAL_BASELINE,2026-09-16 10:30:00,33.00,67.00,1010.00,,,0
AWS-KOL-ULB-01,Uluberia,42805,SYNTHETIC_NEIGHBOR,2026-09-16 10:30:00,33.95,64.51,1011.03,,,0
AWS-KOL-ALP-01,Kolkata / Alipore,42807,SYNTHETIC_NEIGHBOR,2026-09-16 11:00:00,34.71,56.43,1010.75,,,0
AWS-KOL-CAN-01,Canning,42812,SYNTHETIC_NEIGHBOR,2026-09-16 11:00:00,35.61,54.65,1012.00,,,0
AWS-KOL-DUM-01,Kolkata / Dum Dum,42809,REAL_BASELINE,2026-09-16 11:00:00,34.00,59.00,1010.00,,,0
AWS-KOL-ULB-01,Uluberia,42805,SYNTHETIC_NEIGHBOR,2026-09-16 11:00:00,34.41,55.88,1009.40,,,0
AWS-KOL-ALP-01,Kolkata / Alipore,42807,SYNTHETIC_NEIGHBOR,2026-09-16 11:30:00,35.08,56.24,1010.46,,,0
AWS-KOL-CAN-01,Canning,42812,SYNTHETIC_NEIGHBOR,2026-09-16 11:30:00,35.34,55.46,1011.59,,,0
AWS-KOL-DUM-01,Kolkata / Dum Dum,42809,REAL_BASELINE,2026-09-16 11:30:00,34.00,59.00,1010.00,,,0
AWS-KOL-ULB-01,Uluberia,42805,SYNTHETIC_NEIGHBOR,2026-09-16 11:30:00,34.23,56.14,1008.59,,,0
AWS-KOL-ALP-01,Kolkata / Alipore,42807,SYNTHETIC_NEIGHBOR,2026-09-16 12:00:00,34.66,53.86,1010.27,,,0
AWS-KOL-CAN-01,Canning,42812,SYNTHETIC_NEIGHBOR,2026-09-16 12:00:00,35.05,54.58,1009.70,,,0
AWS-KOL-DUM-01,Kolkata / Dum Dum,42809,REAL_BASELINE,2026-09-16 12:00:00,34.00,56.00,1009.00,,,0
AWS-KOL-ULB-01,Uluberia,42805,SYNTHETIC_NEIGHBOR,2026-09-16 12:00:00,35.00,53.20,1008.92,,,0
AWS-KOL-ALP-01,Kolkata / Alipore,42807,SYNTHETIC_NEIGHBOR,2026-09-16 12:30:00,35.94,56.40,1008.99,,,0
AWS-KOL-CAN-01,Canning,42812,SYNTHETIC_NEIGHBOR,2026-09-16 12:30:00,35.83,54.75,1008.89,,,0
AWS-KOL-DUM-01,Kolkata / Dum Dum,42809,REAL_BASELINE,2026-09-16 12:30:00,35.00,56.00,1008.00,,,0
AWS-KOL-ULB-01,Uluberia,42805,SYNTHETIC_NEIGHBOR,2026-09-16 12:30:00,34.83,54.24,1007.96,,,0
AWS-KOL-ALP-01,Kolkata / Alipore,42807,SYNTHETIC_NEIGHBOR,2026-09-16 13:00:00,34.42,59.75,1007.78,,,0
AWS-KOL-CAN-01,Canning,42812,SYNTHETIC_NEIGHBOR,2026-09-16 13:00:00,35.70,53.99,1006.73,,,0
AWS-KOL-DUM-01,Kolkata / Dum Dum,42809,REAL_BASELINE,2026-09-16 13:00:00,34.00,59.00,1007.00,,,0
AWS-KOL-ULB-01,Uluberia,42805,SYNTHETIC_NEIGHBOR,2026-09-16 13:00:00,34.56,58.12,1007.80,,,0
AWS-KOL-ALP-01,Kolkata / Alipore,42807,SYNTHETIC_NEIGHBOR,2026-09-16 13:30:00,34.93,57.55,1007.96,,,0
AWS-KOL-CAN-01,Canning,42812,SYNTHETIC_NEIGHBOR,2026-09-16 13:30:00,35.33,56.04,1009.28,,,0
AWS-KOL-DUM-01,Kolkata / Dum Dum,42809,REAL_BASELINE,2026-09-16 13:30:00,34.00,59.00,1007.00,,,0
AWS-KOL-ULB-01,Uluberia,42805,SYNTHETIC_NEIGHBOR,2026-09-16 13:30:00,34.85,56.09,1006.09,,,0
AWS-KOL-ALP-01,Kolkata / Alipore,42807,SYNTHETIC_NEIGHBOR,2026-09-16 14:00:00,35.18,56.42,1006.31,,,0
AWS-KOL-CAN-01,Canning,42812,SYNTHETIC_NEIGHBOR,2026-09-16 14:00:00,35.13,56.31,1006.61,,,0
AWS-KOL-DUM-01,Kolkata / Dum Dum,42809,REAL_BASELINE,2026-09-16 14:00:00,34.00,59.00,1006.00,,,0
AWS-KOL-ULB-01,Uluberia,42805,SYNTHETIC_NEIGHBOR,2026-09-16 14:00:00,33.98,54.99,1004.53,,,0
AWS-KOL-ALP-01,Kolkata / Alipore,42807,SYNTHETIC_NEIGHBOR,2026-09-16 14:30:00,34.33,59.62,1005.74,,,0
AWS-KOL-CAN-01,Canning,42812,SYNTHETIC_NEIGHBOR,2026-09-16 14:30:00,35.29,57.70,1007.82,,,0
AWS-KOL-DUM-01,Kolkata / Dum Dum,42809,REAL_BASELINE,2026-09-16 14:30:00,34.00,59.00,1006.00,,,0
AWS-KOL-ULB-01,Uluberia,42805,SYNTHETIC_NEIGHBOR,2026-09-16 14:30:00,34.21,59.43,1005.94,,,0
AWS-KOL-ALP-01,Kolkata / Alipore,42807,SYNTHETIC_NEIGHBOR,2026-09-16 15:00:00,36.02,56.22,1003.48,REGIONAL_WEATHER_SCENARIO,GENUINE_WEATHER_SCENARIO,1
AWS-KOL-CAN-01,Canning,42812,SYNTHETIC_NEIGHBOR,2026-09-16 15:00:00,36.99,53.12,1004.13,REGIONAL_WEATHER_SCENARIO,GENUINE_WEATHER_SCENARIO,1
AWS-KOL-DUM-01,Kolkata / Dum Dum,42809,REAL_BASELINE,2026-09-16 15:00:00,36.00,56.00,1003.00,REGIONAL_WEATHER_SCENARIO,GENUINE_WEATHER_SCENARIO,1
AWS-KOL-ULB-01,Uluberia,42805,SYNTHETIC_NEIGHBOR,2026-09-16 15:00:00,36.46,53.34,1003.08,REGIONAL_WEATHER_SCENARIO,GENUINE_WEATHER_SCENARIO,1
AWS-KOL-ALP-01,Kolkata / Alipore,42807,SYNTHETIC_NEIGHBOR,2026-09-16 15:30:00,36.81,55.66,1003.25,REGIONAL_WEATHER_SCENARIO,GENUINE_WEATHER_SCENARIO,1
AWS-KOL-CAN-01,Canning,42812,SYNTHETIC_NEIGHBOR,2026-09-16 15:30:00,36.92,53.53,1004.77,REGIONAL_WEATHER_SCENARIO,GENUINE_WEATHER_SCENARIO,1
AWS-KOL-DUM-01,Kolkata / Dum Dum,42809,REAL_BASELINE,2026-09-16 15:30:00,36.00,56.00,1003.00,REGIONAL_WEATHER_SCENARIO,GENUINE_WEATHER_SCENARIO,1
AWS-KOL-ULB-01,Uluberia,42805,SYNTHETIC_NEIGHBOR,2026-09-16 15:30:00,36.19,56.06,1003.93,REGIONAL_WEATHER_SCENARIO,GENUINE_WEATHER_SCENARIO,1
AWS-KOL-ALP-01,Kolkata / Alipore,42807,SYNTHETIC_NEIGHBOR,2026-09-16 16:00:00,37.07,56.65,1003.60,REGIONAL_WEATHER_SCENARIO,GENUINE_WEATHER_SCENARIO,1
AWS-KOL-CAN-01,Canning,42812,SYNTHETIC_NEIGHBOR,2026-09-16 16:00:00,37.79,54.99,1003.32,REGIONAL_WEATHER_SCENARIO,GENUINE_WEATHER_SCENARIO,1
AWS-KOL-DUM-01,Kolkata / Dum Dum,42809,REAL_BASELINE,2026-09-16 16:00:00,36.00,56.00,1003.00,REGIONAL_WEATHER_SCENARIO,GENUINE_WEATHER_SCENARIO,1
AWS-KOL-ULB-01,Uluberia,42805,SYNTHETIC_NEIGHBOR,2026-09-16 16:00:00,36.51,55.50,1002.72,REGIONAL_WEATHER_SCENARIO,GENUINE_WEATHER_SCENARIO,1
AWS-KOL-ALP-01,Kolkata / Alipore,42807,SYNTHETIC_NEIGHBOR,2026-09-16 16:30:00,36.58,50.74,1003.90,REGIONAL_WEATHER_SCENARIO,GENUINE_WEATHER_SCENARIO,1
AWS-KOL-CAN-01,Canning,42812,SYNTHETIC_NEIGHBOR,2026-09-16 16:30:00,37.60,54.67,1004.84,REGIONAL_WEATHER_SCENARIO,GENUINE_WEATHER_SCENARIO,1
AWS-KOL-DUM-01,Kolkata / Dum Dum,42809,REAL_BASELINE,2026-09-16 16:30:00,36.00,56.00,1003.00,REGIONAL_WEATHER_SCENARIO,GENUINE_WEATHER_SCENARIO,1
AWS-KOL-ULB-01,Uluberia,42805,SYNTHETIC_NEIGHBOR,2026-09-16 16:30:00,36.19,54.86,1004.28,REGIONAL_WEATHER_SCENARIO,GENUINE_WEATHER_SCENARIO,1
AWS-KOL-ALP-01,Kolkata / Alipore,42807,SYNTHETIC_NEIGHBOR,2026-09-16 17:00:00,34.08,63.90,1004.75,,,0
AWS-KOL-CAN-01,Canning,42812,SYNTHETIC_NEIGHBOR,2026-09-16 17:00:00,34.22,61.77,1006.94,,,0
AWS-KOL-DUM-01,Kolkata / Dum Dum,42809,REAL_BASELINE,2026-09-16 17:00:00,33.00,67.00,1006.00,,,0
AWS-KOL-ULB-01,Uluberia,42805,SYNTHETIC_NEIGHBOR,2026-09-16 17:00:00,33.74,63.41,1006.39,,,0
AWS-KOL-ALP-01,Kolkata / Alipore,42807,SYNTHETIC_NEIGHBOR,2026-09-16 17:30:00,32.27,73.90,1006.44,,,0
AWS-KOL-CAN-01,Canning,42812,SYNTHETIC_NEIGHBOR,2026-09-16 17:30:00,33.47,65.75,1005.41,,,0
AWS-KOL-DUM-01,Kolkata / Dum Dum,42809,REAL_BASELINE,2026-09-16 17:30:00,32.00,71.00,1006.00,,,0
AWS-KOL-ULB-01,Uluberia,42805,SYNTHETIC_NEIGHBOR,2026-09-16 17:30:00,32.06,68.46,1007.02,,,0
AWS-KOL-ALP-01,Kolkata / Alipore,42807,SYNTHETIC_NEIGHBOR,2026-09-16 18:00:00,32.30,70.91,1006.70,,,0
AWS-KOL-CAN-01,Canning,42812,SYNTHETIC_NEIGHBOR,2026-09-16 18:00:00,33.26,63.21,1006.52,,,0
AWS-KOL-DUM-01,Kolkata / Dum Dum,42809,REAL_BASELINE,2026-09-16 18:00:00,32.00,71.00,1006.00,,,0
AWS-KOL-ULB-01,Uluberia,42805,SYNTHETIC_NEIGHBOR,2026-09-16 18:00:00,32.74,70.98,1006.30,,,0
AWS-KOL-ALP-01,Kolkata / Alipore,42807,SYNTHETIC_NEIGHBOR,2026-09-16 18:30:00,32.20,69.68,1007.58,,,0
AWS-KOL-CAN-01,Canning,42812,SYNTHETIC_NEIGHBOR,2026-09-16 18:30:00,33.13,68.50,1007.40,,,0
AWS-KOL-DUM-01,Kolkata / Dum Dum,42809,REAL_BASELINE,2026-09-16 18:30:00,32.00,71.00,1007.00,,,0
AWS-KOL-ULB-01,Uluberia,42805,SYNTHETIC_NEIGHBOR,2026-09-16 18:30:00,31.70,69.12,1006.72,,,0
AWS-KOL-ALP-01,Kolkata / Alipore,42807,SYNTHETIC_NEIGHBOR,2026-09-16 19:00:00,32.13,74.51,1008.36,,,0
AWS-KOL-CAN-01,Canning,42812,SYNTHETIC_NEIGHBOR,2026-09-16 19:00:00,32.11,72.73,1009.95,,,0
AWS-KOL-DUM-01,Kolkata / Dum Dum,42809,REAL_BASELINE,2026-09-16 19:00:00,31.00,75.00,1008.00,,,0
AWS-KOL-ULB-01,Uluberia,42805,SYNTHETIC_NEIGHBOR,2026-09-16 19:00:00,31.06,73.03,1009.01,,,0
AWS-KOL-ALP-01,Kolkata / Alipore,42807,SYNTHETIC_NEIGHBOR,2026-09-16 19:30:00,30.87,81.49,1009.21,,,0
AWS-KOL-CAN-01,Canning,42812,SYNTHETIC_NEIGHBOR,2026-09-16 19:30:00,31.49,78.93,1009.09,,,0
AWS-KOL-DUM-01,Kolkata / Dum Dum,42809,REAL_BASELINE,2026-09-16 19:30:00,30.00,84.00,1008.00,,,0
AWS-KOL-ULB-01,Uluberia,42805,SYNTHETIC_NEIGHBOR,2026-09-16 19:30:00,30.40,86.08,1008.63,,,0
AWS-KOL-ALP-01,Kolkata / Alipore,42807,SYNTHETIC_NEIGHBOR,2026-09-16 20:00:00,30.87,82.52,1009.76,,,0
AWS-KOL-CAN-01,Canning,42812,SYNTHETIC_NEIGHBOR,2026-09-16 20:00:00,30.81,78.18,1010.17,,,0
AWS-KOL-DUM-01,Kolkata / Dum Dum,42809,REAL_BASELINE,2026-09-16 20:00:00,30.00,84.00,1009.00,,,0
AWS-KOL-ULB-01,Uluberia,42805,SYNTHETIC_NEIGHBOR,2026-09-16 20:00:00,30.54,82.34,1007.80,,,0
AWS-KOL-ALP-01,Kolkata / Alipore,42807,SYNTHETIC_NEIGHBOR,2026-09-16 20:30:00,30.32,78.39,1009.49,,,0
AWS-KOL-CAN-01,Canning,42812,SYNTHETIC_NEIGHBOR,2026-09-16 20:30:00,31.08,74.06,1010.09,,,0
AWS-KOL-DUM-01,Kolkata / Dum Dum,42809,REAL_BASELINE,2026-09-16 20:30:00,30.00,79.00,1009.00,,,0
AWS-KOL-ULB-01,Uluberia,42805,SYNTHETIC_NEIGHBOR,2026-09-16 20:30:00,30.35,77.83,1008.85,,,0
AWS-KOL-ALP-01,Kolkata / Alipore,42807,SYNTHETIC_NEIGHBOR,2026-09-16 21:00:00,30.75,82.82,1008.96,,,0
AWS-KOL-CAN-01,Canning,42812,SYNTHETIC_NEIGHBOR,2026-09-16 21:00:00,31.88,79.47,1010.02,,,0
AWS-KOL-DUM-01,Kolkata / Dum Dum,42809,REAL_BASELINE,2026-09-16 21:00:00,30.00,84.00,1009.00,,,0
AWS-KOL-ULB-01,Uluberia,42805,SYNTHETIC_NEIGHBOR,2026-09-16 21:00:00,29.86,81.44,1009.84,,,0
AWS-KOL-ALP-01,Kolkata / Alipore,42807,SYNTHETIC_NEIGHBOR,2026-09-16 21:30:00,30.95,82.65,1008.93,,,0
AWS-KOL-CAN-01,Canning,42812,SYNTHETIC_NEIGHBOR,2026-09-16 21:30:00,31.42,78.86,1010.65,,,0
AWS-KOL-DUM-01,Kolkata / Dum Dum,42809,REAL_BASELINE,2026-09-16 21:30:00,30.00,84.00,1009.00,,,0
AWS-KOL-ULB-01,Uluberia,42805,SYNTHETIC_NEIGHBOR,2026-09-16 21:30:00,29.48,82.64,1008.64,,,0
AWS-KOL-ALP-01,Kolkata / Alipore,42807,SYNTHETIC_NEIGHBOR,2026-09-16 22:00:00,31.15,81.86,1010.27,,,0
AWS-KOL-CAN-01,Canning,42812,SYNTHETIC_NEIGHBOR,2026-09-16 22:00:00,31.81,81.37,1008.75,,,0
AWS-KOL-DUM-01,Kolkata / Dum Dum,42809,REAL_BASELINE,2026-09-16 22:00:00,30.00,84.00,1009.00,,,0
AWS-KOL-ULB-01,Uluberia,42805,SYNTHETIC_NEIGHBOR,2026-09-16 22:00:00,30.14,82.27,1009.48,,,0
AWS-KOL-ALP-01,Kolkata / Alipore,42807,SYNTHETIC_NEIGHBOR,2026-09-16 22:30:00,29.83,84.90,1009.95,,,0
AWS-KOL-CAN-01,Canning,42812,SYNTHETIC_NEIGHBOR,2026-09-16 22:30:00,29.94,85.13,1010.08,,,0
AWS-KOL-DUM-01,Kolkata / Dum Dum,42809,REAL_BASELINE,2026-09-16 22:30:00,29.00,89.00,1009.00,,,0
AWS-KOL-ULB-01,Uluberia,42805,SYNTHETIC_NEIGHBOR,2026-09-16 22:30:00,29.35,90.94,1010.00,,,0
AWS-KOL-ALP-01,Kolkata / Alipore,42807,SYNTHETIC_NEIGHBOR,2026-09-16 23:00:00,29.24,85.41,1009.20,,,0
AWS-KOL-CAN-01,Canning,42812,SYNTHETIC_NEIGHBOR,2026-09-16 23:00:00,30.34,86.80,1008.92,,,0
AWS-KOL-DUM-01,Kolkata / Dum Dum,42809,REAL_BASELINE,2026-09-16 23:00:00,29.00,89.00,1008.00,,,0
AWS-KOL-ULB-01,Uluberia,42805,SYNTHETIC_NEIGHBOR,2026-09-16 23:00:00,29.83,89.38,1008.75,,,0
AWS-KOL-ALP-01,Kolkata / Alipore,42807,SYNTHETIC_NEIGHBOR,2026-09-16 23:30:00,29.46,88.48,1007.27,,,0
AWS-KOL-CAN-01,Canning,42812,SYNTHETIC_NEIGHBOR,2026-09-16 23:30:00,30.22,84.55,1008.36,,,0
AWS-KOL-DUM-01,Kolkata / Dum Dum,42809,REAL_BASELINE,2026-09-16 23:30:00,29.00,89.00,1008.00,,,0
AWS-KOL-ULB-01,Uluberia,42805,SYNTHETIC_NEIGHBOR,2026-09-16 23:30:00,29.07,84.57,1009.07,,,0
AWS-KOL-ALP-01,Kolkata / Alipore,42807,SYNTHETIC_NEIGHBOR,2026-09-17 00:00:00,29.63,87.02,1007.75,,,0
AWS-KOL-CAN-01,Canning,42812,SYNTHETIC_NEIGHBOR,2026-09-17 00:00:00,30.67,87.99,1007.60,,,0
AWS-KOL-DUM-01,Kolkata / Dum Dum,42809,REAL_BASELINE,2026-09-17 00:00:00,29.00,89.00,1007.00,,,0
AWS-KOL-ULB-01,Uluberia,42805,SYNTHETIC_NEIGHBOR,2026-09-17 00:00:00,29.47,86.45,1007.71,,,0
AWS-KOL-ALP-01,Kolkata / Alipore,42807,SYNTHETIC_NEIGHBOR,2026-09-17 00:30:00,29.71,88.96,1007.98,,,0
AWS-KOL-CAN-01,Canning,42812,SYNTHETIC_NEIGHBOR,2026-09-17 00:30:00,30.57,86.57,1007.96,,,0
AWS-KOL-DUM-01,Kolkata / Dum Dum,42809,REAL_BASELINE,2026-09-17 00:30:00,29.00,89.00,1007.00,,,0
AWS-KOL-ULB-01,Uluberia,42805,SYNTHETIC_NEIGHBOR,2026-09-17 00:30:00,28.97,88.80,1008.38,,,0
AWS-KOL-ALP-01,Kolkata / Alipore,42807,SYNTHETIC_NEIGHBOR,2026-09-17 01:00:00,29.55,86.14,1007.83,,,0
AWS-KOL-CAN-01,Canning,42812,SYNTHETIC_NEIGHBOR,2026-09-17 01:00:00,30.89,83.65,1006.21,,,0
AWS-KOL-DUM-01,Kolkata / Dum Dum,42809,REAL_BASELINE,2026-09-17 01:00:00,29.00,89.00,1007.00,,,0
AWS-KOL-ULB-01,Uluberia,42805,SYNTHETIC_NEIGHBOR,2026-09-17 01:00:00,29.18,88.33,1007.10,,,0
AWS-KOL-ALP-01,Kolkata / Alipore,42807,SYNTHETIC_NEIGHBOR,2026-09-17 01:30:00,29.61,86.44,1006.95,,,0
AWS-KOL-CAN-01,Canning,42812,SYNTHETIC_NEIGHBOR,2026-09-17 01:30:00,30.01,86.40,1008.30,,,0
AWS-KOL-DUM-01,Kolkata / Dum Dum,42809,REAL_BASELINE,2026-09-17 01:30:00,29.00,89.00,1007.00,,,0
AWS-KOL-ULB-01,Uluberia,42805,SYNTHETIC_NEIGHBOR,2026-09-17 01:30:00,28.85,91.09,1007.51,,,0
AWS-KOL-ALP-01,Kolkata / Alipore,42807,SYNTHETIC_NEIGHBOR,2026-09-17 02:00:00,29.89,86.77,1007.58,,,0
AWS-KOL-CAN-01,Canning,42812,SYNTHETIC_NEIGHBOR,2026-09-17 02:00:00,29.91,88.62,1008.89,,,0
AWS-KOL-DUM-01,Kolkata / Dum Dum,42809,REAL_BASELINE,2026-09-17 02:00:00,29.00,89.00,1007.00,,,0
AWS-KOL-ULB-01,Uluberia,42805,SYNTHETIC_NEIGHBOR,2026-09-17 02:00:00,29.32,85.75,1006.99,,,0
AWS-KOL-ALP-01,Kolkata / Alipore,42807,SYNTHETIC_NEIGHBOR,2026-09-17 02:30:00,29.91,86.56,1006.84,,,0
AWS-KOL-CAN-01,Canning,42812,SYNTHETIC_NEIGHBOR,2026-09-17 02:30:00,30.36,84.09,1008.83,,,0
AWS-KOL-DUM-01,Kolkata / Dum Dum,42809,REAL_BASELINE,2026-09-17 02:30:00,29.00,89.00,1007.00,,,0
AWS-KOL-ULB-01,Uluberia,42805,SYNTHETIC_NEIGHBOR,2026-09-17 02:30:00,29.73,89.21,1006.70,,,0
AWS-KOL-ALP-01,Kolkata / Alipore,42807,SYNTHETIC_NEIGHBOR,2026-09-17 03:00:00,29.77,89.30,1005.93,,,0
AWS-KOL-CAN-01,Canning,42812,SYNTHETIC_NEIGHBOR,2026-09-17 03:00:00,30.37,88.19,1009.17,,,0
AWS-KOL-DUM-01,Kolkata / Dum Dum,42809,REAL_BASELINE,2026-09-17 03:00:00,29.00,89.00,1007.00,,,0
AWS-KOL-ULB-01,Uluberia,42805,SYNTHETIC_NEIGHBOR,2026-09-17 03:00:00,29.07,88.68,1007.93,,,0
AWS-KOL-ALP-01,Kolkata / Alipore,42807,SYNTHETIC_NEIGHBOR,2026-09-17 03:30:00,30.12,83.91,1005.99,,,0
AWS-KOL-CAN-01,Canning,42812,SYNTHETIC_NEIGHBOR,2026-09-17 03:30:00,30.35,86.56,1007.81,,,0
AWS-KOL-DUM-01,Kolkata / Dum Dum,42809,REAL_BASELINE,2026-09-17 03:30:00,29.00,89.00,1007.00,,,0
AWS-KOL-ULB-01,Uluberia,42805,SYNTHETIC_NEIGHBOR,2026-09-17 03:30:00,29.29,90.43,1008.23,,,0
AWS-KOL-ALP-01,Kolkata / Alipore,42807,SYNTHETIC_NEIGHBOR,2026-09-17 04:00:00,29.49,87.66,1006.59,,,0
AWS-KOL-CAN-01,Canning,42812,SYNTHETIC_NEIGHBOR,2026-09-17 04:00:00,30.91,83.00,1007.15,,,0
AWS-KOL-DUM-01,Kolkata / Dum Dum,42809,REAL_BASELINE,2026-09-17 04:00:00,29.00,89.00,1007.00,,,0
AWS-KOL-ULB-01,Uluberia,42805,SYNTHETIC_NEIGHBOR,2026-09-17 04:00:00,29.09,86.29,1008.09,,,0
AWS-KOL-ALP-01,Kolkata / Alipore,42807,SYNTHETIC_NEIGHBOR,2026-09-17 04:30:00,30.51,87.59,1007.16,,,0
AWS-KOL-CAN-01,Canning,42812,SYNTHETIC_NEIGHBOR,2026-09-17 04:30:00,30.55,83.98,1008.84,,,0
AWS-KOL-DUM-01,Kolkata / Dum Dum,42809,REAL_BASELINE,2026-09-17 04:30:00,29.00,89.00,1007.00,,,0
AWS-KOL-ULB-01,Uluberia,42805,SYNTHETIC_NEIGHBOR,2026-09-17 04:30:00,29.39,88.86,1006.72,,,0
AWS-KOL-ALP-01,Kolkata / Alipore,42807,SYNTHETIC_NEIGHBOR,2026-09-17 05:00:00,29.63,84.43,1007.41,,,0
AWS-KOL-CAN-01,Canning,42812,SYNTHETIC_NEIGHBOR,2026-09-17 05:00:00,30.61,82.26,1007.19,,,0
AWS-KOL-DUM-01,Kolkata / Dum Dum,42809,REAL_BASELINE,2026-09-17 05:00:00,29.00,89.00,1007.00,,,0
AWS-KOL-ULB-01,Uluberia,42805,SYNTHETIC_NEIGHBOR,2026-09-17 05:00:00,29.23,87.58,1007.14,,,0
AWS-KOL-ALP-01,Kolkata / Alipore,42807,SYNTHETIC_NEIGHBOR,2026-09-17 05:30:00,28.68,92.84,1007.38,,,0
AWS-KOL-CAN-01,Canning,42812,SYNTHETIC_NEIGHBOR,2026-09-17 05:30:00,28.71,91.39,1008.74,,,0
AWS-KOL-DUM-01,Kolkata / Dum Dum,42809,REAL_BASELINE,2026-09-17 05:30:00,28.00,94.00,1007.00,,,0
AWS-KOL-ULB-01,Uluberia,42805,SYNTHETIC_NEIGHBOR,2026-09-17 05:30:00,28.49,89.89,1007.36,,,0
AWS-KOL-ALP-01,Kolkata / Alipore,42807,SYNTHETIC_NEIGHBOR,2026-09-17 06:00:00,29.87,90.50,1007.45,,,0
AWS-KOL-CAN-01,Canning,42812,SYNTHETIC_NEIGHBOR,2026-09-17 06:00:00,30.75,93.47,1007.99,,,0
AWS-KOL-DUM-01,Kolkata / Dum Dum,42809,REAL_BASELINE,2026-09-17 06:00:00,29.00,94.00,1007.00,,,0
AWS-KOL-ULB-01,Uluberia,42805,SYNTHETIC_NEIGHBOR,2026-09-17 06:00:00,29.58,92.76,1006.91,,,0
AWS-KOL-ALP-01,Kolkata / Alipore,42807,SYNTHETIC_NEIGHBOR,2026-09-17 06:30:00,30.18,93.94,1007.83,,,0
AWS-KOL-CAN-01,Canning,42812,SYNTHETIC_NEIGHBOR,2026-09-17 06:30:00,30.12,93.36,1008.63,,,0
AWS-KOL-DUM-01,Kolkata / Dum Dum,42809,REAL_BASELINE,2026-09-17 06:30:00,29.00,94.00,1007.00,,,0
AWS-KOL-ULB-01,Uluberia,42805,SYNTHETIC_NEIGHBOR,2026-09-17 06:30:00,28.95,95.17,1007.32,,,0
AWS-KOL-ALP-01,Kolkata / Alipore,42807,SYNTHETIC_NEIGHBOR,2026-09-17 07:00:00,29.80,88.67,1007.38,,,0
AWS-KOL-CAN-01,Canning,42812,SYNTHETIC_NEIGHBOR,2026-09-17 07:00:00,30.65,89.21,1009.47,,,0
AWS-KOL-DUM-01,Kolkata / Dum Dum,42809,REAL_BASELINE,2026-09-17 07:00:00,29.00,94.00,1008.00,,,0
AWS-KOL-ULB-01,Uluberia,42805,SYNTHETIC_NEIGHBOR,2026-09-17 07:00:00,28.94,90.56,1009.54,,,0
AWS-KOL-ALP-01,Kolkata / Alipore,42807,SYNTHETIC_NEIGHBOR,2026-09-17 07:30:00,31.02,87.01,1008.56,,,0
AWS-KOL-CAN-01,Canning,42812,SYNTHETIC_NEIGHBOR,2026-09-17 07:30:00,31.05,86.38,1009.73,,,0
AWS-KOL-DUM-01,Kolkata / Dum Dum,42809,REAL_BASELINE,2026-09-17 07:30:00,30.00,89.00,1008.00,,,0
AWS-KOL-ULB-01,Uluberia,42805,SYNTHETIC_NEIGHBOR,2026-09-17 07:30:00,30.25,89.01,1007.02,,,0
AWS-KOL-ALP-01,Kolkata / Alipore,42807,SYNTHETIC_NEIGHBOR,2026-09-17 08:00:00,31.33,88.98,1009.38,,,0
AWS-KOL-CAN-01,Canning,42812,SYNTHETIC_NEIGHBOR,2026-09-17 08:00:00,31.18,88.24,1009.55,,,0
AWS-KOL-DUM-01,Kolkata / Dum Dum,42809,REAL_BASELINE,2026-09-17 08:00:00,30.00,89.00,1009.00,,,0
AWS-KOL-ULB-01,Uluberia,42805,SYNTHETIC_NEIGHBOR,2026-09-17 08:00:00,30.53,87.50,1008.55,,,0
AWS-KOL-ALP-01,Kolkata / Alipore,42807,SYNTHETIC_NEIGHBOR,2026-09-17 08:30:00,32.06,76.49,1009.72,,,0
AWS-KOL-CAN-01,Canning,42812,SYNTHETIC_NEIGHBOR,2026-09-17 08:30:00,32.18,75.46,1009.78,,,0
AWS-KOL-DUM-01,Kolkata / Dum Dum,42809,REAL_BASELINE,2026-09-17 08:30:00,31.00,79.00,1009.00,,,0
AWS-KOL-ULB-01,Uluberia,42805,SYNTHETIC_NEIGHBOR,2026-09-17 08:30:00,31.17,79.48,1009.14,,,0
AWS-KOL-ALP-01,Kolkata / Alipore,42807,SYNTHETIC_NEIGHBOR,2026-09-17 09:00:00,33.00,78.59,1010.26,,,0
AWS-KOL-CAN-01,Canning,42812,SYNTHETIC_NEIGHBOR,2026-09-17 09:00:00,33.13,76.91,1009.78,,,0
AWS-KOL-DUM-01,Kolkata / Dum Dum,42809,REAL_BASELINE,2026-09-17 09:00:00,32.00,79.00,1009.00,,,0
AWS-KOL-ULB-01,Uluberia,42805,SYNTHETIC_NEIGHBOR,2026-09-17 09:00:00,32.39,76.82,1008.87,,,0
AWS-KOL-ALP-01,Kolkata / Alipore,42807,SYNTHETIC_NEIGHBOR,2026-09-17 09:30:00,32.92,72.65,1008.89,,,0
AWS-KOL-CAN-01,Canning,42812,SYNTHETIC_NEIGHBOR,2026-09-17 09:30:00,33.60,72.24,1009.05,,,0
AWS-KOL-DUM-01,Kolkata / Dum Dum,42809,REAL_BASELINE,2026-09-17 09:30:00,32.00,75.00,1009.00,,,0
AWS-KOL-ULB-01,Uluberia,42805,SYNTHETIC_NEIGHBOR,2026-09-17 09:30:00,32.44,76.12,1009.97,,,0
AWS-KOL-ALP-01,Kolkata / Alipore,42807,SYNTHETIC_NEIGHBOR,2026-09-17 10:00:00,32.51,71.37,1009.14,,,0
AWS-KOL-CAN-01,Canning,42812,SYNTHETIC_NEIGHBOR,2026-09-17 10:00:00,33.77,72.90,1008.29,,,0
AWS-KOL-DUM-01,Kolkata / Dum Dum,42809,REAL_BASELINE,2026-09-17 10:00:00,32.00,75.00,1009.00,,,0
AWS-KOL-ULB-01,Uluberia,42805,SYNTHETIC_NEIGHBOR,2026-09-17 10:00:00,32.70,70.03,1010.55,,,0
AWS-KOL-ALP-01,Kolkata / Alipore,42807,SYNTHETIC_NEIGHBOR,2026-09-17 10:30:00,33.00,72.54,1009.47,,,0
AWS-KOL-CAN-01,Canning,42812,SYNTHETIC_NEIGHBOR,2026-09-17 10:30:00,33.53,70.73,1010.22,,,0
AWS-KOL-DUM-01,Kolkata / Dum Dum,42809,REAL_BASELINE,2026-09-17 10:30:00,32.00,75.00,1009.00,,,0
AWS-KOL-ULB-01,Uluberia,42805,SYNTHETIC_NEIGHBOR,2026-09-17 10:30:00,32.35,73.66,1010.27,,,0
AWS-KOL-ALP-01,Kolkata / Alipore,42807,SYNTHETIC_NEIGHBOR,2026-09-17 11:00:00,32.99,65.59,1008.42,,,0
AWS-KOL-CAN-01,Canning,42812,SYNTHETIC_NEIGHBOR,2026-09-17 11:00:00,34.24,62.42,1011.68,,,0
AWS-KOL-DUM-01,Kolkata / Dum Dum,42809,REAL_BASELINE,2026-09-17 11:00:00,33.00,67.00,1009.00,,,0
AWS-KOL-ULB-01,Uluberia,42805,SYNTHETIC_NEIGHBOR,2026-09-17 11:00:00,33.22,65.90,1008.77,,,0
AWS-KOL-ALP-01,Kolkata / Alipore,42807,SYNTHETIC_NEIGHBOR,2026-09-17 11:30:00,34.01,68.33,1007.94,,,0
AWS-KOL-CAN-01,Canning,42812,SYNTHETIC_NEIGHBOR,2026-09-17 11:30:00,34.95,68.92,1009.09,,,0
AWS-KOL-DUM-01,Kolkata / Dum Dum,42809,REAL_BASELINE,2026-09-17 11:30:00,33.00,71.00,1008.00,,,0
AWS-KOL-ULB-01,Uluberia,42805,SYNTHETIC_NEIGHBOR,2026-09-17 11:30:00,34.24,68.75,1007.63,,,0
AWS-KOL-ALP-01,Kolkata / Alipore,42807,SYNTHETIC_NEIGHBOR,2026-09-17 12:00:00,33.42,71.56,1007.97,,,0
AWS-KOL-CAN-01,Canning,42812,SYNTHETIC_NEIGHBOR,2026-09-17 12:00:00,34.72,66.44,1007.63,,,0
AWS-KOL-DUM-01,Kolkata / Dum Dum,42809,REAL_BASELINE,2026-09-17 12:00:00,33.00,71.00,1008.00,,,0
AWS-KOL-ULB-01,Uluberia,42805,SYNTHETIC_NEIGHBOR,2026-09-17 12:00:00,33.12,70.69,1009.03,,,0
AWS-KOL-ALP-01,Kolkata / Alipore,42807,SYNTHETIC_NEIGHBOR,2026-09-17 12:30:00,31.16,82.87,1007.88,,,0
AWS-KOL-CAN-01,Canning,42812,SYNTHETIC_NEIGHBOR,2026-09-17 12:30:00,30.37,81.38,1007.93,,,0
AWS-KOL-DUM-01,Kolkata / Dum Dum,42809,REAL_BASELINE,2026-09-17 12:30:00,30.00,84.00,1007.00,,,0
AWS-KOL-ULB-01,Uluberia,42805,SYNTHETIC_NEIGHBOR,2026-09-17 12:30:00,30.29,81.93,1007.82,,,0
AWS-KOL-ALP-01,Kolkata / Alipore,42807,SYNTHETIC_NEIGHBOR,2026-09-17 13:00:00,29.10,85.76,1007.26,,,0
AWS-KOL-CAN-01,Canning,42812,SYNTHETIC_NEIGHBOR,2026-09-17 13:00:00,29.02,84.14,1007.68,,,0
AWS-KOL-DUM-01,Kolkata / Dum Dum,42809,REAL_BASELINE,2026-09-17 13:00:00,28.00,84.00,1007.00,,,0
AWS-KOL-ULB-01,Uluberia,42805,SYNTHETIC_NEIGHBOR,2026-09-17 13:00:00,28.22,80.65,1007.49,,,0
AWS-KOL-ALP-01,Kolkata / Alipore,42807,SYNTHETIC_NEIGHBOR,2026-09-17 13:30:00,26.91,99.79,1006.56,,,0
AWS-KOL-CAN-01,Canning,42812,SYNTHETIC_NEIGHBOR,2026-09-17 13:30:00,27.49,97.63,1007.26,,,0
AWS-KOL-DUM-01,Kolkata / Dum Dum,42809,REAL_BASELINE,2026-09-17 13:30:00,26.00,100.00,1006.00,,,0
AWS-KOL-ULB-01,Uluberia,42805,SYNTHETIC_NEIGHBOR,2026-09-17 13:30:00,26.81,100.00,1006.33,,,0
AWS-KOL-ALP-01,Kolkata / Alipore,42807,SYNTHETIC_NEIGHBOR,2026-09-17 14:00:00,26.51,93.82,1005.00,,,0
AWS-KOL-CAN-01,Canning,42812,SYNTHETIC_NEIGHBOR,2026-09-17 14:00:00,27.25,89.40,1007.39,,,0
AWS-KOL-DUM-01,Kolkata / Dum Dum,42809,REAL_BASELINE,2026-09-17 14:00:00,26.00,94.00,1005.00,,,0
AWS-KOL-ULB-01,Uluberia,42805,SYNTHETIC_NEIGHBOR,2026-09-17 14:00:00,26.06,94.38,1005.67,,,0
AWS-KOL-ALP-01,Kolkata / Alipore,42807,SYNTHETIC_NEIGHBOR,2026-09-17 14:30:00,28.01,87.18,1006.46,,,0
AWS-KOL-CAN-01,Canning,42812,SYNTHETIC_NEIGHBOR,2026-09-17 14:30:00,28.23,80.80,1006.37,,,0
AWS-KOL-DUM-01,Kolkata / Dum Dum,42809,REAL_BASELINE,2026-09-17 14:30:00,27.00,89.00,1006.00,,,0
AWS-KOL-ULB-01,Uluberia,42805,SYNTHETIC_NEIGHBOR,2026-09-17 14:30:00,27.88,86.51,1006.29,,,0
AWS-KOL-ALP-01,Kolkata / Alipore,42807,SYNTHETIC_NEIGHBOR,2026-09-17 15:00:00,28.62,85.35,1005.05,,,0
AWS-KOL-CAN-01,Canning,42812,SYNTHETIC_NEIGHBOR,2026-09-17 15:00:00,28.21,82.10,1005.29,,,0
AWS-KOL-DUM-01,Kolkata / Dum Dum,42809,REAL_BASELINE,2026-09-17 15:00:00,27.00,89.00,1005.00,,,0
AWS-KOL-ULB-01,Uluberia,42805,SYNTHETIC_NEIGHBOR,2026-09-17 15:00:00,26.90,89.20,1005.03,,,0
AWS-KOL-ALP-01,Kolkata / Alipore,42807,SYNTHETIC_NEIGHBOR,2026-09-17 15:30:00,26.95,88.97,1007.08,,,0
AWS-KOL-CAN-01,Canning,42812,SYNTHETIC_NEIGHBOR,2026-09-17 15:30:00,28.17,87.41,1007.31,,,0
AWS-KOL-DUM-01,Kolkata / Dum Dum,42809,REAL_BASELINE,2026-09-17 15:30:00,27.00,89.00,1006.00,,,0
AWS-KOL-ULB-01,Uluberia,42805,SYNTHETIC_NEIGHBOR,2026-09-17 15:30:00,27.08,88.69,1006.33,,,0
AWS-KOL-ALP-01,Kolkata / Alipore,42807,SYNTHETIC_NEIGHBOR,2026-09-17 16:00:00,27.41,85.55,1007.69,,,0
AWS-KOL-CAN-01,Canning,42812,SYNTHETIC_NEIGHBOR,2026-09-17 16:00:00,29.11,85.41,1008.05,,,0
AWS-KOL-DUM-01,Kolkata / Dum Dum,42809,REAL_BASELINE,2026-09-17 16:00:00,27.00,89.00,1007.00,,,0
AWS-KOL-ULB-01,Uluberia,42805,SYNTHETIC_NEIGHBOR,2026-09-17 16:00:00,27.03,87.73,1007.06,,,0
AWS-KOL-ALP-01,Kolkata / Alipore,42807,SYNTHETIC_NEIGHBOR,2026-09-17 16:30:00,27.57,91.18,1007.37,,,0
AWS-KOL-CAN-01,Canning,42812,SYNTHETIC_NEIGHBOR,2026-09-17 16:30:00,28.10,92.96,1009.33,,,0
AWS-KOL-DUM-01,Kolkata / Dum Dum,42809,REAL_BASELINE,2026-09-17 16:30:00,27.00,94.00,1007.00,,,0
AWS-KOL-ULB-01,Uluberia,42805,SYNTHETIC_NEIGHBOR,2026-09-17 16:30:00,27.13,92.51,1007.50,,,0
AWS-KOL-ALP-01,Kolkata / Alipore,42807,SYNTHETIC_NEIGHBOR,2026-09-17 17:00:00,27.90,85.90,1007.00,,,0
AWS-KOL-CAN-01,Canning,42812,SYNTHETIC_NEIGHBOR,2026-09-17 17:00:00,28.51,82.67,1009.45,,,0
AWS-KOL-DUM-01,Kolkata / Dum Dum,42809,REAL_BASELINE,2026-09-17 17:00:00,27.00,89.00,1007.00,,,0
AWS-KOL-ULB-01,Uluberia,42805,SYNTHETIC_NEIGHBOR,2026-09-17 17:00:00,27.51,87.53,1007.09,,,0
AWS-KOL-ALP-01,Kolkata / Alipore,42807,SYNTHETIC_NEIGHBOR,2026-09-17 17:30:00,26.32,95.66,1007.34,,,0
AWS-KOL-CAN-01,Canning,42812,SYNTHETIC_NEIGHBOR,2026-09-17 17:30:00,27.15,93.88,1008.62,,,0
AWS-KOL-DUM-01,Kolkata / Dum Dum,42809,REAL_BASELINE,2026-09-17 17:30:00,26.00,94.00,1007.00,,,0
AWS-KOL-ULB-01,Uluberia,42805,SYNTHETIC_NEIGHBOR,2026-09-17 17:30:00,26.33,93.90,1006.97,,,0
AWS-KOL-ALP-01,Kolkata / Alipore,42807,SYNTHETIC_NEIGHBOR,2026-09-17 18:00:00,26.57,91.96,1007.61,,,0
AWS-KOL-CAN-01,Canning,42812,SYNTHETIC_NEIGHBOR,2026-09-17 18:00:00,27.68,94.14,1006.38,,,0
AWS-KOL-DUM-01,Kolkata / Dum Dum,42809,REAL_BASELINE,2026-09-17 18:00:00,26.00,94.00,1007.00,,,0
AWS-KOL-ULB-01,Uluberia,42805,SYNTHETIC_NEIGHBOR,2026-09-17 18:00:00,27.21,94.74,1007.21,,,0
AWS-KOL-ALP-01,Kolkata / Alipore,42807,SYNTHETIC_NEIGHBOR,2026-09-17 18:30:00,26.55,89.00,1008.24,,,0
AWS-KOL-CAN-01,Canning,42812,SYNTHETIC_NEIGHBOR,2026-09-17 18:30:00,26.92,91.94,1007.61,,,0
AWS-KOL-DUM-01,Kolkata / Dum Dum,42809,REAL_BASELINE,2026-09-17 18:30:00,26.00,94.00,1007.00,,,0
AWS-KOL-ULB-01,Uluberia,42805,SYNTHETIC_NEIGHBOR,2026-09-17 18:30:00,25.83,94.00,1007.54,,,0
AWS-KOL-ALP-01,Kolkata / Alipore,42807,SYNTHETIC_NEIGHBOR,2026-09-17 19:00:00,26.37,93.95,1009.66,,,0
AWS-KOL-CAN-01,Canning,42812,SYNTHETIC_NEIGHBOR,2026-09-17 19:00:00,27.47,91.41,1008.39,,,0
AWS-KOL-DUM-01,Kolkata / Dum Dum,42809,REAL_BASELINE,2026-09-17 19:00:00,26.00,94.00,1008.00,,,0
AWS-KOL-ULB-01,Uluberia,42805,SYNTHETIC_NEIGHBOR,2026-09-17 19:00:00,26.04,92.46,1008.25,,,0
AWS-KOL-ALP-01,Kolkata / Alipore,42807,SYNTHETIC_NEIGHBOR,2026-09-17 19:30:00,26.70,91.97,1009.14,,,0
AWS-KOL-CAN-01,Canning,42812,SYNTHETIC_NEIGHBOR,2026-09-17 19:30:00,27.50,88.87,1007.06,,,0
AWS-KOL-DUM-01,Kolkata / Dum Dum,42809,REAL_BASELINE,2026-09-17 19:30:00,26.00,94.00,1007.00,,,0
AWS-KOL-ULB-01,Uluberia,42805,SYNTHETIC_NEIGHBOR,2026-09-17 19:30:00,25.79,91.43,1007.61,,,0
AWS-KOL-ALP-01,Kolkata / Alipore,42807,SYNTHETIC_NEIGHBOR,2026-09-17 20:00:00,26.60,91.10,1007.81,,,0
AWS-KOL-CAN-01,Canning,42812,SYNTHETIC_NEIGHBOR,2026-09-17 20:00:00,27.49,91.30,1007.89,,,0
AWS-KOL-DUM-01,Kolkata / Dum Dum,42809,REAL_BASELINE,2026-09-17 20:00:00,26.00,94.00,1007.00,,,0
AWS-KOL-ULB-01,Uluberia,42805,SYNTHETIC_NEIGHBOR,2026-09-17 20:00:00,26.39,90.73,1005.91,,,0
AWS-KOL-ALP-01,Kolkata / Alipore,42807,SYNTHETIC_NEIGHBOR,2026-09-17 20:30:00,26.42,90.98,1006.83,,,0
AWS-KOL-CAN-01,Canning,42812,SYNTHETIC_NEIGHBOR,2026-09-17 20:30:00,27.24,89.84,1006.99,,,0
AWS-KOL-DUM-01,Kolkata / Dum Dum,42809,REAL_BASELINE,2026-09-17 20:30:00,26.00,94.00,1007.00,,,0
AWS-KOL-ULB-01,Uluberia,42805,SYNTHETIC_NEIGHBOR,2026-09-17 20:30:00,26.36,93.71,1006.86,,,0
AWS-KOL-ALP-01,Kolkata / Alipore,42807,SYNTHETIC_NEIGHBOR,2026-09-17 21:00:00,26.99,92.82,1007.67,,,0
AWS-KOL-CAN-01,Canning,42812,SYNTHETIC_NEIGHBOR,2026-09-17 21:00:00,27.17,91.45,1008.38,,,0
AWS-KOL-DUM-01,Kolkata / Dum Dum,42809,REAL_BASELINE,2026-09-17 21:00:00,26.00,94.00,1007.00,,,0
AWS-KOL-ULB-01,Uluberia,42805,SYNTHETIC_NEIGHBOR,2026-09-17 21:00:00,25.72,95.19,1006.84,,,0
AWS-KOL-ALP-01,Kolkata / Alipore,42807,SYNTHETIC_NEIGHBOR,2026-09-17 21:30:00,27.93,88.12,1008.10,,,0
AWS-KOL-CAN-01,Canning,42812,SYNTHETIC_NEIGHBOR,2026-09-17 21:30:00,27.71,90.56,1009.03,,,0
AWS-KOL-DUM-01,Kolkata / Dum Dum,42809,REAL_BASELINE,2026-09-17 21:30:00,27.00,94.00,1008.00,,,0
AWS-KOL-ULB-01,Uluberia,42805,SYNTHETIC_NEIGHBOR,2026-09-17 21:30:00,27.54,93.10,1007.32,,,0
AWS-KOL-ALP-01,Kolkata / Alipore,42807,SYNTHETIC_NEIGHBOR,2026-09-17 22:00:00,28.16,89.79,1008.16,,,0
AWS-KOL-CAN-01,Canning,42812,SYNTHETIC_NEIGHBOR,2026-09-17 22:00:00,28.03,89.66,1007.92,,,0
AWS-KOL-DUM-01,Kolkata / Dum Dum,42809,REAL_BASELINE,2026-09-17 22:00:00,27.00,94.00,1008.00,,,0
AWS-KOL-ULB-01,Uluberia,42805,SYNTHETIC_NEIGHBOR,2026-09-17 22:00:00,27.78,94.35,1008.25,,,0
AWS-KOL-ALP-01,Kolkata / Alipore,42807,SYNTHETIC_NEIGHBOR,2026-09-17 22:30:00,27.65,96.61,1008.32,,,0
AWS-KOL-CAN-01,Canning,42812,SYNTHETIC_NEIGHBOR,2026-09-17 22:30:00,27.98,96.91,1009.18,,,0
AWS-KOL-DUM-01,Kolkata / Dum Dum,42809,REAL_BASELINE,2026-09-17 22:30:00,27.00,100.00,1008.00,,,0
AWS-KOL-ULB-01,Uluberia,42805,SYNTHETIC_NEIGHBOR,2026-09-17 22:30:00,27.31,99.84,1008.61,,,0
AWS-KOL-ALP-01,Kolkata / Alipore,42807,SYNTHETIC_NEIGHBOR,2026-09-17 23:00:00,26.98,100.00,1007.40,,,0
AWS-KOL-CAN-01,Canning,42812,SYNTHETIC_NEIGHBOR,2026-09-17 23:00:00,26.87,94.59,1008.76,,,0
AWS-KOL-DUM-01,Kolkata / Dum Dum,42809,REAL_BASELINE,2026-09-17 23:00:00,26.00,100.00,1008.00,,,0
AWS-KOL-ULB-01,Uluberia,42805,SYNTHETIC_NEIGHBOR,2026-09-17 23:00:00,25.84,98.28,1008.79,,,0
AWS-KOL-ALP-01,Kolkata / Alipore,42807,SYNTHETIC_NEIGHBOR,2026-09-17 23:30:00,27.96,95.21,1009.00,,,0
AWS-KOL-CAN-01,Canning,42812,SYNTHETIC_NEIGHBOR,2026-09-17 23:30:00,28.65,89.63,1008.65,,,0
AWS-KOL-DUM-01,Kolkata / Dum Dum,42809,REAL_BASELINE,2026-09-17 23:30:00,27.00,94.00,1008.00,,,0
AWS-KOL-ULB-01,Uluberia,42805,SYNTHETIC_NEIGHBOR,2026-09-17 23:30:00,27.71,94.57,1006.86,,,0
